o CoreHousing
v -9.79883671 1.72779942 9.20232582
v -9.94999981 0.00000000 9.20232582
v -9.94999981 0.00000000 6.28232574
v -9.79883671 1.72779942 12.12232590
v -9.94999981 0.00000000 12.12232590
v -9.79883671 1.72779942 15.04232502
v -9.94999981 0.00000000 15.04232502
v -9.79883671 1.72779942 17.96232605
v -9.94999981 0.00000000 17.96232605
v -9.79883671 1.72779942 20.88232613
v -9.94999981 0.00000000 20.88232613
v -9.34994125 3.40310049 9.20232582
v -9.79883671 1.72779942 6.28232574
v -9.34994125 3.40310049 12.12232590
v -9.34994125 3.40310049 15.04232502
v -9.34994125 3.40310049 17.96232605
v -9.34994125 3.40310049 20.88232613
v -8.61695290 4.97499990 9.20232582
v -9.34994125 3.40310049 6.28232574
v -8.61695290 4.97499990 12.12232590
v -8.61695290 4.97499990 15.04232502
v -8.61695290 4.97499990 17.96232605
v -8.61695290 4.97499990 20.88232613
v -7.62214231 6.39573669 9.20232582
v -8.61695290 4.97499990 6.28232574
v -7.62214231 6.39573669 12.12232590
v -7.62214231 6.39573669 15.04232502
v -7.62214231 6.39573669 17.96232605
v -7.62214231 6.39573669 20.88232613
v -6.39573669 7.62214231 9.20232582
v -7.62214231 6.39573669 6.28232574
v -6.39573669 7.62214231 12.12232590
v -6.39573669 7.62214231 15.04232502
v -6.39573669 7.62214231 17.96232605
v -6.39573669 7.62214231 20.88232613
v -4.97499990 8.61695290 9.20232582
v -6.39573669 7.62214231 6.28232574
v -4.97499990 8.61695290 12.12232590
v -4.97499990 8.61695290 15.04232502
v -4.97499990 8.61695290 17.96232605
v -4.97499990 8.61695290 20.88232613
v -3.40310049 9.34994125 9.20232582
v -4.97499990 8.61695290 6.28232574
v -3.40310049 9.34994125 12.12232590
v -3.40310049 9.34994125 15.04232502
v -3.40310049 9.34994125 17.96232605
v -3.40310049 9.34994125 20.88232613
v -1.72779942 9.79883671 9.20232582
v -3.40310049 9.34994125 6.28232574
v -1.72779942 9.79883671 12.12232590
v -1.72779942 9.79883671 15.04232502
v -1.72779942 9.79883671 17.96232605
v -1.72779942 9.79883671 20.88232613
v 0.00000000 9.94999981 9.20232582
v -1.72779942 9.79883671 6.28232574
v 0.00000000 9.94999981 12.12232590
v 0.00000000 9.94999981 15.04232502
v 0.00000000 9.94999981 17.96232605
v 0.00000000 9.94999981 20.88232613
v 1.72779942 9.79883671 9.20232582
v 0.00000000 9.94999981 6.28232574
v 1.72779942 9.79883671 12.12232590
v 1.72779942 9.79883671 15.04232502
v 1.72779942 9.79883671 17.96232605
v 1.72779942 9.79883671 20.88232613
v 3.40310049 9.34994125 9.20232582
v 1.72779942 9.79883671 6.28232574
v 3.40310049 9.34994125 12.12232590
v 3.40310049 9.34994125 15.04232502
v 3.40310049 9.34994125 17.96232605
v 3.40310049 9.34994125 20.88232613
v 4.97499990 8.61695290 9.20232582
v 3.40310049 9.34994125 6.28232574
v 4.97499990 8.61695290 12.12232590
v 4.97499990 8.61695290 15.04232502
v 4.97499990 8.61695290 17.96232605
v 4.97499990 8.61695290 20.88232613
v 6.39573669 7.62214231 9.20232582
v 4.97499990 8.61695290 6.28232574
v 6.39573669 7.62214231 12.12232590
v 6.39573669 7.62214231 15.04232502
v 6.39573669 7.62214231 17.96232605
v 6.39573669 7.62214231 20.88232613
v 7.62214231 6.39573669 9.20232582
v 6.39573669 7.62214231 6.28232574
v 7.62214231 6.39573669 12.12232590
v 7.62214231 6.39573669 15.04232502
v 7.62214231 6.39573669 17.96232605
v 7.62214231 6.39573669 20.88232613
v 8.61695290 4.97499990 9.20232582
v 7.62214231 6.39573669 6.28232574
v 8.61695290 4.97499990 12.12232590
v 8.61695290 4.97499990 15.04232502
v 8.61695290 4.97499990 17.96232605
v 8.61695290 4.97499990 20.88232613
v 9.34994125 3.40310049 9.20232582
v 8.61695290 4.97499990 6.28232574
v 9.34994125 3.40310049 12.12232590
v 9.34994125 3.40310049 15.04232502
v 9.34994125 3.40310049 17.96232605
v 9.34994125 3.40310049 20.88232613
v 9.79883671 1.72779942 9.20232582
v 9.34994125 3.40310049 6.28232574
v 9.79883671 1.72779942 12.12232590
v 9.79883671 1.72779942 15.04232502
v 9.79883671 1.72779942 17.96232605
v 9.79883671 1.72779942 20.88232613
v 9.94999981 -0.00000000 9.20232582
v 9.79883671 1.72779942 6.28232574
v 9.94999981 -0.00000000 12.12232590
v 9.94999981 -0.00000000 15.04232502
v 9.94999981 -0.00000000 17.96232605
v 9.94999981 -0.00000000 20.88232613
v 9.79883671 -1.72779942 9.20232582
v 9.94999981 -0.00000000 6.28232574
v 9.79883671 -1.72779942 12.12232590
v 9.79883671 -1.72779942 15.04232502
v 9.79883671 -1.72779942 17.96232605
v 9.79883671 -1.72779942 20.88232613
v 9.34994125 -3.40310049 9.20232582
v 9.79883671 -1.72779942 6.28232574
v 9.34994125 -3.40310049 12.12232590
v 9.34994125 -3.40310049 15.04232502
v 9.34994125 -3.40310049 17.96232605
v 9.34994125 -3.40310049 20.88232613
v 8.61695290 -4.97499990 9.20232582
v 9.34994125 -3.40310049 6.28232574
v 8.61695290 -4.97499990 12.12232590
v 8.61695290 -4.97499990 15.04232502
v 8.61695290 -4.97499990 17.96232605
v 8.61695290 -4.97499990 20.88232613
v 7.62214231 -6.39573669 9.20232582
v 8.61695290 -4.97499990 6.28232574
v 7.62214231 -6.39573669 12.12232590
v 7.62214231 -6.39573669 15.04232502
v 7.62214231 -6.39573669 17.96232605
v 7.62214231 -6.39573669 20.88232613
v 6.39573669 -7.62214231 9.20232582
v 7.62214231 -6.39573669 6.28232574
v 6.39573669 -7.62214231 12.12232590
v 6.39573669 -7.62214231 15.04232502
v 6.39573669 -7.62214231 17.96232605
v 6.39573669 -7.62214231 20.88232613
v 4.97499990 -8.61695290 9.20232582
v 6.39573669 -7.62214231 6.28232574
v 4.97499990 -8.61695290 12.12232590
v 4.97499990 -8.61695290 15.04232502
v 4.97499990 -8.61695290 17.96232605
v 4.97499990 -8.61695290 20.88232613
v 3.40310049 -9.34994125 9.20232582
v 4.97499990 -8.61695290 6.28232574
v 3.40310049 -9.34994125 12.12232590
v 3.40310049 -9.34994125 15.04232502
v 3.40310049 -9.34994125 17.96232605
v 3.40310049 -9.34994125 20.88232613
v 1.72779942 -9.79883671 9.20232582
v 3.40310049 -9.34994125 6.28232574
v 1.72779942 -9.79883671 12.12232590
v 1.72779942 -9.79883671 15.04232502
v 1.72779942 -9.79883671 17.96232605
v 1.72779942 -9.79883671 20.88232613
v -0.00000000 -9.94999981 9.20232582
v 1.72779942 -9.79883671 6.28232574
v -0.00000000 -9.94999981 12.12232590
v -0.00000000 -9.94999981 15.04232502
v -0.00000000 -9.94999981 17.96232605
v -0.00000000 -9.94999981 20.88232613
v -1.72779942 -9.79883671 9.20232582
v -0.00000000 -9.94999981 6.28232574
v -1.72779942 -9.79883671 12.12232590
v -1.72779942 -9.79883671 15.04232502
v -1.72779942 -9.79883671 17.96232605
v -1.72779942 -9.79883671 20.88232613
v -3.40310049 -9.34994125 9.20232582
v -1.72779942 -9.79883671 6.28232574
v -3.40310049 -9.34994125 12.12232590
v -3.40310049 -9.34994125 15.04232502
v -3.40310049 -9.34994125 17.96232605
v -3.40310049 -9.34994125 20.88232613
v -4.97499990 -8.61695290 9.20232582
v -3.40310049 -9.34994125 6.28232574
v -4.97499990 -8.61695290 12.12232590
v -4.97499990 -8.61695290 15.04232502
v -4.97499990 -8.61695290 17.96232605
v -4.97499990 -8.61695290 20.88232613
v -6.39573669 -7.62214231 9.20232582
v -4.97499990 -8.61695290 6.28232574
v -6.39573669 -7.62214231 12.12232590
v -6.39573669 -7.62214231 15.04232502
v -6.39573669 -7.62214231 17.96232605
v -6.39573669 -7.62214231 20.88232613
v -7.62214231 -6.39573669 9.20232582
v -6.39573669 -7.62214231 6.28232574
v -7.62214231 -6.39573669 12.12232590
v -7.62214231 -6.39573669 15.04232502
v -7.62214231 -6.39573669 17.96232605
v -7.62214231 -6.39573669 20.88232613
v -8.61695290 -4.97499990 9.20232582
v -7.62214231 -6.39573669 6.28232574
v -8.61695290 -4.97499990 12.12232590
v -8.61695290 -4.97499990 15.04232502
v -8.61695290 -4.97499990 17.96232605
v -8.61695290 -4.97499990 20.88232613
v -9.34994125 -3.40310049 9.20232582
v -8.61695290 -4.97499990 6.28232574
v -9.34994125 -3.40310049 12.12232590
v -9.34994125 -3.40310049 15.04232502
v -9.34994125 -3.40310049 17.96232605
v -9.34994125 -3.40310049 20.88232613
v -9.79883671 -1.72779942 9.20232582
v -9.34994125 -3.40310049 6.28232574
v -9.79883671 -1.72779942 12.12232590
v -9.79883671 -1.72779942 15.04232502
v -9.79883671 -1.72779942 17.96232605
v -9.79883671 -1.72779942 20.88232613
v -9.79883671 -1.72779942 6.28232574
v 9.98544216 0 6.01845264
v 9.95443726 0 6.18821764
v 9.80320740 1.72856998 6.18821764
v 9.83374119 1.73395395 6.01845264
v 9.35411167 3.40461826 6.18821764
v 9.38324642 3.41522241 6.01845264
v 8.62079620 4.97721863 6.18821764
v 8.64764690 4.99272108 6.01845264
v 7.62554216 6.39858913 6.18821764
v 7.64929247 6.41851854 6.01845264
v 6.39858913 7.62554216 6.18821764
v 6.41851854 7.64929247 6.01845264
v 4.97721863 8.62079620 6.18821764
v 4.99272108 8.64764690 6.01845264
v 3.40461826 9.35411167 6.18821764
v 3.41522241 9.38324642 6.01845264
v 1.72856998 9.80320740 6.18821764
v 1.73395395 9.83374119 6.01845264
v 0.00000000 9.95443726 6.18821764
v 0.00000000 9.98544216 6.01845264
v -1.72856998 9.80320740 6.18821764
v -1.73395395 9.83374119 6.01845264
v -3.40461826 9.35411167 6.18821764
v -3.41522241 9.38324642 6.01845264
v -4.97721863 8.62079620 6.18821764
v -4.99272108 8.64764690 6.01845264
v -6.39858913 7.62554216 6.18821764
v -6.41851854 7.64929247 6.01845264
v -7.62554216 6.39858913 6.18821764
v -7.64929247 6.41851854 6.01845264
v -8.62079620 4.97721863 6.18821764
v -8.64764690 4.99272108 6.01845264
v -9.35411167 3.40461826 6.18821764
v -9.38324642 3.41522241 6.01845264
v -9.80320740 1.72856998 6.18821764
v -9.83374119 1.73395395 6.01845264
v -9.95443726 0.00000000 6.18821764
v -9.98544216 -0.00000000 6.01845264
v -9.80320740 -1.72856998 6.18821764
v -9.83374119 -1.73395395 6.01845264
v -9.35411167 -3.40461826 6.18821764
v -9.38324642 -3.41522241 6.01845264
v -8.62079620 -4.97721863 6.18821764
v -8.64764690 -4.99272108 6.01845264
v -7.62554216 -6.39858913 6.18821764
v -7.64929247 -6.41851854 6.01845264
v -6.39858913 -7.62554216 6.18821764
v -6.41851854 -7.64929247 6.01845264
v -4.97721863 -8.62079620 6.18821764
v -4.99272108 -8.64764690 6.01845264
v -3.40461826 -9.35411167 6.18821764
v -3.41522241 -9.38324642 6.01845264
v -1.72856998 -9.80320740 6.18821764
v -1.73395395 -9.83374119 6.01845264
v -0.00000000 -9.95443726 6.18821764
v -0.00000000 -9.98544216 6.01845264
v 1.72856998 -9.80320740 6.18821764
v 1.73395395 -9.83374119 6.01845264
v 3.40461826 -9.35411167 6.18821764
v 3.41522241 -9.38324642 6.01845264
v 4.97721863 -8.62079620 6.18821764
v 4.99272108 -8.64764690 6.01845264
v 6.39858913 -7.62554216 6.18821764
v 6.41851854 -7.64929247 6.01845264
v 7.62554216 -6.39858913 6.18821764
v 7.64929247 -6.41851854 6.01845264
v 8.62079620 -4.97721863 6.18821764
v 8.64764690 -4.99272108 6.01845264
v 9.35411167 -3.40461826 6.18821764
v 9.38324642 -3.41522241 6.01845264
v 9.80320740 -1.72856998 6.18821764
v 9.83374119 -1.73395395 6.01845264
v 10.04517269 0 5.85654640
v 9.89256382 1.74432600 5.85654640
v 9.43937492 3.43565154 5.85654640
v 8.69937515 5.02258635 5.85654640
v 7.69504929 6.45691252 5.85654640
v 6.45691252 7.69504929 5.85654640
v 5.02258635 8.69937515 5.85654640
v 3.43565154 9.43937492 5.85654640
v 1.74432600 9.89256382 5.85654640
v 0.00000000 10.04517269 5.85654640
v -1.74432600 9.89256382 5.85654640
v -3.43565154 9.43937492 5.85654640
v -5.02258635 8.69937515 5.85654640
v -6.45691252 7.69504929 5.85654640
v -7.69504929 6.45691252 5.85654640
v -8.69937515 5.02258635 5.85654640
v -9.43937492 3.43565154 5.85654640
v -9.89256382 1.74432600 5.85654640
v -10.04517269 0.00000000 5.85654640
v -9.89256382 -1.74432600 5.85654640
v -9.43937492 -3.43565154 5.85654640
v -8.69937515 -5.02258635 5.85654640
v -7.69504929 -6.45691252 5.85654640
v -6.45691252 -7.69504929 5.85654640
v -5.02258635 -8.69937515 5.85654640
v -3.43565154 -9.43937492 5.85654640
v -1.74432600 -9.89256382 5.85654640
v -0.00000000 -10.04517269 5.85654640
v 1.74432600 -9.89256382 5.85654640
v 3.43565154 -9.43937492 5.85654640
v 5.02258635 -8.69937515 5.85654640
v 6.45691252 -7.69504929 5.85654640
v 7.69504929 -6.45691252 5.85654640
v 8.69937515 -5.02258635 5.85654640
v 9.43937492 -3.43565154 5.85654640
v 9.89256382 -1.74432600 5.85654640
v 10.13185024 0 5.70732069
v 9.97792435 1.75937736 5.70732069
v 9.52082539 3.46529698 5.70732069
v 8.77443981 5.06592512 5.70732069
v 7.76144791 6.51262808 5.70732069
v 6.51262808 7.76144791 5.70732069
v 5.06592512 8.77443981 5.70732069
v 3.46529698 9.52082539 5.70732069
v 1.75937736 9.97792435 5.70732069
v 0.00000000 10.13185024 5.70732069
v -1.75937736 9.97792435 5.70732069
v -3.46529698 9.52082539 5.70732069
v -5.06592512 8.77443981 5.70732069
v -6.51262808 7.76144791 5.70732069
v -7.76144791 6.51262808 5.70732069
v -8.77443981 5.06592512 5.70732069
v -9.52082539 3.46529698 5.70732069
v -9.97792435 1.75937736 5.70732069
v -10.13185024 0.00000000 5.70732069
v -9.97792435 -1.75937736 5.70732069
v -9.52082539 -3.46529698 5.70732069
v -8.77443981 -5.06592512 5.70732069
v -7.76144791 -6.51262808 5.70732069
v -6.51262808 -7.76144791 5.70732069
v -5.06592512 -8.77443981 5.70732069
v -3.46529698 -9.52082539 5.70732069
v -1.75937736 -9.97792435 5.70732069
v -0.00000000 -10.13185024 5.70732069
v 1.75937736 -9.97792435 5.70732069
v 3.46529698 -9.52082539 5.70732069
v 5.06592512 -8.77443981 5.70732069
v 6.51262808 -7.76144791 5.70732069
v 7.76144791 -6.51262808 5.70732069
v 8.77443981 -5.06592512 5.70732069
v 9.52082539 -3.46529698 5.70732069
v 9.97792435 -1.75937736 5.70732069
v 10.24289322 0 5.57521915
v 10.08728027 1.77865970 5.57521915
v 9.62517166 3.50327587 5.57521915
v 8.87060547 5.12144661 5.57521915
v 7.84651089 6.58400488 5.57521915
v 6.58400488 7.84651089 5.57521915
v 5.12144661 8.87060547 5.57521915
v 3.50327587 9.62517166 5.57521915
v 1.77865970 10.08728027 5.57521915
v 0.00000000 10.24289322 5.57521915
v -1.77865970 10.08728027 5.57521915
v -3.50327587 9.62517166 5.57521915
v -5.12144661 8.87060547 5.57521915
v -6.58400488 7.84651089 5.57521915
v -7.84651089 6.58400488 5.57521915
v -8.87060547 5.12144661 5.57521915
v -9.62517166 3.50327587 5.57521915
v -10.08728027 1.77865970 5.57521915
v -10.24289322 0.00000000 5.57521915
v -10.08728027 -1.77865970 5.57521915
v -9.62517166 -3.50327587 5.57521915
v -8.87060547 -5.12144661 5.57521915
v -7.84651089 -6.58400488 5.57521915
v -6.58400488 -7.84651089 5.57521915
v -5.12144661 -8.87060547 5.57521915
v -3.50327587 -9.62517166 5.57521915
v -1.77865970 -10.08728027 5.57521915
v -0.00000000 -10.24289322 5.57521915
v 1.77865970 -10.08728027 5.57521915
v 3.50327587 -9.62517166 5.57521915
v 5.12144661 -8.87060547 5.57521915
v 6.58400488 -7.84651089 5.57521915
v 7.84651089 -6.58400488 5.57521915
v 8.87060547 -5.12144661 5.57521915
v 9.62517166 -3.50327587 5.57521915
v 10.08728027 -1.77865970 5.57521915
v 10.37499523 0 5.46417618
v 10.21737480 1.80159891 5.46417618
v 9.74930668 3.54845738 5.46417618
v 8.98500919 5.18749762 5.46417618
v 7.94770670 6.66891813 5.46417618
v 6.66891813 7.94770670 5.46417618
v 5.18749762 8.98500919 5.46417618
v 3.54845738 9.74930668 5.46417618
v 1.80159891 10.21737480 5.46417618
v 0.00000000 10.37499523 5.46417618
v -1.80159891 10.21737480 5.46417618
v -3.54845738 9.74930668 5.46417618
v -5.18749762 8.98500919 5.46417618
v -6.66891813 7.94770670 5.46417618
v -7.94770670 6.66891813 5.46417618
v -8.98500919 5.18749762 5.46417618
v -9.74930668 3.54845738 5.46417618
v -10.21737480 1.80159891 5.46417618
v -10.37499523 0.00000000 5.46417618
v -10.21737480 -1.80159891 5.46417618
v -9.74930668 -3.54845738 5.46417618
v -8.98500919 -5.18749762 5.46417618
v -7.94770670 -6.66891813 5.46417618
v -6.66891813 -7.94770670 5.46417618
v -5.18749762 -8.98500919 5.46417618
v -3.54845738 -9.74930668 5.46417618
v -1.80159891 -10.21737480 5.46417618
v -0.00000000 -10.37499523 5.46417618
v 1.80159891 -10.21737480 5.46417618
v 3.54845738 -9.74930668 5.46417618
v 5.18749762 -8.98500919 5.46417618
v 6.66891813 -7.94770670 5.46417618
v 7.94770670 -6.66891813 5.46417618
v 8.98500919 -5.18749762 5.46417618
v 9.74930668 -3.54845738 5.46417618
v 10.21737480 -1.80159891 5.46417618
v 10.52422047 0 5.37749910
v 10.36433411 1.82751167 5.37749910
v 9.88953304 3.59949541 5.37749910
v 9.11424255 5.26211023 5.37749910
v 8.06202126 6.76483870 5.37749910
v 6.76483870 8.06202126 5.37749910
v 5.26211023 9.11424255 5.37749910
v 3.59949541 9.88953304 5.37749910
v 1.82751167 10.36433411 5.37749910
v 0.00000000 10.52422047 5.37749910
v -1.82751167 10.36433411 5.37749910
v -3.59949541 9.88953304 5.37749910
v -5.26211023 9.11424255 5.37749910
v -6.76483870 8.06202126 5.37749910
v -8.06202126 6.76483870 5.37749910
v -9.11424255 5.26211023 5.37749910
v -9.88953304 3.59949541 5.37749910
v -10.36433411 1.82751167 5.37749910
v -10.52422047 0.00000000 5.37749910
v -10.36433411 -1.82751167 5.37749910
v -9.88953304 -3.59949541 5.37749910
v -9.11424255 -5.26211023 5.37749910
v -8.06202126 -6.76483870 5.37749910
v -6.76483870 -8.06202126 5.37749910
v -5.26211023 -9.11424255 5.37749910
v -3.59949541 -9.88953304 5.37749910
v -1.82751167 -10.36433411 5.37749910
v -0.00000000 -10.52422047 5.37749910
v 1.82751167 -10.36433411 5.37749910
v 3.59949541 -9.88953304 5.37749910
v 5.26211023 -9.11424255 5.37749910
v 6.76483870 -8.06202126 5.37749910
v 8.06202126 -6.76483870 5.37749910
v 9.11424255 -5.26211023 5.37749910
v 9.88953304 -3.59949541 5.37749910
v 10.36433411 -1.82751167 5.37749910
v 10.68612671 0 5.31776857
v 10.52377987 1.85562646 5.31776857
v 10.04167461 3.65487075 5.31776857
v 9.25445747 5.34306335 5.31776857
v 8.18604755 6.86890984 5.31776857
v 6.86890984 8.18604755 5.31776857
v 5.34306335 9.25445747 5.31776857
v 3.65487075 10.04167461 5.31776857
v 1.85562646 10.52377987 5.31776857
v 0.00000000 10.68612671 5.31776857
v -1.85562646 10.52377987 5.31776857
v -3.65487075 10.04167461 5.31776857
v -5.34306335 9.25445747 5.31776857
v -6.86890984 8.18604755 5.31776857
v -8.18604755 6.86890984 5.31776857
v -9.25445747 5.34306335 5.31776857
v -10.04167461 3.65487075 5.31776857
v -10.52377987 1.85562646 5.31776857
v -10.68612671 0.00000000 5.31776857
v -10.52377987 -1.85562646 5.31776857
v -10.04167461 -3.65487075 5.31776857
v -9.25445747 -5.34306335 5.31776857
v -8.18604755 -6.86890984 5.31776857
v -6.86890984 -8.18604755 5.31776857
v -5.34306335 -9.25445747 5.31776857
v -3.65487075 -10.04167461 5.31776857
v -1.85562646 -10.52377987 5.31776857
v -0.00000000 -10.68612671 5.31776857
v 1.85562646 -10.52377987 5.31776857
v 3.65487075 -10.04167461 5.31776857
v 5.34306335 -9.25445747 5.31776857
v 6.86890984 -8.18604755 5.31776857
v 8.18604755 -6.86890984 5.31776857
v 9.25445747 -5.34306335 5.31776857
v 10.04167461 -3.65487075 5.31776857
v 10.52377987 -1.85562646 5.31776857
v 10.85589218 0 5.28676367
v 10.69096661 1.88510585 5.28676367
v 10.20120144 3.71293378 5.28676367
v 9.40147781 5.42794609 5.28676367
v 8.31609631 6.97803259 5.28676367
v 6.97803259 8.31609631 5.28676367
v 5.42794609 9.40147781 5.28676367
v 3.71293378 10.20120144 5.28676367
v 1.88510585 10.69096661 5.28676367
v 0.00000000 10.85589218 5.28676367
v -1.88510585 10.69096661 5.28676367
v -3.71293378 10.20120144 5.28676367
v -5.42794609 9.40147781 5.28676367
v -6.97803259 8.31609631 5.28676367
v -8.31609631 6.97803259 5.28676367
v -9.40147781 5.42794609 5.28676367
v -10.20120144 3.71293378 5.28676367
v -10.69096661 1.88510585 5.28676367
v -10.85589218 -0.00000000 5.28676367
v -10.69096661 -1.88510585 5.28676367
v -10.20120144 -3.71293378 5.28676367
v -9.40147781 -5.42794609 5.28676367
v -8.31609631 -6.97803259 5.28676367
v -6.97803259 -8.31609631 5.28676367
v -5.42794609 -9.40147781 5.28676367
v -3.71293378 -10.20120144 5.28676367
v -1.88510585 -10.69096661 5.28676367
v -0.00000000 -10.85589218 5.28676367
v 1.88510585 -10.69096661 5.28676367
v 3.71293378 -10.20120144 5.28676367
v 5.42794609 -9.40147781 5.28676367
v 6.97803259 -8.31609631 5.28676367
v 8.31609631 -6.97803259 5.28676367
v 9.40147781 -5.42794609 5.28676367
v 10.20120144 -3.71293378 5.28676367
v 10.69096661 -1.88510585 5.28676367
v -10.78364563 1.90144753 5.28232622
v -10.28963470 3.74512053 5.28232622
v -9.48297787 5.47499990 5.28232622
v -8.41606712 7.00516415 5.28232622
v -7.03852415 8.38818645 5.28232622
v -7.00516415 8.41606712 5.28232622
v -3.74512053 10.28963470 5.28232622
v -1.90144753 10.78364563 5.28232622
v 0.00000000 10.94999981 5.28232622
v 1.90144753 10.78364563 5.28232622
v 3.74512053 10.28963470 5.28232622
v 5.47499990 9.48297787 5.28232622
v 7.00516415 8.41606712 5.28232622
v 8.38818645 7.03852415 5.28232622
v 8.41606712 7.00516415 5.28232622
v 10.28963470 3.74512053 5.28232622
v 10.78364563 1.90144753 5.28232622
v 10.94999981 -0.00000000 5.28232622
v 10.78364563 -1.90144753 5.28232622
v 10.28963470 -3.74512053 5.28232622
v 9.48297787 -5.47499990 5.28232622
v 8.41606712 -7.00516415 5.28232622
v 7.03852415 -8.38818645 5.28232622
v 7.00516415 -8.41606712 5.28232622
v 3.74512053 -10.28963470 5.28232622
v 1.90144753 -10.78364563 5.28232622
v -0.00000000 -10.94999981 5.28232622
v -1.90144753 -10.78364563 5.28232622
v -3.74512053 -10.28963470 5.28232622
v -5.47499990 -9.48297787 5.28232622
v -7.00516415 -8.41606712 5.28232622
v -8.38818645 -7.03852415 5.28232622
v -8.41606712 -7.00516415 5.28232622
v -10.28963470 -3.74512053 5.28232622
v -10.78364563 -1.90144753 5.28232622
v -10.94999981 0.00000000 5.28232622
v -9.48297787 -5.47499990 5.28232622
v -7.03852415 -8.38818645 5.28232622
v 5.47499990 -9.48297787 5.28232622
v 8.38818645 -7.03852415 5.28232622
v 9.48297787 5.47499990 5.28232622
v 7.03852415 8.38818645 5.28232622
v -5.47499990 9.48297787 5.28232622
v -8.38818645 7.03852415 5.28232622
v 10.68612671 0 21.84688377
v 10.85589218 0 21.87788773
v 10.69096661 1.88510585 21.87788773
v 10.52377987 1.85562646 21.84688377
v 10.20120144 3.71293378 21.87788773
v 10.04167461 3.65487075 21.84688377
v 9.40147781 5.42794609 21.87788773
v 9.25445747 5.34306335 21.84688377
v 8.31609631 6.97803259 21.87788773
v 8.18604755 6.86890984 21.84688377
v 6.97803259 8.31609631 21.87788773
v 6.86890984 8.18604755 21.84688377
v 5.42794609 9.40147781 21.87788773
v 5.34306335 9.25445747 21.84688377
v 3.71293378 10.20120144 21.87788773
v 3.65487075 10.04167461 21.84688377
v 1.88510585 10.69096661 21.87788773
v 1.85562646 10.52377987 21.84688377
v 0.00000000 10.85589218 21.87788773
v 0.00000000 10.68612671 21.84688377
v -1.88510585 10.69096661 21.87788773
v -1.85562646 10.52377987 21.84688377
v -3.71293378 10.20120144 21.87788773
v -3.65487075 10.04167461 21.84688377
v -5.42794609 9.40147781 21.87788773
v -5.34306335 9.25445747 21.84688377
v -6.97803259 8.31609631 21.87788773
v -6.86890984 8.18604755 21.84688377
v -8.31609631 6.97803259 21.87788773
v -8.18604755 6.86890984 21.84688377
v -9.40147781 5.42794609 21.87788773
v -9.25445747 5.34306335 21.84688377
v -10.20120144 3.71293378 21.87788773
v -10.04167461 3.65487075 21.84688377
v -10.69096661 1.88510585 21.87788773
v -10.52377987 1.85562646 21.84688377
v -10.85589218 0.00000000 21.87788773
v -10.68612671 0.00000000 21.84688377
v -10.69096661 -1.88510585 21.87788773
v -10.52377987 -1.85562646 21.84688377
v -10.20120144 -3.71293378 21.87788773
v -10.04167461 -3.65487075 21.84688377
v -9.40147781 -5.42794609 21.87788773
v -9.25445747 -5.34306335 21.84688377
v -8.31609631 -6.97803259 21.87788773
v -8.18604755 -6.86890984 21.84688377
v -6.97803259 -8.31609631 21.87788773
v -6.86890984 -8.18604755 21.84688377
v -5.42794609 -9.40147781 21.87788773
v -5.34306335 -9.25445747 21.84688377
v -3.71293378 -10.20120144 21.87788773
v -3.65487075 -10.04167461 21.84688377
v -1.88510585 -10.69096661 21.87788773
v -1.85562646 -10.52377987 21.84688377
v -0.00000000 -10.85589218 21.87788773
v -0.00000000 -10.68612671 21.84688377
v 1.88510585 -10.69096661 21.87788773
v 1.85562646 -10.52377987 21.84688377
v 3.71293378 -10.20120144 21.87788773
v 3.65487075 -10.04167461 21.84688377
v 5.42794609 -9.40147781 21.87788773
v 5.34306335 -9.25445747 21.84688377
v 6.97803259 -8.31609631 21.87788773
v 6.86890984 -8.18604755 21.84688377
v 8.31609631 -6.97803259 21.87788773
v 8.18604755 -6.86890984 21.84688377
v 9.40147781 -5.42794609 21.87788773
v 9.25445747 -5.34306335 21.84688377
v 10.20120144 -3.71293378 21.87788773
v 10.04167461 -3.65487075 21.84688377
v 10.69096661 -1.88510585 21.87788773
v 10.52377987 -1.85562646 21.84688377
v 10.52422047 0 21.78715324
v 10.36433411 1.82751167 21.78715324
v 9.88953304 3.59949541 21.78715324
v 9.11424255 5.26211023 21.78715324
v 8.06202126 6.76483870 21.78715324
v 6.76483870 8.06202126 21.78715324
v 5.26211023 9.11424255 21.78715324
v 3.59949541 9.88953304 21.78715324
v 1.82751167 10.36433411 21.78715324
v 0.00000000 10.52422047 21.78715324
v -1.82751167 10.36433411 21.78715324
v -3.59949541 9.88953304 21.78715324
v -5.26211023 9.11424255 21.78715324
v -6.76483870 8.06202126 21.78715324
v -8.06202126 6.76483870 21.78715324
v -9.11424255 5.26211023 21.78715324
v -9.88953304 3.59949541 21.78715324
v -10.36433411 1.82751167 21.78715324
v -10.52422047 0.00000000 21.78715324
v -10.36433411 -1.82751167 21.78715324
v -9.88953304 -3.59949541 21.78715324
v -9.11424255 -5.26211023 21.78715324
v -8.06202126 -6.76483870 21.78715324
v -6.76483870 -8.06202126 21.78715324
v -5.26211023 -9.11424255 21.78715324
v -3.59949541 -9.88953304 21.78715324
v -1.82751167 -10.36433411 21.78715324
v -0.00000000 -10.52422047 21.78715324
v 1.82751167 -10.36433411 21.78715324
v 3.59949541 -9.88953304 21.78715324
v 5.26211023 -9.11424255 21.78715324
v 6.76483870 -8.06202126 21.78715324
v 8.06202126 -6.76483870 21.78715324
v 9.11424255 -5.26211023 21.78715324
v 9.88953304 -3.59949541 21.78715324
v 10.36433411 -1.82751167 21.78715324
v 10.37499523 0 21.70047569
v 10.21737480 1.80159891 21.70047569
v 9.74930668 3.54845738 21.70047569
v 8.98500919 5.18749762 21.70047569
v 7.94770670 6.66891813 21.70047569
v 6.66891813 7.94770670 21.70047569
v 5.18749762 8.98500919 21.70047569
v 3.54845738 9.74930668 21.70047569
v 1.80159891 10.21737480 21.70047569
v 0.00000000 10.37499523 21.70047569
v -1.80159891 10.21737480 21.70047569
v -3.54845738 9.74930668 21.70047569
v -5.18749762 8.98500919 21.70047569
v -6.66891813 7.94770670 21.70047569
v -7.94770670 6.66891813 21.70047569
v -8.98500919 5.18749762 21.70047569
v -9.74930668 3.54845738 21.70047569
v -10.21737480 1.80159891 21.70047569
v -10.37499523 0.00000000 21.70047569
v -10.21737480 -1.80159891 21.70047569
v -9.74930668 -3.54845738 21.70047569
v -8.98500919 -5.18749762 21.70047569
v -7.94770670 -6.66891813 21.70047569
v -6.66891813 -7.94770670 21.70047569
v -5.18749762 -8.98500919 21.70047569
v -3.54845738 -9.74930668 21.70047569
v -1.80159891 -10.21737480 21.70047569
v -0.00000000 -10.37499523 21.70047569
v 1.80159891 -10.21737480 21.70047569
v 3.54845738 -9.74930668 21.70047569
v 5.18749762 -8.98500919 21.70047569
v 6.66891813 -7.94770670 21.70047569
v 7.94770670 -6.66891813 21.70047569
v 8.98500919 -5.18749762 21.70047569
v 9.74930668 -3.54845738 21.70047569
v 10.21737480 -1.80159891 21.70047569
v 10.24289322 0 21.58943176
v 10.08728027 1.77865970 21.58943176
v 9.62517166 3.50327587 21.58943176
v 8.87060547 5.12144661 21.58943176
v 7.84651089 6.58400488 21.58943176
v 6.58400488 7.84651089 21.58943176
v 5.12144661 8.87060547 21.58943176
v 3.50327587 9.62517166 21.58943176
v 1.77865970 10.08728027 21.58943176
v 0.00000000 10.24289322 21.58943176
v -1.77865970 10.08728027 21.58943176
v -3.50327587 9.62517166 21.58943176
v -5.12144661 8.87060547 21.58943176
v -6.58400488 7.84651089 21.58943176
v -7.84651089 6.58400488 21.58943176
v -8.87060547 5.12144661 21.58943176
v -9.62517166 3.50327587 21.58943176
v -10.08728027 1.77865970 21.58943176
v -10.24289322 0.00000000 21.58943176
v -10.08728027 -1.77865970 21.58943176
v -9.62517166 -3.50327587 21.58943176
v -8.87060547 -5.12144661 21.58943176
v -7.84651089 -6.58400488 21.58943176
v -6.58400488 -7.84651089 21.58943176
v -5.12144661 -8.87060547 21.58943176
v -3.50327587 -9.62517166 21.58943176
v -1.77865970 -10.08728027 21.58943176
v -0.00000000 -10.24289322 21.58943176
v 1.77865970 -10.08728027 21.58943176
v 3.50327587 -9.62517166 21.58943176
v 5.12144661 -8.87060547 21.58943176
v 6.58400488 -7.84651089 21.58943176
v 7.84651089 -6.58400488 21.58943176
v 8.87060547 -5.12144661 21.58943176
v 9.62517166 -3.50327587 21.58943176
v 10.08728027 -1.77865970 21.58943176
v 10.13185024 0 21.45733070
v 9.97792435 1.75937736 21.45733070
v 9.52082539 3.46529698 21.45733070
v 8.77443981 5.06592512 21.45733070
v 7.76144791 6.51262808 21.45733070
v 6.51262808 7.76144791 21.45733070
v 5.06592512 8.77443981 21.45733070
v 3.46529698 9.52082539 21.45733070
v 1.75937736 9.97792435 21.45733070
v 0.00000000 10.13185024 21.45733070
v -1.75937736 9.97792435 21.45733070
v -3.46529698 9.52082539 21.45733070
v -5.06592512 8.77443981 21.45733070
v -6.51262808 7.76144791 21.45733070
v -7.76144791 6.51262808 21.45733070
v -8.77443981 5.06592512 21.45733070
v -9.52082539 3.46529698 21.45733070
v -9.97792435 1.75937736 21.45733070
v -10.13185024 0.00000000 21.45733070
v -9.97792435 -1.75937736 21.45733070
v -9.52082539 -3.46529698 21.45733070
v -8.77443981 -5.06592512 21.45733070
v -7.76144791 -6.51262808 21.45733070
v -6.51262808 -7.76144791 21.45733070
v -5.06592512 -8.77443981 21.45733070
v -3.46529698 -9.52082539 21.45733070
v -1.75937736 -9.97792435 21.45733070
v -0.00000000 -10.13185024 21.45733070
v 1.75937736 -9.97792435 21.45733070
v 3.46529698 -9.52082539 21.45733070
v 5.06592512 -8.77443981 21.45733070
v 6.51262808 -7.76144791 21.45733070
v 7.76144791 -6.51262808 21.45733070
v 8.77443981 -5.06592512 21.45733070
v 9.52082539 -3.46529698 21.45733070
v 9.97792435 -1.75937736 21.45733070
v 10.04517269 0 21.30810547
v 9.89256382 1.74432600 21.30810547
v 9.43937492 3.43565154 21.30810547
v 8.69937515 5.02258635 21.30810547
v 7.69504929 6.45691252 21.30810547
v 6.45691252 7.69504929 21.30810547
v 5.02258635 8.69937515 21.30810547
v 3.43565154 9.43937492 21.30810547
v 1.74432600 9.89256382 21.30810547
v 0.00000000 10.04517269 21.30810547
v -1.74432600 9.89256382 21.30810547
v -3.43565154 9.43937492 21.30810547
v -5.02258635 8.69937515 21.30810547
v -6.45691252 7.69504929 21.30810547
v -7.69504929 6.45691252 21.30810547
v -8.69937515 5.02258635 21.30810547
v -9.43937492 3.43565154 21.30810547
v -9.89256382 1.74432600 21.30810547
v -10.04517269 0.00000000 21.30810547
v -9.89256382 -1.74432600 21.30810547
v -9.43937492 -3.43565154 21.30810547
v -8.69937515 -5.02258635 21.30810547
v -7.69504929 -6.45691252 21.30810547
v -6.45691252 -7.69504929 21.30810547
v -5.02258635 -8.69937515 21.30810547
v -3.43565154 -9.43937492 21.30810547
v -1.74432600 -9.89256382 21.30810547
v -0.00000000 -10.04517269 21.30810547
v 1.74432600 -9.89256382 21.30810547
v 3.43565154 -9.43937492 21.30810547
v 5.02258635 -8.69937515 21.30810547
v 6.45691252 -7.69504929 21.30810547
v 7.69504929 -6.45691252 21.30810547
v 8.69937515 -5.02258635 21.30810547
v 9.43937492 -3.43565154 21.30810547
v 9.89256382 -1.74432600 21.30810547
v 9.98544216 0 21.14619827
v 9.83374119 1.73395395 21.14619827
v 9.38324642 3.41522241 21.14619827
v 8.64764690 4.99272108 21.14619827
v 7.64929247 6.41851854 21.14619827
v 6.41851854 7.64929247 21.14619827
v 4.99272108 8.64764690 21.14619827
v 3.41522241 9.38324642 21.14619827
v 1.73395395 9.83374119 21.14619827
v 0.00000000 9.98544216 21.14619827
v -1.73395395 9.83374119 21.14619827
v -3.41522241 9.38324642 21.14619827
v -4.99272108 8.64764690 21.14619827
v -6.41851854 7.64929247 21.14619827
v -7.64929247 6.41851854 21.14619827
v -8.64764690 4.99272108 21.14619827
v -9.38324642 3.41522241 21.14619827
v -9.83374119 1.73395395 21.14619827
v -9.98544216 0.00000000 21.14619827
v -9.83374119 -1.73395395 21.14619827
v -9.38324642 -3.41522241 21.14619827
v -8.64764690 -4.99272108 21.14619827
v -7.64929247 -6.41851854 21.14619827
v -6.41851854 -7.64929247 21.14619827
v -4.99272108 -8.64764690 21.14619827
v -3.41522241 -9.38324642 21.14619827
v -1.73395395 -9.83374119 21.14619827
v -0.00000000 -9.98544216 21.14619827
v 1.73395395 -9.83374119 21.14619827
v 3.41522241 -9.38324642 21.14619827
v 4.99272108 -8.64764690 21.14619827
v 6.41851854 -7.64929247 21.14619827
v 7.64929247 -6.41851854 21.14619827
v 8.64764690 -4.99272108 21.14619827
v 9.38324642 -3.41522241 21.14619827
v 9.83374119 -1.73395395 21.14619827
v 9.95443726 0 20.97643280
v 9.80320740 1.72856998 20.97643280
v 9.35411167 3.40461826 20.97643280
v 8.62079620 4.97721863 20.97643280
v 7.62554216 6.39858913 20.97643280
v 6.39858913 7.62554216 20.97643280
v 4.97721863 8.62079620 20.97643280
v 3.40461826 9.35411167 20.97643280
v 1.72856998 9.80320740 20.97643280
v 0.00000000 9.95443726 20.97643280
v -1.72856998 9.80320740 20.97643280
v -3.40461826 9.35411167 20.97643280
v -4.97721863 8.62079620 20.97643280
v -6.39858913 7.62554216 20.97643280
v -7.62554216 6.39858913 20.97643280
v -8.62079620 4.97721863 20.97643280
v -9.35411167 3.40461826 20.97643280
v -9.80320740 1.72856998 20.97643280
v -9.95443726 0.00000000 20.97643280
v -9.80320740 -1.72856998 20.97643280
v -9.35411167 -3.40461826 20.97643280
v -8.62079620 -4.97721863 20.97643280
v -7.62554216 -6.39858913 20.97643280
v -6.39858913 -7.62554216 20.97643280
v -4.97721863 -8.62079620 20.97643280
v -3.40461826 -9.35411167 20.97643280
v -1.72856998 -9.80320740 20.97643280
v -0.00000000 -9.95443726 20.97643280
v 1.72856998 -9.80320740 20.97643280
v 3.40461826 -9.35411167 20.97643280
v 4.97721863 -8.62079620 20.97643280
v 6.39858913 -7.62554216 20.97643280
v 7.62554216 -6.39858913 20.97643280
v 8.62079620 -4.97721863 20.97643280
v 9.35411167 -3.40461826 20.97643280
v 9.80320740 -1.72856998 20.97643280
v -10.94999981 0.00000000 21.88232613
v -10.78364563 -1.90144753 21.88232613
v -10.28963470 -3.74512053 21.88232613
v -9.48297787 -5.47499990 21.88232613
v -8.41606712 -7.00516415 21.88232613
v -8.38818645 -7.03852415 21.88232613
v -7.03852415 -8.38818645 21.88232613
v -7.00516415 -8.41606712 21.88232613
v -5.47499990 -9.48297787 21.88232613
v -3.74512053 -10.28963470 21.88232613
v -1.90144753 -10.78364563 21.88232613
v -0.00000000 -10.94999981 21.88232613
v 1.90144753 -10.78364563 21.88232613
v 3.74512053 -10.28963470 21.88232613
v 5.47499990 -9.48297787 21.88232613
v 7.00516415 -8.41606712 21.88232613
v 7.03852415 -8.38818645 21.88232613
v 8.38818645 -7.03852415 21.88232613
v 8.41606712 -7.00516415 21.88232613
v 9.48297787 -5.47499990 21.88232613
v 10.28963470 -3.74512053 21.88232613
v 10.78364563 -1.90144753 21.88232613
v 10.94999981 -0.00000000 21.88232613
v 10.78364563 1.90144753 21.88232613
v 10.28963470 3.74512053 21.88232613
v 9.48297787 5.47499990 21.88232613
v 8.41606712 7.00516415 21.88232613
v 8.38818645 7.03852415 21.88232613
v 7.03852415 8.38818645 21.88232613
v 7.00516415 8.41606712 21.88232613
v 5.47499990 9.48297787 21.88232613
v 3.74512053 10.28963470 21.88232613
v 1.90144753 10.78364563 21.88232613
v 0.00000000 10.94999981 21.88232613
v -1.90144753 10.78364563 21.88232613
v -3.74512053 10.28963470 21.88232613
v -5.47499990 9.48297787 21.88232613
v -7.00516415 8.41606712 21.88232613
v -7.03852415 8.38818645 21.88232613
v -8.38818645 7.03852415 21.88232613
v -8.41606712 7.00516415 21.88232613
v -9.48297787 5.47499990 21.88232613
v -10.28963470 3.74512053 21.88232613
v -10.78364563 1.90144753 21.88232613
v 7.00303984 -10.50455952 5.28232622
v 7.00303984 -14.00607967 5.28232622
v 3.50151992 -14.00607967 5.28232622
v -3.50151992 -10.50455952 5.28232622
v -3.50151992 -14.00607967 5.28232622
v -7.00303984 -14.00607967 5.28232622
v 14.00607967 -3.50151992 5.28232622
v 14.00607967 -7.00303984 5.28232622
v 10.50455952 -7.00303984 5.28232622
v -10.50455952 -3.50151992 5.28232622
v -10.50455952 -7.00303984 5.28232622
v -14.00607967 -7.00303984 5.28232622
v 14.00607967 7.00303984 5.28232622
v 14.00607967 3.50151992 5.28232622
v 10.50455952 3.50151992 5.28232622
v -10.50455952 7.00303984 5.28232622
v -10.50455952 3.50151992 5.28232622
v -14.00607967 3.50151992 5.28232622
v 7.00303984 14.00607967 5.28232622
v 7.00303984 10.50455952 5.28232622
v 3.50151992 10.50455952 5.28232622
v -3.50151992 14.00607967 5.28232622
v -3.50151992 10.50455952 5.28232622
v -7.00303984 10.50455952 5.28232622
v -14.00607967 -0.00000000 5.28232622
v -17.30000114 0.00000000 5.28232622
v -17.03717422 3.00411344 5.28232622
v -14.00607967 7.00303984 5.28232622
v -16.25668335 5.91694832 5.28232622
v -16.93994141 3.51117873 5.28232622
v -15.80738449 7.02969217 5.28232622
v -14.98223972 8.65000057 5.28232622
v -14.05911446 10.08123493 5.28232622
v -13.72404385 10.53283596 5.28232622
v -10.50455952 10.50455952 5.28232622
v -13.25256824 11.12022495 5.28232622
v -11.12022495 13.25256824 5.28232622
v -10.53283596 13.72404385 5.28232622
v -10.08123493 14.05911446 5.28232622
v -7.00303984 14.00607967 5.28232622
v -8.65000057 14.98223972 5.28232622
v -7.02969217 15.80738449 5.28232622
v -5.91694832 16.25668335 5.28232622
v 0.00000000 14.00607967 5.28232622
v -3.00411344 17.03717422 5.28232622
v -3.51117873 16.93994141 5.28232622
v 0.00000000 17.30000114 5.28232622
v 3.00411344 17.03717422 5.28232622
v 3.50151992 14.00607967 5.28232622
v 5.91694832 16.25668335 5.28232622
v 3.51117873 16.93994141 5.28232622
v 7.02969217 15.80738449 5.28232622
v 8.65000057 14.98223972 5.28232622
v 10.08123493 14.05911446 5.28232622
v 10.53283596 13.72404385 5.28232622
v 10.50455952 10.50455952 5.28232622
v 11.12022495 13.25256824 5.28232622
v 13.25256824 11.12022495 5.28232622
v 10.50455952 7.00303984 5.28232622
v 13.72404385 10.53283596 5.28232622
v 14.05911446 10.08123493 5.28232622
v 14.98223972 8.65000057 5.28232622
v 15.80738449 7.02969217 5.28232622
v 16.25668335 5.91694832 5.28232622
v 14.00607967 -0.00000000 5.28232622
v 17.03717422 3.00411344 5.28232622
v 16.93994141 3.51117873 5.28232622
v 17.30000114 -0.00000000 5.28232622
v 17.03717422 -3.00411344 5.28232622
v 16.25668335 -5.91694832 5.28232622
v 16.93994141 -3.51117873 5.28232622
v 15.80738449 -7.02969217 5.28232622
v 14.98223972 -8.65000057 5.28232622
v 14.05911446 -10.08123493 5.28232622
v 13.72404385 -10.53283596 5.28232622
v 10.50455952 -10.50455952 5.28232622
v 13.25256824 -11.12022495 5.28232622
v 11.12022495 -13.25256824 5.28232622
v 10.53283596 -13.72404385 5.28232622
v 10.08123493 -14.05911446 5.28232622
v 8.65000057 -14.98223972 5.28232622
v 7.02969217 -15.80738449 5.28232622
v 5.91694832 -16.25668335 5.28232622
v 0.00000000 -14.00607967 5.28232622
v 3.00411344 -17.03717422 5.28232622
v 3.51117873 -16.93994141 5.28232622
v -0.00000000 -17.30000114 5.28232622
v -3.00411344 -17.03717422 5.28232622
v -5.91694832 -16.25668335 5.28232622
v -3.51117873 -16.93994141 5.28232622
v -7.02969217 -15.80738449 5.28232622
v -8.65000057 -14.98223972 5.28232622
v -7.00303984 -10.50455952 5.28232622
v -10.08123493 -14.05911446 5.28232622
v -10.53283596 -13.72404385 5.28232622
v -10.50455952 -10.50455952 5.28232622
v -11.12022495 -13.25256824 5.28232622
v -13.25256824 -11.12022495 5.28232622
v -13.72404385 -10.53283596 5.28232622
v -14.05911446 -10.08123493 5.28232622
v -14.98223972 -8.65000057 5.28232622
v -15.80738449 -7.02969217 5.28232622
v -16.25668335 -5.91694832 5.28232622
v -14.00607967 -3.50151992 5.28232622
v -17.03717422 -3.00411344 5.28232622
v -16.93994141 -3.51117873 5.28232622
v 3.50151992 -10.50455952 5.28232622
v 10.50455952 -3.50151992 5.28232622
v -7.00303984 -10.50455952 21.88232613
v -7.00303984 -14.00607967 21.88232613
v -3.50151992 -14.00607967 21.88232613
v 3.50151992 -10.50455952 21.88232613
v 3.50151992 -14.00607967 21.88232613
v 7.00303984 -14.00607967 21.88232613
v -14.00607967 -3.50151992 21.88232613
v -14.00607967 -7.00303984 21.88232613
v -10.50455952 -7.00303984 21.88232613
v 10.50455952 -3.50151992 21.88232613
v 10.50455952 -7.00303984 21.88232613
v 14.00607967 -7.00303984 21.88232613
v -14.00607967 7.00303984 21.88232613
v -14.00607967 3.50151992 21.88232613
v -10.50455952 3.50151992 21.88232613
v 10.50455952 7.00303984 21.88232613
v 10.50455952 3.50151992 21.88232613
v 14.00607967 3.50151992 21.88232613
v -7.00303984 14.00607967 21.88232613
v -7.00303984 10.50455952 21.88232613
v -3.50151992 10.50455952 21.88232613
v 3.50151992 14.00607967 21.88232613
v 3.50151992 10.50455952 21.88232613
v 7.00303984 10.50455952 21.88232613
v -14.00607967 -0.00000000 21.88232613
v -17.30000114 0.00000000 21.88232613
v -17.03717422 -3.00411344 21.88232613
v -16.25668335 -5.91694832 21.88232613
v -16.93994141 -3.51117873 21.88232613
v -15.80738449 -7.02969217 21.88232613
v -14.98223972 -8.65000057 21.88232613
v -14.05911446 -10.08123493 21.88232613
v -13.72404385 -10.53283596 21.88232613
v -10.50455952 -10.50455952 21.88232613
v -13.25256824 -11.12022495 21.88232613
v -11.12022495 -13.25256824 21.88232613
v -10.53283596 -13.72404385 21.88232613
v -10.08123493 -14.05911446 21.88232613
v -8.65000057 -14.98223972 21.88232613
v -7.02969217 -15.80738449 21.88232613
v -5.91694832 -16.25668335 21.88232613
v -0.00000000 -14.00607967 21.88232613
v -3.00411344 -17.03717422 21.88232613
v -3.51117873 -16.93994141 21.88232613
v -0.00000000 -17.30000114 21.88232613
v 3.00411344 -17.03717422 21.88232613
v 5.91694832 -16.25668335 21.88232613
v 3.51117873 -16.93994141 21.88232613
v 7.02969217 -15.80738449 21.88232613
v 8.65000057 -14.98223972 21.88232613
v 7.00303984 -10.50455952 21.88232613
v 10.08123493 -14.05911446 21.88232613
v 10.53283596 -13.72404385 21.88232613
v 10.50455952 -10.50455952 21.88232613
v 11.12022495 -13.25256824 21.88232613
v 13.25256824 -11.12022495 21.88232613
v 13.72404385 -10.53283596 21.88232613
v 14.05911446 -10.08123493 21.88232613
v 14.98223972 -8.65000057 21.88232613
v 15.80738449 -7.02969217 21.88232613
v 16.25668335 -5.91694832 21.88232613
v 14.00607967 -3.50151992 21.88232613
v 14.00607967 -0.00000000 21.88232613
v 17.03717422 -3.00411344 21.88232613
v 16.93994141 -3.51117873 21.88232613
v 17.30000114 -0.00000000 21.88232613
v 17.03717422 3.00411344 21.88232613
v 14.00607967 7.00303984 21.88232613
v 16.25668335 5.91694832 21.88232613
v 16.93994141 3.51117873 21.88232613
v 15.80738449 7.02969217 21.88232613
v 14.98223972 8.65000057 21.88232613
v 14.05911446 10.08123493 21.88232613
v 13.72404385 10.53283596 21.88232613
v 10.50455952 10.50455952 21.88232613
v 13.25256824 11.12022495 21.88232613
v 11.12022495 13.25256824 21.88232613
v 10.53283596 13.72404385 21.88232613
v 10.08123493 14.05911446 21.88232613
v 7.00303984 14.00607967 21.88232613
v 8.65000057 14.98223972 21.88232613
v 7.02969217 15.80738449 21.88232613
v 5.91694832 16.25668335 21.88232613
v -0.00000000 14.00607967 21.88232613
v 3.00411344 17.03717422 21.88232613
v 3.51117873 16.93994141 21.88232613
v 0.00000000 17.30000114 21.88232613
v -3.00411344 17.03717422 21.88232613
v -3.50151992 14.00607967 21.88232613
v -5.91694832 16.25668335 21.88232613
v -3.51117873 16.93994141 21.88232613
v -7.02969217 15.80738449 21.88232613
v -8.65000057 14.98223972 21.88232613
v -10.08123493 14.05911446 21.88232613
v -10.53283596 13.72404385 21.88232613
v -10.50455952 10.50455952 21.88232613
v -11.12022495 13.25256824 21.88232613
v -13.25256824 11.12022495 21.88232613
v -10.50455952 7.00303984 21.88232613
v -13.72404385 10.53283596 21.88232613
v -14.05911446 10.08123493 21.88232613
v -14.98223972 8.65000057 21.88232613
v -15.80738449 7.02969217 21.88232613
v -16.25668335 5.91694832 21.88232613
v -17.03717422 3.00411344 21.88232613
v -16.93994141 3.51117873 21.88232613
v -3.50151992 -10.50455952 21.88232613
v -10.50455952 -3.50151992 21.88232613
v 17.56387329 0 5.31776857
v 17.39410782 0 5.28676367
v 17.12985420 3.02045512 5.28676367
v 17.29703903 3.04993463 5.31776857
v 16.34511566 5.94913530 5.28676367
v 16.50464249 6.00719833 5.31776857
v 15.06373978 8.69705391 5.28676367
v 15.21076012 8.78193665 5.31776857
v 13.32466030 11.18071747 5.28676367
v 13.45470715 11.28983974 5.31776857
v 11.18071747 13.32466030 5.28676367
v 11.28983974 13.45470715 5.31776857
v 8.69705391 15.06373978 5.28676367
v 8.78193665 15.21076012 5.31776857
v 5.94913530 16.34511566 5.28676367
v 6.00719833 16.50464249 5.31776857
v 3.02045512 17.12985420 5.28676367
v 3.04993463 17.29703903 5.31776857
v 0.00000000 17.39410782 5.28676367
v 0.00000000 17.56387329 5.31776857
v -3.02045512 17.12985420 5.28676367
v -3.04993463 17.29703903 5.31776857
v -5.94913530 16.34511566 5.28676367
v -6.00719833 16.50464249 5.31776857
v -8.69705391 15.06373978 5.28676367
v -8.78193665 15.21076012 5.31776857
v -11.18071747 13.32466030 5.28676367
v -11.28983974 13.45470715 5.31776857
v -13.32466030 11.18071747 5.28676367
v -13.45470715 11.28983974 5.31776857
v -15.06373978 8.69705391 5.28676367
v -15.21076012 8.78193665 5.31776857
v -16.34511566 5.94913530 5.28676367
v -16.50464249 6.00719833 5.31776857
v -17.12985420 3.02045512 5.28676367
v -17.29703903 3.04993463 5.31776857
v -17.39410782 0.00000000 5.28676367
v -17.56387329 0.00000000 5.31776857
v -17.12985420 -3.02045512 5.28676367
v -17.29703903 -3.04993463 5.31776857
v -16.34511566 -5.94913530 5.28676367
v -16.50464249 -6.00719833 5.31776857
v -15.06373978 -8.69705391 5.28676367
v -15.21076012 -8.78193665 5.31776857
v -13.32466030 -11.18071747 5.28676367
v -13.45470715 -11.28983974 5.31776857
v -11.18071747 -13.32466030 5.28676367
v -11.28983974 -13.45470715 5.31776857
v -8.69705391 -15.06373978 5.28676367
v -8.78193665 -15.21076012 5.31776857
v -5.94913530 -16.34511566 5.28676367
v -6.00719833 -16.50464249 5.31776857
v -3.02045512 -17.12985420 5.28676367
v -3.04993463 -17.29703903 5.31776857
v -0.00000000 -17.39410782 5.28676367
v -0.00000000 -17.56387329 5.31776857
v 3.02045512 -17.12985420 5.28676367
v 3.04993463 -17.29703903 5.31776857
v 5.94913530 -16.34511566 5.28676367
v 6.00719833 -16.50464249 5.31776857
v 8.69705391 -15.06373978 5.28676367
v 8.78193665 -15.21076012 5.31776857
v 11.18071747 -13.32466030 5.28676367
v 11.28983974 -13.45470715 5.31776857
v 13.32466030 -11.18071747 5.28676367
v 13.45470715 -11.28983974 5.31776857
v 15.06373978 -8.69705391 5.28676367
v 15.21076012 -8.78193665 5.31776857
v 16.34511566 -5.94913530 5.28676367
v 16.50464249 -6.00719833 5.31776857
v 17.12985420 -3.02045512 5.28676367
v 17.29703903 -3.04993463 5.31776857
v 17.72577858 0 5.37749910
v 17.45648575 3.07804918 5.37749910
v 16.65678406 6.06257391 5.37749910
v 15.35097504 8.86288929 5.37749910
v 13.57873440 11.39391136 5.37749910
v 11.39391136 13.57873440 5.37749910
v 8.86288929 15.35097504 5.37749910
v 6.06257391 16.65678406 5.37749910
v 3.07804918 17.45648575 5.37749910
v 0.00000000 17.72577858 5.37749910
v -3.07804918 17.45648575 5.37749910
v -6.06257391 16.65678406 5.37749910
v -8.86288929 15.35097504 5.37749910
v -11.39391136 13.57873440 5.37749910
v -13.57873440 11.39391136 5.37749910
v -15.35097504 8.86288929 5.37749910
v -16.65678406 6.06257391 5.37749910
v -17.45648575 3.07804918 5.37749910
v -17.72577858 0.00000000 5.37749910
v -17.45648575 -3.07804918 5.37749910
v -16.65678406 -6.06257391 5.37749910
v -15.35097504 -8.86288929 5.37749910
v -13.57873440 -11.39391136 5.37749910
v -11.39391136 -13.57873440 5.37749910
v -8.86288929 -15.35097504 5.37749910
v -6.06257391 -16.65678406 5.37749910
v -3.07804918 -17.45648575 5.37749910
v -0.00000000 -17.72577858 5.37749910
v 3.07804918 -17.45648575 5.37749910
v 6.06257391 -16.65678406 5.37749910
v 8.86288929 -15.35097504 5.37749910
v 11.39391136 -13.57873440 5.37749910
v 13.57873440 -11.39391136 5.37749910
v 15.35097504 -8.86288929 5.37749910
v 16.65678406 -6.06257391 5.37749910
v 17.45648575 -3.07804918 5.37749910
v 17.87500381 0 5.46417618
v 17.60344315 3.10396218 5.46417618
v 16.79701042 6.11361170 5.46417618
v 15.48020840 8.93750191 5.46417618
v 13.69304848 11.48983192 5.46417618
v 11.48983192 13.69304848 5.46417618
v 8.93750191 15.48020840 5.46417618
v 6.11361170 16.79701042 5.46417618
v 3.10396218 17.60344315 5.46417618
v 0.00000000 17.87500381 5.46417618
v -3.10396218 17.60344315 5.46417618
v -6.11361170 16.79701042 5.46417618
v -8.93750191 15.48020840 5.46417618
v -11.48983192 13.69304848 5.46417618
v -13.69304848 11.48983192 5.46417618
v -15.48020840 8.93750191 5.46417618
v -16.79701042 6.11361170 5.46417618
v -17.60344315 3.10396218 5.46417618
v -17.87500381 0.00000000 5.46417618
v -17.60344315 -3.10396218 5.46417618
v -16.79701042 -6.11361170 5.46417618
v -15.48020840 -8.93750191 5.46417618
v -13.69304848 -11.48983192 5.46417618
v -11.48983192 -13.69304848 5.46417618
v -8.93750191 -15.48020840 5.46417618
v -6.11361170 -16.79701042 5.46417618
v -3.10396218 -17.60344315 5.46417618
v -0.00000000 -17.87500381 5.46417618
v 3.10396218 -17.60344315 5.46417618
v 6.11361170 -16.79701042 5.46417618
v 8.93750191 -15.48020840 5.46417618
v 11.48983192 -13.69304848 5.46417618
v 13.69304848 -11.48983192 5.46417618
v 15.48020840 -8.93750191 5.46417618
v 16.79701042 -6.11361170 5.46417618
v 17.60344315 -3.10396218 5.46417618
v 18.00710678 0 5.57521915
v 17.73353767 3.12690139 5.57521915
v 16.92114639 6.15879345 5.57521915
v 15.59461212 9.00355339 5.57521915
v 13.79424381 11.57474518 5.57521915
v 11.57474518 13.79424381 5.57521915
v 9.00355339 15.59461212 5.57521915
v 6.15879345 16.92114639 5.57521915
v 3.12690139 17.73353767 5.57521915
v 0.00000000 18.00710678 5.57521915
v -3.12690139 17.73353767 5.57521915
v -6.15879345 16.92114639 5.57521915
v -9.00355339 15.59461212 5.57521915
v -11.57474518 13.79424381 5.57521915
v -13.79424381 11.57474518 5.57521915
v -15.59461212 9.00355339 5.57521915
v -16.92114639 6.15879345 5.57521915
v -17.73353767 3.12690139 5.57521915
v -18.00710678 0.00000000 5.57521915
v -17.73353767 -3.12690139 5.57521915
v -16.92114639 -6.15879345 5.57521915
v -15.59461212 -9.00355339 5.57521915
v -13.79424381 -11.57474518 5.57521915
v -11.57474518 -13.79424381 5.57521915
v -9.00355339 -15.59461212 5.57521915
v -6.15879345 -16.92114639 5.57521915
v -3.12690139 -17.73353767 5.57521915
v -0.00000000 -18.00710678 5.57521915
v 3.12690139 -17.73353767 5.57521915
v 6.15879345 -16.92114639 5.57521915
v 9.00355339 -15.59461212 5.57521915
v 11.57474518 -13.79424381 5.57521915
v 13.79424381 -11.57474518 5.57521915
v 15.59461212 -9.00355339 5.57521915
v 16.92114639 -6.15879345 5.57521915
v 17.73353767 -3.12690139 5.57521915
v 18.11815071 0 5.70732069
v 17.84289360 3.14618373 5.70732069
v 17.02549171 6.19677210 5.70732069
v 15.69077778 9.05907536 5.70732069
v 13.87930775 11.64612198 5.70732069
v 11.64612198 13.87930775 5.70732069
v 9.05907536 15.69077778 5.70732069
v 6.19677210 17.02549171 5.70732069
v 3.14618373 17.84289360 5.70732069
v 0.00000000 18.11815071 5.70732069
v -3.14618373 17.84289360 5.70732069
v -6.19677210 17.02549171 5.70732069
v -9.05907536 15.69077778 5.70732069
v -11.64612198 13.87930775 5.70732069
v -13.87930775 11.64612198 5.70732069
v -15.69077778 9.05907536 5.70732069
v -17.02549171 6.19677210 5.70732069
v -17.84289360 3.14618373 5.70732069
v -18.11815071 0.00000000 5.70732069
v -17.84289360 -3.14618373 5.70732069
v -17.02549171 -6.19677210 5.70732069
v -15.69077778 -9.05907536 5.70732069
v -13.87930775 -11.64612198 5.70732069
v -11.64612198 -13.87930775 5.70732069
v -9.05907536 -15.69077778 5.70732069
v -6.19677210 -17.02549171 5.70732069
v -3.14618373 -17.84289360 5.70732069
v -0.00000000 -18.11815071 5.70732069
v 3.14618373 -17.84289360 5.70732069
v 6.19677210 -17.02549171 5.70732069
v 9.05907536 -15.69077778 5.70732069
v 11.64612198 -13.87930775 5.70732069
v 13.87930775 -11.64612198 5.70732069
v 15.69077778 -9.05907536 5.70732069
v 17.02549171 -6.19677210 5.70732069
v 17.84289360 -3.14618373 5.70732069
v 18.20482635 0 5.85654640
v 17.92825508 3.16123509 5.85654640
v 17.10694122 6.22641754 5.85654640
v 15.76584244 9.10241318 5.85654640
v 13.94570637 11.70183754 5.85654640
v 11.70183754 13.94570637 5.85654640
v 9.10241318 15.76584244 5.85654640
v 6.22641754 17.10694122 5.85654640
v 3.16123509 17.92825508 5.85654640
v 0.00000000 18.20482635 5.85654640
v -3.16123509 17.92825508 5.85654640
v -6.22641754 17.10694122 5.85654640
v -9.10241318 15.76584244 5.85654640
v -11.70183754 13.94570637 5.85654640
v -13.94570637 11.70183754 5.85654640
v -15.76584244 9.10241318 5.85654640
v -17.10694122 6.22641754 5.85654640
v -17.92825508 3.16123509 5.85654640
v -18.20482635 0.00000000 5.85654640
v -17.92825508 -3.16123509 5.85654640
v -17.10694122 -6.22641754 5.85654640
v -15.76584244 -9.10241318 5.85654640
v -13.94570637 -11.70183754 5.85654640
v -11.70183754 -13.94570637 5.85654640
v -9.10241318 -15.76584244 5.85654640
v -6.22641754 -17.10694122 5.85654640
v -3.16123509 -17.92825508 5.85654640
v -0.00000000 -18.20482635 5.85654640
v 3.16123509 -17.92825508 5.85654640
v 6.22641754 -17.10694122 5.85654640
v 9.10241318 -15.76584244 5.85654640
v 11.70183754 -13.94570637 5.85654640
v 13.94570637 -11.70183754 5.85654640
v 15.76584244 -9.10241318 5.85654640
v 17.10694122 -6.22641754 5.85654640
v 17.92825508 -3.16123509 5.85654640
v 18.26455879 0 6.01845264
v 17.98707771 3.17160726 6.01845264
v 17.16307068 6.24684668 6.01845264
v 15.81757164 9.13227940 6.01845264
v 13.99146271 11.74023056 6.01845264
v 11.74023056 13.99146271 6.01845264
v 9.13227940 15.81757164 6.01845264
v 6.24684668 17.16307068 6.01845264
v 3.17160726 17.98707771 6.01845264
v 0.00000000 18.26455879 6.01845264
v -3.17160726 17.98707771 6.01845264
v -6.24684668 17.16307068 6.01845264
v -9.13227940 15.81757164 6.01845264
v -11.74023056 13.99146271 6.01845264
v -13.99146271 11.74023056 6.01845264
v -15.81757164 9.13227940 6.01845264
v -17.16307068 6.24684668 6.01845264
v -17.98707771 3.17160726 6.01845264
v -18.26455879 0.00000000 6.01845264
v -17.98707771 -3.17160726 6.01845264
v -17.16307068 -6.24684668 6.01845264
v -15.81757164 -9.13227940 6.01845264
v -13.99146271 -11.74023056 6.01845264
v -11.74023056 -13.99146271 6.01845264
v -9.13227940 -15.81757164 6.01845264
v -6.24684668 -17.16307068 6.01845264
v -3.17160726 -17.98707771 6.01845264
v -0.00000000 -18.26455879 6.01845264
v 3.17160726 -17.98707771 6.01845264
v 6.24684668 -17.16307068 6.01845264
v 9.13227940 -15.81757164 6.01845264
v 11.74023056 -13.99146271 6.01845264
v 13.99146271 -11.74023056 6.01845264
v 15.81757164 -9.13227940 6.01845264
v 17.16307068 -6.24684668 6.01845264
v 17.98707771 -3.17160726 6.01845264
v 18.29556274 0 6.18821764
v 18.01761055 3.17699099 6.18821764
v 17.19220543 6.25745058 6.18821764
v 15.84442139 9.14778137 6.18821764
v 14.01521397 11.76016045 6.18821764
v 11.76016045 14.01521397 6.18821764
v 9.14778137 15.84442139 6.18821764
v 6.25745058 17.19220543 6.18821764
v 3.17699099 18.01761055 6.18821764
v 0.00000000 18.29556274 6.18821764
v -3.17699099 18.01761055 6.18821764
v -6.25745058 17.19220543 6.18821764
v -9.14778137 15.84442139 6.18821764
v -11.76016045 14.01521397 6.18821764
v -14.01521397 11.76016045 6.18821764
v -15.84442139 9.14778137 6.18821764
v -17.19220543 6.25745058 6.18821764
v -18.01761055 3.17699099 6.18821764
v -18.29556274 0.00000000 6.18821764
v -18.01761055 -3.17699099 6.18821764
v -17.19220543 -6.25745058 6.18821764
v -15.84442139 -9.14778137 6.18821764
v -14.01521397 -11.76016045 6.18821764
v -11.76016045 -14.01521397 6.18821764
v -9.14778137 -15.84442139 6.18821764
v -6.25745058 -17.19220543 6.18821764
v -3.17699099 -18.01761055 6.18821764
v -0.00000000 -18.29556274 6.18821764
v 3.17699099 -18.01761055 6.18821764
v 6.25745058 -17.19220543 6.18821764
v 9.14778137 -15.84442139 6.18821764
v 11.76016045 -14.01521397 6.18821764
v 14.01521397 -11.76016045 6.18821764
v 15.84442139 -9.14778137 6.18821764
v 17.19220543 -6.25745058 6.18821764
v 18.01761055 -3.17699099 6.18821764
v 18.02198219 -3.17776155 6.28232574
v 17.19637680 -6.25896883 6.28232574
v 15.84826374 -9.15000057 6.28232574
v 14.01861286 -11.76301289 6.28232574
v 11.76301289 -14.01861286 6.28232574
v 9.15000057 -15.84826374 6.28232574
v 6.25896883 -17.19637680 6.28232574
v 3.17776155 -18.02198219 6.28232574
v -0.00000000 -18.30000114 6.28232574
v -3.17776155 -18.02198219 6.28232574
v -6.25896883 -17.19637680 6.28232574
v -9.15000057 -15.84826374 6.28232574
v -11.76301289 -14.01861286 6.28232574
v -14.01861286 -11.76301289 6.28232574
v -15.84826374 -9.15000057 6.28232574
v -17.19637680 -6.25896883 6.28232574
v -18.02198219 -3.17776155 6.28232574
v -18.30000114 0.00000000 6.28232574
v -18.02198219 3.17776155 6.28232574
v -17.19637680 6.25896883 6.28232574
v -15.84826374 9.15000057 6.28232574
v -14.01861286 11.76301289 6.28232574
v -11.76301289 14.01861286 6.28232574
v -9.15000057 15.84826374 6.28232574
v -6.25896883 17.19637680 6.28232574
v -3.17776155 18.02198219 6.28232574
v 0.00000000 18.30000114 6.28232574
v 3.17776155 18.02198219 6.28232574
v 6.25896883 17.19637680 6.28232574
v 9.15000057 15.84826374 6.28232574
v 11.76301289 14.01861286 6.28232574
v 14.01861286 11.76301289 6.28232574
v 15.84826374 9.15000057 6.28232574
v 17.19637680 6.25896883 6.28232574
v 18.02198219 3.17776155 6.28232574
v 18.30000114 -0.00000000 6.28232574
v 18.26455879 0 21.14619827
v 18.29556274 0 20.97643280
v 18.01761055 3.17699099 20.97643280
v 17.98707771 3.17160726 21.14619827
v 17.19220543 6.25745058 20.97643280
v 17.16307068 6.24684668 21.14619827
v 15.84442139 9.14778137 20.97643280
v 15.81757164 9.13227940 21.14619827
v 14.01521397 11.76016045 20.97643280
v 13.99146271 11.74023056 21.14619827
v 11.76016045 14.01521397 20.97643280
v 11.74023056 13.99146271 21.14619827
v 9.14778137 15.84442139 20.97643280
v 9.13227940 15.81757164 21.14619827
v 6.25745058 17.19220543 20.97643280
v 6.24684668 17.16307068 21.14619827
v 3.17699099 18.01761055 20.97643280
v 3.17160726 17.98707771 21.14619827
v 0.00000000 18.29556274 20.97643280
v 0.00000000 18.26455879 21.14619827
v -3.17699099 18.01761055 20.97643280
v -3.17160726 17.98707771 21.14619827
v -6.25745058 17.19220543 20.97643280
v -6.24684668 17.16307068 21.14619827
v -9.14778137 15.84442139 20.97643280
v -9.13227940 15.81757164 21.14619827
v -11.76016045 14.01521397 20.97643280
v -11.74023056 13.99146271 21.14619827
v -14.01521397 11.76016045 20.97643280
v -13.99146271 11.74023056 21.14619827
v -15.84442139 9.14778137 20.97643280
v -15.81757164 9.13227940 21.14619827
v -17.19220543 6.25745058 20.97643280
v -17.16307068 6.24684668 21.14619827
v -18.01761055 3.17699099 20.97643280
v -17.98707771 3.17160726 21.14619827
v -18.29556274 0.00000000 20.97643280
v -18.26455879 0.00000000 21.14619827
v -18.01761055 -3.17699099 20.97643280
v -17.98707771 -3.17160726 21.14619827
v -17.19220543 -6.25745058 20.97643280
v -17.16307068 -6.24684668 21.14619827
v -15.84442139 -9.14778137 20.97643280
v -15.81757164 -9.13227940 21.14619827
v -14.01521397 -11.76016045 20.97643280
v -13.99146271 -11.74023056 21.14619827
v -11.76016045 -14.01521397 20.97643280
v -11.74023056 -13.99146271 21.14619827
v -9.14778137 -15.84442139 20.97643280
v -9.13227940 -15.81757164 21.14619827
v -6.25745058 -17.19220543 20.97643280
v -6.24684668 -17.16307068 21.14619827
v -3.17699099 -18.01761055 20.97643280
v -3.17160726 -17.98707771 21.14619827
v -0.00000000 -18.29556274 20.97643280
v -0.00000000 -18.26455879 21.14619827
v 3.17699099 -18.01761055 20.97643280
v 3.17160726 -17.98707771 21.14619827
v 6.25745058 -17.19220543 20.97643280
v 6.24684668 -17.16307068 21.14619827
v 9.14778137 -15.84442139 20.97643280
v 9.13227940 -15.81757164 21.14619827
v 11.76016045 -14.01521397 20.97643280
v 11.74023056 -13.99146271 21.14619827
v 14.01521397 -11.76016045 20.97643280
v 13.99146271 -11.74023056 21.14619827
v 15.84442139 -9.14778137 20.97643280
v 15.81757164 -9.13227940 21.14619827
v 17.19220543 -6.25745058 20.97643280
v 17.16307068 -6.24684668 21.14619827
v 18.01761055 -3.17699099 20.97643280
v 17.98707771 -3.17160726 21.14619827
v 18.20482635 0 21.30810547
v 17.92825508 3.16123509 21.30810547
v 17.10694122 6.22641754 21.30810547
v 15.76584244 9.10241318 21.30810547
v 13.94570637 11.70183754 21.30810547
v 11.70183754 13.94570637 21.30810547
v 9.10241318 15.76584244 21.30810547
v 6.22641754 17.10694122 21.30810547
v 3.16123509 17.92825508 21.30810547
v 0.00000000 18.20482635 21.30810547
v -3.16123509 17.92825508 21.30810547
v -6.22641754 17.10694122 21.30810547
v -9.10241318 15.76584244 21.30810547
v -11.70183754 13.94570637 21.30810547
v -13.94570637 11.70183754 21.30810547
v -15.76584244 9.10241318 21.30810547
v -17.10694122 6.22641754 21.30810547
v -17.92825508 3.16123509 21.30810547
v -18.20482635 0.00000000 21.30810547
v -17.92825508 -3.16123509 21.30810547
v -17.10694122 -6.22641754 21.30810547
v -15.76584244 -9.10241318 21.30810547
v -13.94570637 -11.70183754 21.30810547
v -11.70183754 -13.94570637 21.30810547
v -9.10241318 -15.76584244 21.30810547
v -6.22641754 -17.10694122 21.30810547
v -3.16123509 -17.92825508 21.30810547
v -0.00000000 -18.20482635 21.30810547
v 3.16123509 -17.92825508 21.30810547
v 6.22641754 -17.10694122 21.30810547
v 9.10241318 -15.76584244 21.30810547
v 11.70183754 -13.94570637 21.30810547
v 13.94570637 -11.70183754 21.30810547
v 15.76584244 -9.10241318 21.30810547
v 17.10694122 -6.22641754 21.30810547
v 17.92825508 -3.16123509 21.30810547
v 18.11815071 0 21.45733070
v 17.84289360 3.14618373 21.45733070
v 17.02549171 6.19677210 21.45733070
v 15.69077778 9.05907536 21.45733070
v 13.87930775 11.64612198 21.45733070
v 11.64612198 13.87930775 21.45733070
v 9.05907536 15.69077778 21.45733070
v 6.19677210 17.02549171 21.45733070
v 3.14618373 17.84289360 21.45733070
v 0.00000000 18.11815071 21.45733070
v -3.14618373 17.84289360 21.45733070
v -6.19677210 17.02549171 21.45733070
v -9.05907536 15.69077778 21.45733070
v -11.64612198 13.87930775 21.45733070
v -13.87930775 11.64612198 21.45733070
v -15.69077778 9.05907536 21.45733070
v -17.02549171 6.19677210 21.45733070
v -17.84289360 3.14618373 21.45733070
v -18.11815071 0.00000000 21.45733070
v -17.84289360 -3.14618373 21.45733070
v -17.02549171 -6.19677210 21.45733070
v -15.69077778 -9.05907536 21.45733070
v -13.87930775 -11.64612198 21.45733070
v -11.64612198 -13.87930775 21.45733070
v -9.05907536 -15.69077778 21.45733070
v -6.19677210 -17.02549171 21.45733070
v -3.14618373 -17.84289360 21.45733070
v -0.00000000 -18.11815071 21.45733070
v 3.14618373 -17.84289360 21.45733070
v 6.19677210 -17.02549171 21.45733070
v 9.05907536 -15.69077778 21.45733070
v 11.64612198 -13.87930775 21.45733070
v 13.87930775 -11.64612198 21.45733070
v 15.69077778 -9.05907536 21.45733070
v 17.02549171 -6.19677210 21.45733070
v 17.84289360 -3.14618373 21.45733070
v 18.00710678 0 21.58943176
v 17.73353767 3.12690139 21.58943176
v 16.92114639 6.15879345 21.58943176
v 15.59461212 9.00355339 21.58943176
v 13.79424381 11.57474518 21.58943176
v 11.57474518 13.79424381 21.58943176
v 9.00355339 15.59461212 21.58943176
v 6.15879345 16.92114639 21.58943176
v 3.12690139 17.73353767 21.58943176
v 0.00000000 18.00710678 21.58943176
v -3.12690139 17.73353767 21.58943176
v -6.15879345 16.92114639 21.58943176
v -9.00355339 15.59461212 21.58943176
v -11.57474518 13.79424381 21.58943176
v -13.79424381 11.57474518 21.58943176
v -15.59461212 9.00355339 21.58943176
v -16.92114639 6.15879345 21.58943176
v -17.73353767 3.12690139 21.58943176
v -18.00710678 0.00000000 21.58943176
v -17.73353767 -3.12690139 21.58943176
v -16.92114639 -6.15879345 21.58943176
v -15.59461212 -9.00355339 21.58943176
v -13.79424381 -11.57474518 21.58943176
v -11.57474518 -13.79424381 21.58943176
v -9.00355339 -15.59461212 21.58943176
v -6.15879345 -16.92114639 21.58943176
v -3.12690139 -17.73353767 21.58943176
v -0.00000000 -18.00710678 21.58943176
v 3.12690139 -17.73353767 21.58943176
v 6.15879345 -16.92114639 21.58943176
v 9.00355339 -15.59461212 21.58943176
v 11.57474518 -13.79424381 21.58943176
v 13.79424381 -11.57474518 21.58943176
v 15.59461212 -9.00355339 21.58943176
v 16.92114639 -6.15879345 21.58943176
v 17.73353767 -3.12690139 21.58943176
v 17.87500381 0 21.70047569
v 17.60344315 3.10396218 21.70047569
v 16.79701042 6.11361170 21.70047569
v 15.48020840 8.93750191 21.70047569
v 13.69304848 11.48983192 21.70047569
v 11.48983192 13.69304848 21.70047569
v 8.93750191 15.48020840 21.70047569
v 6.11361170 16.79701042 21.70047569
v 3.10396218 17.60344315 21.70047569
v 0.00000000 17.87500381 21.70047569
v -3.10396218 17.60344315 21.70047569
v -6.11361170 16.79701042 21.70047569
v -8.93750191 15.48020840 21.70047569
v -11.48983192 13.69304848 21.70047569
v -13.69304848 11.48983192 21.70047569
v -15.48020840 8.93750191 21.70047569
v -16.79701042 6.11361170 21.70047569
v -17.60344315 3.10396218 21.70047569
v -17.87500381 0.00000000 21.70047569
v -17.60344315 -3.10396218 21.70047569
v -16.79701042 -6.11361170 21.70047569
v -15.48020840 -8.93750191 21.70047569
v -13.69304848 -11.48983192 21.70047569
v -11.48983192 -13.69304848 21.70047569
v -8.93750191 -15.48020840 21.70047569
v -6.11361170 -16.79701042 21.70047569
v -3.10396218 -17.60344315 21.70047569
v -0.00000000 -17.87500381 21.70047569
v 3.10396218 -17.60344315 21.70047569
v 6.11361170 -16.79701042 21.70047569
v 8.93750191 -15.48020840 21.70047569
v 11.48983192 -13.69304848 21.70047569
v 13.69304848 -11.48983192 21.70047569
v 15.48020840 -8.93750191 21.70047569
v 16.79701042 -6.11361170 21.70047569
v 17.60344315 -3.10396218 21.70047569
v 17.72577858 0 21.78715324
v 17.45648575 3.07804918 21.78715324
v 16.65678406 6.06257391 21.78715324
v 15.35097504 8.86288929 21.78715324
v 13.57873440 11.39391136 21.78715324
v 11.39391136 13.57873440 21.78715324
v 8.86288929 15.35097504 21.78715324
v 6.06257391 16.65678406 21.78715324
v 3.07804918 17.45648575 21.78715324
v 0.00000000 17.72577858 21.78715324
v -3.07804918 17.45648575 21.78715324
v -6.06257391 16.65678406 21.78715324
v -8.86288929 15.35097504 21.78715324
v -11.39391136 13.57873440 21.78715324
v -13.57873440 11.39391136 21.78715324
v -15.35097504 8.86288929 21.78715324
v -16.65678406 6.06257391 21.78715324
v -17.45648575 3.07804918 21.78715324
v -17.72577858 0.00000000 21.78715324
v -17.45648575 -3.07804918 21.78715324
v -16.65678406 -6.06257391 21.78715324
v -15.35097504 -8.86288929 21.78715324
v -13.57873440 -11.39391136 21.78715324
v -11.39391136 -13.57873440 21.78715324
v -8.86288929 -15.35097504 21.78715324
v -6.06257391 -16.65678406 21.78715324
v -3.07804918 -17.45648575 21.78715324
v -0.00000000 -17.72577858 21.78715324
v 3.07804918 -17.45648575 21.78715324
v 6.06257391 -16.65678406 21.78715324
v 8.86288929 -15.35097504 21.78715324
v 11.39391136 -13.57873440 21.78715324
v 13.57873440 -11.39391136 21.78715324
v 15.35097504 -8.86288929 21.78715324
v 16.65678406 -6.06257391 21.78715324
v 17.45648575 -3.07804918 21.78715324
v 17.56387329 0 21.84688377
v 17.29703903 3.04993463 21.84688377
v 16.50464249 6.00719833 21.84688377
v 15.21076012 8.78193665 21.84688377
v 13.45470715 11.28983974 21.84688377
v 11.28983974 13.45470715 21.84688377
v 8.78193665 15.21076012 21.84688377
v 6.00719833 16.50464249 21.84688377
v 3.04993463 17.29703903 21.84688377
v 0.00000000 17.56387329 21.84688377
v -3.04993463 17.29703903 21.84688377
v -6.00719833 16.50464249 21.84688377
v -8.78193665 15.21076012 21.84688377
v -11.28983974 13.45470715 21.84688377
v -13.45470715 11.28983974 21.84688377
v -15.21076012 8.78193665 21.84688377
v -16.50464249 6.00719833 21.84688377
v -17.29703903 3.04993463 21.84688377
v -17.56387329 0.00000000 21.84688377
v -17.29703903 -3.04993463 21.84688377
v -16.50464249 -6.00719833 21.84688377
v -15.21076012 -8.78193665 21.84688377
v -13.45470715 -11.28983974 21.84688377
v -11.28983974 -13.45470715 21.84688377
v -8.78193665 -15.21076012 21.84688377
v -6.00719833 -16.50464249 21.84688377
v -3.04993463 -17.29703903 21.84688377
v -0.00000000 -17.56387329 21.84688377
v 3.04993463 -17.29703903 21.84688377
v 6.00719833 -16.50464249 21.84688377
v 8.78193665 -15.21076012 21.84688377
v 11.28983974 -13.45470715 21.84688377
v 13.45470715 -11.28983974 21.84688377
v 15.21076012 -8.78193665 21.84688377
v 16.50464249 -6.00719833 21.84688377
v 17.29703903 -3.04993463 21.84688377
v 17.39410782 0 21.87788773
v 17.12985420 3.02045512 21.87788773
v 16.34511566 5.94913530 21.87788773
v 15.06373978 8.69705391 21.87788773
v 13.32466030 11.18071747 21.87788773
v 11.18071747 13.32466030 21.87788773
v 8.69705391 15.06373978 21.87788773
v 5.94913530 16.34511566 21.87788773
v 3.02045512 17.12985420 21.87788773
v 0.00000000 17.39410782 21.87788773
v -3.02045512 17.12985420 21.87788773
v -5.94913530 16.34511566 21.87788773
v -8.69705391 15.06373978 21.87788773
v -11.18071747 13.32466030 21.87788773
v -13.32466030 11.18071747 21.87788773
v -15.06373978 8.69705391 21.87788773
v -16.34511566 5.94913530 21.87788773
v -17.12985420 3.02045512 21.87788773
v -17.39410782 0.00000000 21.87788773
v -17.12985420 -3.02045512 21.87788773
v -16.34511566 -5.94913530 21.87788773
v -15.06373978 -8.69705391 21.87788773
v -13.32466030 -11.18071747 21.87788773
v -11.18071747 -13.32466030 21.87788773
v -8.69705391 -15.06373978 21.87788773
v -5.94913530 -16.34511566 21.87788773
v -3.02045512 -17.12985420 21.87788773
v -0.00000000 -17.39410782 21.87788773
v 3.02045512 -17.12985420 21.87788773
v 5.94913530 -16.34511566 21.87788773
v 8.69705391 -15.06373978 21.87788773
v 11.18071747 -13.32466030 21.87788773
v 13.32466030 -11.18071747 21.87788773
v 15.06373978 -8.69705391 21.87788773
v 16.34511566 -5.94913530 21.87788773
v 17.12985420 -3.02045512 21.87788773
v -18.30000114 0.00000000 20.88232613
v -18.02198219 -3.17776155 20.88232613
v -17.19637680 -6.25896883 20.88232613
v -15.84826374 -9.15000057 20.88232613
v -14.01861286 -11.76301289 20.88232613
v -11.76301289 -14.01861286 20.88232613
v -9.15000057 -15.84826374 20.88232613
v -6.25896883 -17.19637680 20.88232613
v -3.17776155 -18.02198219 20.88232613
v -0.00000000 -18.30000114 20.88232613
v 3.17776155 -18.02198219 20.88232613
v 6.25896883 -17.19637680 20.88232613
v 9.15000057 -15.84826374 20.88232613
v 11.76301289 -14.01861286 20.88232613
v 14.01861286 -11.76301289 20.88232613
v 15.84826374 -9.15000057 20.88232613
v 17.19637680 -6.25896883 20.88232613
v 18.02198219 -3.17776155 20.88232613
v 18.30000114 -0.00000000 20.88232613
v 18.02198219 3.17776155 20.88232613
v 17.19637680 6.25896883 20.88232613
v 15.84826374 9.15000057 20.88232613
v 14.01861286 11.76301289 20.88232613
v 11.76301289 14.01861286 20.88232613
v 9.15000057 15.84826374 20.88232613
v 6.25896883 17.19637680 20.88232613
v 3.17776155 18.02198219 20.88232613
v 0.00000000 18.30000114 20.88232613
v -3.17776155 18.02198219 20.88232613
v -6.25896883 17.19637680 20.88232613
v -9.15000057 15.84826374 20.88232613
v -11.76301289 14.01861286 20.88232613
v -14.01861286 11.76301289 20.88232613
v -15.84826374 9.15000057 20.88232613
v -17.19637680 6.25896883 20.88232613
v -18.02198219 3.17776155 20.88232613
v -18.30000114 0 9.20232582
v -18.30000114 0 12.12232590
v -18.02198219 -3.17776155 9.20232582
v -18.30000114 0 15.04232502
v -18.02198219 -3.17776155 12.12232590
v -18.30000114 0 17.96232605
v -18.02198219 -3.17776155 15.04232502
v -18.02198219 -3.17776155 17.96232605
v -17.19637680 -6.25896883 9.20232582
v -17.19637680 -6.25896883 12.12232590
v -17.19637680 -6.25896883 15.04232502
v -17.19637680 -6.25896883 17.96232605
v -15.84826374 -9.15000057 9.20232582
v -15.84826374 -9.15000057 12.12232590
v -15.84826374 -9.15000057 15.04232502
v -15.84826374 -9.15000057 17.96232605
v -14.01861286 -11.76301289 9.20232582
v -14.01861286 -11.76301289 12.12232590
v -14.01861286 -11.76301289 15.04232502
v -14.01861286 -11.76301289 17.96232605
v -11.76301289 -14.01861286 9.20232582
v -11.76301289 -14.01861286 12.12232590
v -11.76301289 -14.01861286 15.04232502
v -11.76301289 -14.01861286 17.96232605
v -9.15000057 -15.84826374 9.20232582
v -9.15000057 -15.84826374 12.12232590
v -9.15000057 -15.84826374 15.04232502
v -9.15000057 -15.84826374 17.96232605
v -6.25896883 -17.19637680 9.20232582
v -6.25896883 -17.19637680 12.12232590
v -6.25896883 -17.19637680 15.04232502
v -6.25896883 -17.19637680 17.96232605
v -3.17776155 -18.02198219 9.20232582
v -3.17776155 -18.02198219 12.12232590
v -3.17776155 -18.02198219 15.04232502
v -3.17776155 -18.02198219 17.96232605
v -0.00000000 -18.30000114 9.20232582
v -0.00000000 -18.30000114 12.12232590
v -0.00000000 -18.30000114 15.04232502
v -0.00000000 -18.30000114 17.96232605
v 3.17776155 -18.02198219 9.20232582
v 3.17776155 -18.02198219 12.12232590
v 3.17776155 -18.02198219 15.04232502
v 3.17776155 -18.02198219 17.96232605
v 6.25896883 -17.19637680 9.20232582
v 6.25896883 -17.19637680 12.12232590
v 6.25896883 -17.19637680 15.04232502
v 6.25896883 -17.19637680 17.96232605
v 9.15000057 -15.84826374 9.20232582
v 9.15000057 -15.84826374 12.12232590
v 9.15000057 -15.84826374 15.04232502
v 9.15000057 -15.84826374 17.96232605
v 11.76301289 -14.01861286 9.20232582
v 11.76301289 -14.01861286 12.12232590
v 11.76301289 -14.01861286 15.04232502
v 11.76301289 -14.01861286 17.96232605
v 14.01861286 -11.76301289 9.20232582
v 14.01861286 -11.76301289 12.12232590
v 14.01861286 -11.76301289 15.04232502
v 14.01861286 -11.76301289 17.96232605
v 15.84826374 -9.15000057 9.20232582
v 15.84826374 -9.15000057 12.12232590
v 15.84826374 -9.15000057 15.04232502
v 15.84826374 -9.15000057 17.96232605
v 17.19637680 -6.25896883 9.20232582
v 17.19637680 -6.25896883 12.12232590
v 17.19637680 -6.25896883 15.04232502
v 17.19637680 -6.25896883 17.96232605
v 18.02198219 -3.17776155 9.20232582
v 18.02198219 -3.17776155 12.12232590
v 18.02198219 -3.17776155 15.04232502
v 18.02198219 -3.17776155 17.96232605
v 18.30000114 -0.00000000 9.20232582
v 18.30000114 -0.00000000 12.12232590
v 18.30000114 -0.00000000 15.04232502
v 18.30000114 -0.00000000 17.96232605
v 18.02198219 3.17776155 9.20232582
v 18.02198219 3.17776155 12.12232590
v 18.02198219 3.17776155 15.04232502
v 18.02198219 3.17776155 17.96232605
v 17.19637680 6.25896883 9.20232582
v 17.19637680 6.25896883 12.12232590
v 17.19637680 6.25896883 15.04232502
v 17.19637680 6.25896883 17.96232605
v 15.84826374 9.15000057 9.20232582
v 15.84826374 9.15000057 12.12232590
v 15.84826374 9.15000057 15.04232502
v 15.84826374 9.15000057 17.96232605
v 14.01861286 11.76301289 9.20232582
v 14.01861286 11.76301289 12.12232590
v 14.01861286 11.76301289 15.04232502
v 14.01861286 11.76301289 17.96232605
v 11.76301289 14.01861286 9.20232582
v 11.76301289 14.01861286 12.12232590
v 11.76301289 14.01861286 15.04232502
v 11.76301289 14.01861286 17.96232605
v 9.15000057 15.84826374 9.20232582
v 9.15000057 15.84826374 12.12232590
v 9.15000057 15.84826374 15.04232502
v 9.15000057 15.84826374 17.96232605
v 6.25896883 17.19637680 9.20232582
v 6.25896883 17.19637680 12.12232590
v 6.25896883 17.19637680 15.04232502
v 6.25896883 17.19637680 17.96232605
v 3.17776155 18.02198219 9.20232582
v 3.17776155 18.02198219 12.12232590
v 3.17776155 18.02198219 15.04232502
v 3.17776155 18.02198219 17.96232605
v 0.00000000 18.30000114 9.20232582
v 0.00000000 18.30000114 12.12232590
v 0.00000000 18.30000114 15.04232502
v 0.00000000 18.30000114 17.96232605
v -3.17776155 18.02198219 9.20232582
v -3.17776155 18.02198219 12.12232590
v -3.17776155 18.02198219 15.04232502
v -3.17776155 18.02198219 17.96232605
v -6.25896883 17.19637680 9.20232582
v -6.25896883 17.19637680 12.12232590
v -6.25896883 17.19637680 15.04232502
v -6.25896883 17.19637680 17.96232605
v -9.15000057 15.84826374 9.20232582
v -9.15000057 15.84826374 12.12232590
v -9.15000057 15.84826374 15.04232502
v -9.15000057 15.84826374 17.96232605
v -11.76301289 14.01861286 9.20232582
v -11.76301289 14.01861286 12.12232590
v -11.76301289 14.01861286 15.04232502
v -11.76301289 14.01861286 17.96232605
v -14.01861286 11.76301289 9.20232582
v -14.01861286 11.76301289 12.12232590
v -14.01861286 11.76301289 15.04232502
v -14.01861286 11.76301289 17.96232605
v -15.84826374 9.15000057 9.20232582
v -15.84826374 9.15000057 12.12232590
v -15.84826374 9.15000057 15.04232502
v -15.84826374 9.15000057 17.96232605
v -17.19637680 6.25896883 9.20232582
v -17.19637680 6.25896883 12.12232590
v -17.19637680 6.25896883 15.04232502
v -17.19637680 6.25896883 17.96232605
v -18.02198219 3.17776155 9.20232582
v -18.02198219 3.17776155 12.12232590
v -18.02198219 3.17776155 15.04232502
v -18.02198219 3.17776155 17.96232605
v -7.00303984 14.00607967 6.28232574
v -3.50151992 14.00607967 6.28232574
v -3.50151992 10.50455952 6.28232574
v 3.50151992 14.00607967 6.28232574
v 7.00303984 14.00607967 6.28232574
v 7.00303984 10.50455952 6.28232574
v -14.00607967 7.00303984 6.28232574
v -10.50455952 7.00303984 6.28232574
v -10.50455952 3.50151992 6.28232574
v 10.50455952 7.00303984 6.28232574
v 14.00607967 7.00303984 6.28232574
v 14.00607967 3.50151992 6.28232574
v -14.00607967 -3.50151992 6.28232574
v -10.50455952 -3.50151992 6.28232574
v -10.50455952 -7.00303984 6.28232574
v 10.50455952 -3.50151992 6.28232574
v 14.00607967 -3.50151992 6.28232574
v 14.00607967 -7.00303984 6.28232574
v -7.00303984 -10.50455952 6.28232574
v -3.50151992 -10.50455952 6.28232574
v -3.50151992 -14.00607967 6.28232574
v 3.50151992 -10.50455952 6.28232574
v 7.00303984 -10.50455952 6.28232574
v 7.00303984 -14.00607967 6.28232574
v 14.00607967 -0.00000000 6.28232574
v 17.30000114 -0.00000000 6.28232574
v 17.03717422 -3.00411344 6.28232574
v 16.25668335 -5.91694832 6.28232574
v 16.93994141 -3.51117873 6.28232574
v 15.80738449 -7.02969217 6.28232574
v 14.98223972 -8.65000057 6.28232574
v 10.50455952 -7.00303984 6.28232574
v 14.05911446 -10.08123493 6.28232574
v 13.72404385 -10.53283596 6.28232574
v 10.50455952 -10.50455952 6.28232574
v 13.25256824 -11.12022495 6.28232574
v 11.12022495 -13.25256824 6.28232574
v 10.53283596 -13.72404385 6.28232574
v 10.08123493 -14.05911446 6.28232574
v 8.65000057 -14.98223972 6.28232574
v 7.02969217 -15.80738449 6.28232574
v 5.91694832 -16.25668335 6.28232574
v 3.50151992 -14.00607967 6.28232574
v -0.00000000 -14.00607967 6.28232574
v 3.00411344 -17.03717422 6.28232574
v 3.51117873 -16.93994141 6.28232574
v -0.00000000 -17.30000114 6.28232574
v -3.00411344 -17.03717422 6.28232574
v -7.00303984 -14.00607967 6.28232574
v -5.91694832 -16.25668335 6.28232574
v -3.51117873 -16.93994141 6.28232574
v -7.02969217 -15.80738449 6.28232574
v -8.65000057 -14.98223972 6.28232574
v -10.08123493 -14.05911446 6.28232574
v -10.53283596 -13.72404385 6.28232574
v -10.50455952 -10.50455952 6.28232574
v -11.12022495 -13.25256824 6.28232574
v -13.25256824 -11.12022495 6.28232574
v -13.72404385 -10.53283596 6.28232574
v -14.05911446 -10.08123493 6.28232574
v -14.00607967 -7.00303984 6.28232574
v -14.98223972 -8.65000057 6.28232574
v -15.80738449 -7.02969217 6.28232574
v -16.25668335 -5.91694832 6.28232574
v -14.00607967 -0.00000000 6.28232574
v -17.03717422 -3.00411344 6.28232574
v -16.93994141 -3.51117873 6.28232574
v -17.30000114 0.00000000 6.28232574
v -17.03717422 3.00411344 6.28232574
v -14.00607967 3.50151992 6.28232574
v -16.25668335 5.91694832 6.28232574
v -16.93994141 3.51117873 6.28232574
v -15.80738449 7.02969217 6.28232574
v -14.98223972 8.65000057 6.28232574
v -14.05911446 10.08123493 6.28232574
v -13.72404385 10.53283596 6.28232574
v -10.50455952 10.50455952 6.28232574
v -13.25256824 11.12022495 6.28232574
v -11.12022495 13.25256824 6.28232574
v -7.00303984 10.50455952 6.28232574
v -10.53283596 13.72404385 6.28232574
v -10.08123493 14.05911446 6.28232574
v -8.65000057 14.98223972 6.28232574
v -7.02969217 15.80738449 6.28232574
v -5.91694832 16.25668335 6.28232574
v -0.00000000 14.00607967 6.28232574
v -3.00411344 17.03717422 6.28232574
v -3.51117873 16.93994141 6.28232574
v 0.00000000 17.30000114 6.28232574
v 3.00411344 17.03717422 6.28232574
v 5.91694832 16.25668335 6.28232574
v 3.51117873 16.93994141 6.28232574
v 7.02969217 15.80738449 6.28232574
v 8.65000057 14.98223972 6.28232574
v 10.08123493 14.05911446 6.28232574
v 10.53283596 13.72404385 6.28232574
v 10.50455952 10.50455952 6.28232574
v 11.12022495 13.25256824 6.28232574
v 13.25256824 11.12022495 6.28232574
v 13.72404385 10.53283596 6.28232574
v 14.05911446 10.08123493 6.28232574
v 14.98223972 8.65000057 6.28232574
v 15.80738449 7.02969217 6.28232574
v 16.25668335 5.91694832 6.28232574
v 17.03717422 3.00411344 6.28232574
v 16.93994141 3.51117873 6.28232574
v 10.94999981 -0.00000000 6.28232574
v 10.78364563 1.90144753 6.28232574
v 10.50455952 3.50151992 6.28232574
v 10.28963470 3.74512053 6.28232574
v 9.48297787 5.47499990 6.28232574
v 8.41606712 7.00516415 6.28232574
v 7.03852415 8.38818645 6.28232574
v 7.00516415 8.41606712 6.28232574
v 8.38818645 7.03852415 6.28232574
v 5.47499990 9.48297787 6.28232574
v 3.74512053 10.28963470 6.28232574
v 1.90144753 10.78364563 6.28232574
v 3.50151992 10.50455952 6.28232574
v 0.00000000 10.94999981 6.28232574
v -1.90144753 10.78364563 6.28232574
v -3.74512053 10.28963470 6.28232574
v -5.47499990 9.48297787 6.28232574
v -7.00516415 8.41606712 6.28232574
v -8.38818645 7.03852415 6.28232574
v -8.41606712 7.00516415 6.28232574
v -7.03852415 8.38818645 6.28232574
v -9.48297787 5.47499990 6.28232574
v -10.28963470 3.74512053 6.28232574
v -10.78364563 1.90144753 6.28232574
v -10.94999981 0.00000000 6.28232574
v -10.78364563 -1.90144753 6.28232574
v -10.28963470 -3.74512053 6.28232574
v -9.48297787 -5.47499990 6.28232574
v -7.03852415 -8.38818645 6.28232574
v -7.00516415 -8.41606712 6.28232574
v -8.38818645 -7.03852415 6.28232574
v -8.41606712 -7.00516415 6.28232574
v -5.47499990 -9.48297787 6.28232574
v -3.74512053 -10.28963470 6.28232574
v -1.90144753 -10.78364563 6.28232574
v -0.00000000 -10.94999981 6.28232574
v 1.90144753 -10.78364563 6.28232574
v 3.74512053 -10.28963470 6.28232574
v 5.47499990 -9.48297787 6.28232574
v 8.38818645 -7.03852415 6.28232574
v 8.41606712 -7.00516415 6.28232574
v 7.03852415 -8.38818645 6.28232574
v 7.00516415 -8.41606712 6.28232574
v 9.48297787 -5.47499990 6.28232574
v 10.28963470 -3.74512053 6.28232574
v 10.78364563 -1.90144753 6.28232574
v -10.78364563 1.90144753 9.20232582
v -10.94999981 0.00000000 9.20232582
v -10.78364563 1.90144753 12.12232590
v -10.94999981 0.00000000 12.12232590
v -10.78364563 1.90144753 15.04232502
v -10.94999981 0.00000000 15.04232502
v -10.78364563 1.90144753 17.96232605
v -10.94999981 0.00000000 17.96232605
v -10.78364563 1.90144753 20.88232613
v -10.94999981 0.00000000 20.88232613
v -10.28963470 3.74512053 9.20232582
v -10.28963470 3.74512053 12.12232590
v -10.28963470 3.74512053 15.04232502
v -10.28963470 3.74512053 17.96232605
v -10.28963470 3.74512053 20.88232613
v -9.48297787 5.47499990 9.20232582
v -9.48297787 5.47499990 12.12232590
v -9.48297787 5.47499990 15.04232502
v -9.48297787 5.47499990 17.96232605
v -9.48297787 5.47499990 20.88232613
v -8.38818645 7.03852415 9.20232582
v -8.38818645 7.03852415 12.12232590
v -8.38818645 7.03852415 15.04232502
v -8.38818645 7.03852415 17.96232605
v -8.41606712 7.00516415 20.88232613
v -8.38818645 7.03852415 20.88232613
v -7.03852415 8.38818645 9.20232582
v -7.03852415 8.38818645 12.12232590
v -7.03852415 8.38818645 15.04232502
v -7.03852415 8.38818645 17.96232605
v -7.03852415 8.38818645 20.88232613
v -5.47499990 9.48297787 9.20232582
v -5.47499990 9.48297787 12.12232590
v -5.47499990 9.48297787 15.04232502
v -5.47499990 9.48297787 17.96232605
v -5.47499990 9.48297787 20.88232613
v -7.00516415 8.41606712 20.88232613
v -3.74512053 10.28963470 9.20232582
v -3.74512053 10.28963470 12.12232590
v -3.74512053 10.28963470 15.04232502
v -3.74512053 10.28963470 17.96232605
v -3.74512053 10.28963470 20.88232613
v -1.90144753 10.78364563 9.20232582
v -1.90144753 10.78364563 12.12232590
v -1.90144753 10.78364563 15.04232502
v -1.90144753 10.78364563 17.96232605
v -1.90144753 10.78364563 20.88232613
v 0.00000000 10.94999981 9.20232582
v 0.00000000 10.94999981 12.12232590
v 0.00000000 10.94999981 15.04232502
v 0.00000000 10.94999981 17.96232605
v 0.00000000 10.94999981 20.88232613
v 1.90144753 10.78364563 9.20232582
v 1.90144753 10.78364563 12.12232590
v 1.90144753 10.78364563 15.04232502
v 1.90144753 10.78364563 17.96232605
v 1.90144753 10.78364563 20.88232613
v 3.74512053 10.28963470 9.20232582
v 3.74512053 10.28963470 12.12232590
v 3.74512053 10.28963470 15.04232502
v 3.74512053 10.28963470 17.96232605
v 3.74512053 10.28963470 20.88232613
v 5.47499990 9.48297787 9.20232582
v 5.47499990 9.48297787 12.12232590
v 5.47499990 9.48297787 15.04232502
v 5.47499990 9.48297787 17.96232605
v 5.47499990 9.48297787 20.88232613
v 7.03852415 8.38818645 9.20232582
v 7.03852415 8.38818645 12.12232590
v 7.03852415 8.38818645 15.04232502
v 7.03852415 8.38818645 17.96232605
v 7.00516415 8.41606712 20.88232613
v 7.03852415 8.38818645 20.88232613
v 8.38818645 7.03852415 9.20232582
v 8.38818645 7.03852415 12.12232590
v 8.38818645 7.03852415 15.04232502
v 8.38818645 7.03852415 17.96232605
v 8.38818645 7.03852415 20.88232613
v 9.48297787 5.47499990 9.20232582
v 9.48297787 5.47499990 12.12232590
v 9.48297787 5.47499990 15.04232502
v 9.48297787 5.47499990 17.96232605
v 9.48297787 5.47499990 20.88232613
v 8.41606712 7.00516415 20.88232613
v 10.28963470 3.74512053 9.20232582
v 10.28963470 3.74512053 12.12232590
v 10.28963470 3.74512053 15.04232502
v 10.28963470 3.74512053 17.96232605
v 10.28963470 3.74512053 20.88232613
v 10.78364563 1.90144753 9.20232582
v 10.78364563 1.90144753 12.12232590
v 10.78364563 1.90144753 15.04232502
v 10.78364563 1.90144753 17.96232605
v 10.78364563 1.90144753 20.88232613
v 10.94999981 -0.00000000 9.20232582
v 10.94999981 -0.00000000 12.12232590
v 10.94999981 -0.00000000 15.04232502
v 10.94999981 -0.00000000 17.96232605
v 10.94999981 -0.00000000 20.88232613
v 10.78364563 -1.90144753 9.20232582
v 10.78364563 -1.90144753 12.12232590
v 10.78364563 -1.90144753 15.04232502
v 10.78364563 -1.90144753 17.96232605
v 10.78364563 -1.90144753 20.88232613
v 10.28963470 -3.74512053 9.20232582
v 10.28963470 -3.74512053 12.12232590
v 10.28963470 -3.74512053 15.04232502
v 10.28963470 -3.74512053 17.96232605
v 10.28963470 -3.74512053 20.88232613
v 9.48297787 -5.47499990 9.20232582
v 9.48297787 -5.47499990 12.12232590
v 9.48297787 -5.47499990 15.04232502
v 9.48297787 -5.47499990 17.96232605
v 9.48297787 -5.47499990 20.88232613
v 8.38818645 -7.03852415 9.20232582
v 8.38818645 -7.03852415 12.12232590
v 8.38818645 -7.03852415 15.04232502
v 8.38818645 -7.03852415 17.96232605
v 8.41606712 -7.00516415 20.88232613
v 8.38818645 -7.03852415 20.88232613
v 7.03852415 -8.38818645 9.20232582
v 7.03852415 -8.38818645 12.12232590
v 7.03852415 -8.38818645 15.04232502
v 7.03852415 -8.38818645 17.96232605
v 7.03852415 -8.38818645 20.88232613
v 5.47499990 -9.48297787 9.20232582
v 5.47499990 -9.48297787 12.12232590
v 5.47499990 -9.48297787 15.04232502
v 5.47499990 -9.48297787 17.96232605
v 5.47499990 -9.48297787 20.88232613
v 7.00516415 -8.41606712 20.88232613
v 3.74512053 -10.28963470 9.20232582
v 3.74512053 -10.28963470 12.12232590
v 3.74512053 -10.28963470 15.04232502
v 3.74512053 -10.28963470 17.96232605
v 3.74512053 -10.28963470 20.88232613
v 1.90144753 -10.78364563 9.20232582
v 1.90144753 -10.78364563 12.12232590
v 1.90144753 -10.78364563 15.04232502
v 1.90144753 -10.78364563 17.96232605
v 1.90144753 -10.78364563 20.88232613
v -0.00000000 -10.94999981 9.20232582
v -0.00000000 -10.94999981 12.12232590
v -0.00000000 -10.94999981 15.04232502
v -0.00000000 -10.94999981 17.96232605
v -0.00000000 -10.94999981 20.88232613
v -1.90144753 -10.78364563 9.20232582
v -1.90144753 -10.78364563 12.12232590
v -1.90144753 -10.78364563 15.04232502
v -1.90144753 -10.78364563 17.96232605
v -1.90144753 -10.78364563 20.88232613
v -3.74512053 -10.28963470 9.20232582
v -3.74512053 -10.28963470 12.12232590
v -3.74512053 -10.28963470 15.04232502
v -3.74512053 -10.28963470 17.96232605
v -3.74512053 -10.28963470 20.88232613
v -5.47499990 -9.48297787 9.20232582
v -5.47499990 -9.48297787 12.12232590
v -5.47499990 -9.48297787 15.04232502
v -5.47499990 -9.48297787 17.96232605
v -5.47499990 -9.48297787 20.88232613
v -7.03852415 -8.38818645 9.20232582
v -7.03852415 -8.38818645 12.12232590
v -7.03852415 -8.38818645 15.04232502
v -7.03852415 -8.38818645 17.96232605
v -7.00516415 -8.41606712 20.88232613
v -7.03852415 -8.38818645 20.88232613
v -8.38818645 -7.03852415 9.20232582
v -8.38818645 -7.03852415 12.12232590
v -8.38818645 -7.03852415 15.04232502
v -8.38818645 -7.03852415 17.96232605
v -8.38818645 -7.03852415 20.88232613
v -9.48297787 -5.47499990 9.20232582
v -9.48297787 -5.47499990 12.12232590
v -9.48297787 -5.47499990 15.04232502
v -9.48297787 -5.47499990 17.96232605
v -9.48297787 -5.47499990 20.88232613
v -8.41606712 -7.00516415 20.88232613
v -10.28963470 -3.74512053 9.20232582
v -10.28963470 -3.74512053 12.12232590
v -10.28963470 -3.74512053 15.04232502
v -10.28963470 -3.74512053 17.96232605
v -10.28963470 -3.74512053 20.88232613
v -10.78364563 -1.90144753 9.20232582
v -10.78364563 -1.90144753 12.12232590
v -10.78364563 -1.90144753 15.04232502
v -10.78364563 -1.90144753 17.96232605
v -10.78364563 -1.90144753 20.88232613
v -17.30000114 0 9.20232582
v -17.30000114 0 12.12232590
v -17.03717422 -3.00411344 9.20232582
v -17.30000114 0 15.04232502
v -17.03717422 -3.00411344 12.12232590
v -17.30000114 0 17.96232605
v -17.03717422 -3.00411344 15.04232502
v -17.30000114 0.00000000 20.88232613
v -17.03717422 -3.00411344 17.96232605
v -16.25668335 -5.91694832 9.20232582
v -16.25668335 -5.91694832 12.12232590
v -16.25668335 -5.91694832 15.04232502
v -16.25668335 -5.91694832 17.96232605
v -16.25668335 -5.91694832 20.88232613
v -16.93994141 -3.51117873 20.88232613
v -14.98223972 -8.65000057 9.20232582
v -14.98223972 -8.65000057 12.12232590
v -14.98223972 -8.65000057 15.04232502
v -14.98223972 -8.65000057 17.96232605
v -14.98223972 -8.65000057 20.88232613
v -15.80738449 -7.02969217 20.88232613
v -13.25256824 -11.12022495 9.20232582
v -13.25256824 -11.12022495 12.12232590
v -13.25256824 -11.12022495 15.04232502
v -13.25256824 -11.12022495 17.96232605
v -14.05911446 -10.08123493 20.88232613
v -13.72404385 -10.53283596 20.88232613
v -13.25256824 -11.12022495 20.88232613
v -11.12022495 -13.25256824 9.20232582
v -11.12022495 -13.25256824 12.12232590
v -11.12022495 -13.25256824 15.04232502
v -11.12022495 -13.25256824 17.96232605
v -8.65000057 -14.98223972 9.20232582
v -8.65000057 -14.98223972 12.12232590
v -8.65000057 -14.98223972 15.04232502
v -10.08123493 -14.05911446 20.88232613
v -10.53283596 -13.72404385 20.88232613
v -8.65000057 -14.98223972 17.96232605
v -8.65000057 -14.98223972 20.88232613
v -5.91694832 -16.25668335 9.20232582
v -5.91694832 -16.25668335 12.12232590
v -5.91694832 -16.25668335 15.04232502
v -5.91694832 -16.25668335 17.96232605
v -7.02969217 -15.80738449 20.88232613
v -5.91694832 -16.25668335 20.88232613
v -3.00411344 -17.03717422 9.20232582
v -3.00411344 -17.03717422 12.12232590
v -3.00411344 -17.03717422 15.04232502
v -3.00411344 -17.03717422 17.96232605
v -3.51117873 -16.93994141 20.88232613
v -3.00411344 -17.03717422 20.88232613
v -0.00000000 -17.30000114 9.20232582
v -0.00000000 -17.30000114 12.12232590
v -0.00000000 -17.30000114 15.04232502
v -0.00000000 -17.30000114 17.96232605
v 3.00411344 -17.03717422 9.20232582
v 3.00411344 -17.03717422 12.12232590
v 3.00411344 -17.03717422 15.04232502
v -0.00000000 -17.30000114 20.88232613
v 3.00411344 -17.03717422 17.96232605
v 5.91694832 -16.25668335 9.20232582
v 5.91694832 -16.25668335 12.12232590
v 5.91694832 -16.25668335 15.04232502
v 5.91694832 -16.25668335 17.96232605
v 5.91694832 -16.25668335 20.88232613
v 3.51117873 -16.93994141 20.88232613
v 8.65000057 -14.98223972 9.20232582
v 8.65000057 -14.98223972 12.12232590
v 8.65000057 -14.98223972 15.04232502
v 8.65000057 -14.98223972 17.96232605
v 8.65000057 -14.98223972 20.88232613
v 7.02969217 -15.80738449 20.88232613
v 11.12022495 -13.25256824 9.20232582
v 11.12022495 -13.25256824 12.12232590
v 11.12022495 -13.25256824 15.04232502
v 11.12022495 -13.25256824 17.96232605
v 10.08123493 -14.05911446 20.88232613
v 10.53283596 -13.72404385 20.88232613
v 11.12022495 -13.25256824 20.88232613
v 13.25256824 -11.12022495 9.20232582
v 13.25256824 -11.12022495 12.12232590
v 13.25256824 -11.12022495 15.04232502
v 13.25256824 -11.12022495 17.96232605
v 14.98223972 -8.65000057 9.20232582
v 14.98223972 -8.65000057 12.12232590
v 14.98223972 -8.65000057 15.04232502
v 14.05911446 -10.08123493 20.88232613
v 13.72404385 -10.53283596 20.88232613
v 14.98223972 -8.65000057 17.96232605
v 14.98223972 -8.65000057 20.88232613
v 16.25668335 -5.91694832 9.20232582
v 16.25668335 -5.91694832 12.12232590
v 16.25668335 -5.91694832 15.04232502
v 16.25668335 -5.91694832 17.96232605
v 15.80738449 -7.02969217 20.88232613
v 16.25668335 -5.91694832 20.88232613
v 17.03717422 -3.00411344 9.20232582
v 17.03717422 -3.00411344 12.12232590
v 17.03717422 -3.00411344 15.04232502
v 17.03717422 -3.00411344 17.96232605
v 16.93994141 -3.51117873 20.88232613
v 17.03717422 -3.00411344 20.88232613
v 17.30000114 -0.00000000 9.20232582
v 17.30000114 -0.00000000 12.12232590
v 17.30000114 -0.00000000 15.04232502
v 17.30000114 -0.00000000 17.96232605
v 17.03717422 3.00411344 9.20232582
v 17.03717422 3.00411344 12.12232590
v 17.03717422 3.00411344 15.04232502
v 17.30000114 -0.00000000 20.88232613
v 17.03717422 3.00411344 17.96232605
v 16.25668335 5.91694832 9.20232582
v 16.25668335 5.91694832 12.12232590
v 16.25668335 5.91694832 15.04232502
v 16.25668335 5.91694832 17.96232605
v 16.25668335 5.91694832 20.88232613
v 16.93994141 3.51117873 20.88232613
v 14.98223972 8.65000057 9.20232582
v 14.98223972 8.65000057 12.12232590
v 14.98223972 8.65000057 15.04232502
v 14.98223972 8.65000057 17.96232605
v 14.98223972 8.65000057 20.88232613
v 15.80738449 7.02969217 20.88232613
v 13.25256824 11.12022495 9.20232582
v 13.25256824 11.12022495 12.12232590
v 13.25256824 11.12022495 15.04232502
v 13.25256824 11.12022495 17.96232605
v 14.05911446 10.08123493 20.88232613
v 13.72404385 10.53283596 20.88232613
v 13.25256824 11.12022495 20.88232613
v 11.12022495 13.25256824 9.20232582
v 11.12022495 13.25256824 12.12232590
v 11.12022495 13.25256824 15.04232502
v 11.12022495 13.25256824 17.96232605
v 8.65000057 14.98223972 9.20232582
v 8.65000057 14.98223972 12.12232590
v 8.65000057 14.98223972 15.04232502
v 10.08123493 14.05911446 20.88232613
v 10.53283596 13.72404385 20.88232613
v 8.65000057 14.98223972 17.96232605
v 8.65000057 14.98223972 20.88232613
v 5.91694832 16.25668335 9.20232582
v 5.91694832 16.25668335 12.12232590
v 5.91694832 16.25668335 15.04232502
v 5.91694832 16.25668335 17.96232605
v 7.02969217 15.80738449 20.88232613
v 5.91694832 16.25668335 20.88232613
v 3.00411344 17.03717422 9.20232582
v 3.00411344 17.03717422 12.12232590
v 3.00411344 17.03717422 15.04232502
v 3.00411344 17.03717422 17.96232605
v 3.51117873 16.93994141 20.88232613
v 3.00411344 17.03717422 20.88232613
v 0.00000000 17.30000114 9.20232582
v 0.00000000 17.30000114 12.12232590
v 0.00000000 17.30000114 15.04232502
v 0.00000000 17.30000114 17.96232605
v -3.00411344 17.03717422 9.20232582
v -3.00411344 17.03717422 12.12232590
v -3.00411344 17.03717422 15.04232502
v 0.00000000 17.30000114 20.88232613
v -3.00411344 17.03717422 17.96232605
v -5.91694832 16.25668335 9.20232582
v -5.91694832 16.25668335 12.12232590
v -5.91694832 16.25668335 15.04232502
v -5.91694832 16.25668335 17.96232605
v -5.91694832 16.25668335 20.88232613
v -3.51117873 16.93994141 20.88232613
v -8.65000057 14.98223972 9.20232582
v -8.65000057 14.98223972 12.12232590
v -8.65000057 14.98223972 15.04232502
v -8.65000057 14.98223972 17.96232605
v -8.65000057 14.98223972 20.88232613
v -7.02969217 15.80738449 20.88232613
v -11.12022495 13.25256824 9.20232582
v -11.12022495 13.25256824 12.12232590
v -11.12022495 13.25256824 15.04232502
v -11.12022495 13.25256824 17.96232605
v -10.08123493 14.05911446 20.88232613
v -10.53283596 13.72404385 20.88232613
v -11.12022495 13.25256824 20.88232613
v -13.25256824 11.12022495 9.20232582
v -13.25256824 11.12022495 12.12232590
v -13.25256824 11.12022495 15.04232502
v -13.25256824 11.12022495 17.96232605
v -14.98223972 8.65000057 9.20232582
v -14.98223972 8.65000057 12.12232590
v -14.98223972 8.65000057 15.04232502
v -14.05911446 10.08123493 20.88232613
v -13.72404385 10.53283596 20.88232613
v -14.98223972 8.65000057 17.96232605
v -14.98223972 8.65000057 20.88232613
v -16.25668335 5.91694832 9.20232582
v -16.25668335 5.91694832 12.12232590
v -16.25668335 5.91694832 15.04232502
v -16.25668335 5.91694832 17.96232605
v -15.80738449 7.02969217 20.88232613
v -16.25668335 5.91694832 20.88232613
v -17.03717422 3.00411344 9.20232582
v -17.03717422 3.00411344 12.12232590
v -17.03717422 3.00411344 15.04232502
v -17.03717422 3.00411344 17.96232605
v -16.93994141 3.51117873 20.88232613
v -17.03717422 3.00411344 20.88232613
v -13.25256824 11.12022495 20.88232613
v -3.00411344 17.03717422 20.88232613
v 11.12022495 13.25256824 20.88232613
v 17.03717422 3.00411344 20.88232613
v 13.25256824 -11.12022495 20.88232613
v 3.00411344 -17.03717422 20.88232613
v -11.12022495 -13.25256824 20.88232613
v -17.03717422 -3.00411344 20.88232613
v 7.00303984 14.00607967 20.88232613
v 3.50151992 14.00607967 20.88232613
v 3.50151992 10.50455952 20.88232613
v -3.50151992 14.00607967 20.88232613
v -7.00303984 14.00607967 20.88232613
v -7.00303984 10.50455952 20.88232613
v 14.00607967 7.00303984 20.88232613
v 10.50455952 7.00303984 20.88232613
v 10.50455952 3.50151992 20.88232613
v -10.50455952 7.00303984 20.88232613
v -14.00607967 7.00303984 20.88232613
v -14.00607967 3.50151992 20.88232613
v 14.00607967 -3.50151992 20.88232613
v 10.50455952 -3.50151992 20.88232613
v 10.50455952 -7.00303984 20.88232613
v -10.50455952 -3.50151992 20.88232613
v -14.00607967 -3.50151992 20.88232613
v -14.00607967 -7.00303984 20.88232613
v 7.00303984 -10.50455952 20.88232613
v 3.50151992 -10.50455952 20.88232613
v 3.50151992 -14.00607967 20.88232613
v -3.50151992 -10.50455952 20.88232613
v -7.00303984 -10.50455952 20.88232613
v -7.00303984 -14.00607967 20.88232613
v 14.00607967 -0.00000000 20.88232613
v 14.00607967 3.50151992 20.88232613
v 10.50455952 10.50455952 20.88232613
v 7.00303984 10.50455952 20.88232613
v 0.00000000 14.00607967 20.88232613
v -10.50455952 10.50455952 20.88232613
v -14.00607967 -0.00000000 20.88232613
v -10.50455952 -7.00303984 20.88232613
v -10.50455952 -10.50455952 20.88232613
v -3.50151992 -14.00607967 20.88232613
v 0.00000000 -14.00607967 20.88232613
v 7.00303984 -14.00607967 20.88232613
v 10.50455952 -10.50455952 20.88232613
v 14.00607967 -7.00303984 20.88232613
v -10.50455952 3.50151992 20.88232613
v -3.50151992 10.50455952 20.88232613
vt 0.97222221 0.20000000
vt 1 0.20000000
vt 1 0
vt 0.97222221 0.40000001
vt 1 0.40000001
vt 0.97222221 0.60000002
vt 1 0.60000002
vt 0.97222221 0.80000001
vt 1 0.80000001
vt 0.97222221 1
vt 1 1
vt 0.94444442 0.20000000
vt 0.97222221 0
vt 0.94444442 0.40000001
vt 0.94444442 0.60000002
vt 0.94444442 0.80000001
vt 0.94444442 1
vt 0.91666669 0.20000000
vt 0.94444442 0
vt 0.91666669 0.40000001
vt 0.91666669 0.60000002
vt 0.91666669 0.80000001
vt 0.91666669 1
vt 0.88888890 0.20000000
vt 0.91666669 0
vt 0.88888890 0.40000001
vt 0.88888890 0.60000002
vt 0.88888890 0.80000001
vt 0.88888890 1
vt 0.86111110 0.20000000
vt 0.88888890 0
vt 0.86111110 0.40000001
vt 0.86111110 0.60000002
vt 0.86111110 0.80000001
vt 0.86111110 1
vt 0.83333331 0.20000000
vt 0.86111110 0
vt 0.83333331 0.40000001
vt 0.83333331 0.60000002
vt 0.83333331 0.80000001
vt 0.83333331 1
vt 0.80555558 0.20000000
vt 0.83333331 0
vt 0.80555558 0.40000001
vt 0.80555558 0.60000002
vt 0.80555558 0.80000001
vt 0.80555558 1
vt 0.77777779 0.20000000
vt 0.80555558 0
vt 0.77777779 0.40000001
vt 0.77777779 0.60000002
vt 0.77777779 0.80000001
vt 0.77777779 1
vt 0.75000000 0.20000000
vt 0.77777779 0
vt 0.75000000 0.40000001
vt 0.75000000 0.60000002
vt 0.75000000 0.80000001
vt 0.75000000 1
vt 0.72222221 0.20000000
vt 0.75000000 0
vt 0.72222221 0.40000001
vt 0.72222221 0.60000002
vt 0.72222221 0.80000001
vt 0.72222221 1
vt 0.69444442 0.20000000
vt 0.72222221 0
vt 0.69444442 0.40000001
vt 0.69444442 0.60000002
vt 0.69444442 0.80000001
vt 0.69444442 1
vt 0.66666669 0.20000000
vt 0.69444442 0
vt 0.66666669 0.40000001
vt 0.66666669 0.60000002
vt 0.66666669 0.80000001
vt 0.66666669 1
vt 0.63888890 0.20000000
vt 0.66666669 0
vt 0.63888890 0.40000001
vt 0.63888890 0.60000002
vt 0.63888890 0.80000001
vt 0.63888890 1
vt 0.61111110 0.20000000
vt 0.63888890 0
vt 0.61111110 0.40000001
vt 0.61111110 0.60000002
vt 0.61111110 0.80000001
vt 0.61111110 1
vt 0.58333331 0.20000000
vt 0.61111110 0
vt 0.58333331 0.40000001
vt 0.58333331 0.60000002
vt 0.58333331 0.80000001
vt 0.58333331 1
vt 0.55555558 0.20000000
vt 0.58333331 0
vt 0.55555558 0.40000001
vt 0.55555558 0.60000002
vt 0.55555558 0.80000001
vt 0.55555558 1
vt 0.52777779 0.20000000
vt 0.55555558 0
vt 0.52777779 0.40000001
vt 0.52777779 0.60000002
vt 0.52777779 0.80000001
vt 0.52777779 1
vt 0.50000000 0.20000000
vt 0.52777779 0
vt 0.50000000 0.40000001
vt 0.50000000 0.60000002
vt 0.50000000 0.80000001
vt 0.50000000 1
vt 0.47222221 0.20000000
vt 0.50000000 0
vt 0.47222221 0.40000001
vt 0.47222221 0.60000002
vt 0.47222221 0.80000001
vt 0.47222221 1
vt 0.44444445 0.20000000
vt 0.47222221 0
vt 0.44444445 0.40000001
vt 0.44444445 0.60000002
vt 0.44444445 0.80000001
vt 0.44444445 1
vt 0.41666666 0.20000000
vt 0.44444445 0
vt 0.41666666 0.40000001
vt 0.41666666 0.60000002
vt 0.41666666 0.80000001
vt 0.41666666 1
vt 0.38888890 0.20000000
vt 0.41666666 0
vt 0.38888890 0.40000001
vt 0.38888890 0.60000002
vt 0.38888890 0.80000001
vt 0.38888890 1
vt 0.36111110 0.20000000
vt 0.38888890 0
vt 0.36111110 0.40000001
vt 0.36111110 0.60000002
vt 0.36111110 0.80000001
vt 0.36111110 1
vt 0.33333334 0.20000000
vt 0.36111110 0
vt 0.33333334 0.40000001
vt 0.33333334 0.60000002
vt 0.33333334 0.80000001
vt 0.33333334 1
vt 0.30555555 0.20000000
vt 0.33333334 0
vt 0.30555555 0.40000001
vt 0.30555555 0.60000002
vt 0.30555555 0.80000001
vt 0.30555555 1
vt 0.27777779 0.20000000
vt 0.30555555 0
vt 0.27777779 0.40000001
vt 0.27777779 0.60000002
vt 0.27777779 0.80000001
vt 0.27777779 1
vt 0.25000000 0.20000000
vt 0.27777779 0
vt 0.25000000 0.40000001
vt 0.25000000 0.60000002
vt 0.25000000 0.80000001
vt 0.25000000 1
vt 0.22222222 0.20000000
vt 0.25000000 0
vt 0.22222222 0.40000001
vt 0.22222222 0.60000002
vt 0.22222222 0.80000001
vt 0.22222222 1
vt 0.19444445 0.20000000
vt 0.22222222 0
vt 0.19444445 0.40000001
vt 0.19444445 0.60000002
vt 0.19444445 0.80000001
vt 0.19444445 1
vt 0.16666667 0.20000000
vt 0.19444445 0
vt 0.16666667 0.40000001
vt 0.16666667 0.60000002
vt 0.16666667 0.80000001
vt 0.16666667 1
vt 0.13888890 0.20000000
vt 0.16666667 0
vt 0.13888890 0.40000001
vt 0.13888890 0.60000002
vt 0.13888890 0.80000001
vt 0.13888890 1
vt 0.11111111 0.20000000
vt 0.13888890 0
vt 0.11111111 0.40000001
vt 0.11111111 0.60000002
vt 0.11111111 0.80000001
vt 0.11111111 1
vt 0.08333334 0.20000000
vt 0.11111111 0
vt 0.08333334 0.40000001
vt 0.08333334 0.60000002
vt 0.08333334 0.80000001
vt 0.08333334 1
vt 0.05555556 0.20000000
vt 0.08333334 0
vt 0.05555556 0.40000001
vt 0.05555556 0.60000002
vt 0.05555556 0.80000001
vt 0.05555556 1
vt 0.02777778 0.20000000
vt 0.05555556 0
vt 0.02777778 0.40000001
vt 0.02777778 0.60000002
vt 0.02777778 0.80000001
vt 0.02777778 1
vt 0.02777778 0
vt 0 0.17000000
vt 0 0.06000000
vt 0.02777778 0.06000000
vt 0.02777778 0.17000000
vt 0.05555556 0.06000000
vt 0.05555556 0.17000000
vt 0.08333334 0.06000000
vt 0.08333334 0.17000000
vt 0.11111111 0.06000000
vt 0.11111111 0.17000000
vt 0.13888890 0.06000000
vt 0.13888890 0.17000000
vt 0.16666667 0.06000000
vt 0.16666667 0.17000000
vt 0.19444445 0.06000000
vt 0.19444445 0.17000000
vt 0.22222222 0.06000000
vt 0.22222222 0.17000000
vt 0.25000000 0.06000000
vt 0.25000000 0.17000000
vt 0.27777779 0.06000000
vt 0.27777779 0.17000000
vt 0.30555555 0.06000000
vt 0.30555555 0.17000000
vt 0.33333334 0.06000000
vt 0.33333334 0.17000000
vt 0.36111110 0.06000000
vt 0.36111110 0.17000000
vt 0.38888890 0.06000000
vt 0.38888890 0.17000000
vt 0.41666666 0.06000000
vt 0.41666666 0.17000000
vt 0.44444445 0.06000000
vt 0.44444445 0.17000000
vt 0.47222221 0.06000000
vt 0.47222221 0.17000000
vt 0.50000000 0.06000000
vt 0.50000000 0.17000000
vt 0.52777779 0.06000000
vt 0.52777779 0.17000000
vt 0.55555558 0.06000000
vt 0.55555558 0.17000000
vt 0.58333331 0.06000000
vt 0.58333331 0.17000000
vt 0.61111110 0.06000000
vt 0.61111110 0.17000000
vt 0.63888890 0.06000000
vt 0.63888890 0.17000000
vt 0.66666669 0.06000000
vt 0.66666669 0.17000000
vt 0.69444442 0.06000000
vt 0.69444442 0.17000000
vt 0.72222221 0.06000000
vt 0.72222221 0.17000000
vt 0.75000000 0.06000000
vt 0.75000000 0.17000000
vt 0.77777779 0.06000000
vt 0.77777779 0.17000000
vt 0.80555558 0.06000000
vt 0.80555558 0.17000000
vt 0.83333331 0.06000000
vt 0.83333331 0.17000000
vt 0.86111110 0.06000000
vt 0.86111110 0.17000000
vt 0.88888890 0.06000000
vt 0.88888890 0.17000000
vt 0.91666669 0.06000000
vt 0.91666669 0.17000000
vt 0.94444442 0.06000000
vt 0.94444442 0.17000000
vt 0.97222221 0.06000000
vt 0.97222221 0.17000000
vt 0 0.28000000
vt 0.02777778 0.28000000
vt 0.05555556 0.28000000
vt 0.08333334 0.28000000
vt 0.11111111 0.28000000
vt 0.13888890 0.28000000
vt 0.16666667 0.28000000
vt 0.19444445 0.28000000
vt 0.22222222 0.28000000
vt 0.25000000 0.28000000
vt 0.27777779 0.28000000
vt 0.30555555 0.28000000
vt 0.33333334 0.28000000
vt 0.36111110 0.28000000
vt 0.38888890 0.28000000
vt 0.41666666 0.28000000
vt 0.44444445 0.28000000
vt 0.47222221 0.28000000
vt 0.50000000 0.28000000
vt 0.52777779 0.28000000
vt 0.55555558 0.28000000
vt 0.58333331 0.28000000
vt 0.61111110 0.28000000
vt 0.63888890 0.28000000
vt 0.66666669 0.28000000
vt 0.69444442 0.28000000
vt 0.72222221 0.28000000
vt 0.75000000 0.28000000
vt 0.77777779 0.28000000
vt 0.80555558 0.28000000
vt 0.83333331 0.28000000
vt 0.86111110 0.28000000
vt 0.88888890 0.28000000
vt 0.91666669 0.28000000
vt 0.94444442 0.28000000
vt 0.97222221 0.28000000
vt 0 0.38999999
vt 0.02777778 0.38999999
vt 0.05555556 0.38999999
vt 0.08333334 0.38999999
vt 0.11111111 0.38999999
vt 0.13888890 0.38999999
vt 0.16666667 0.38999999
vt 0.19444445 0.38999999
vt 0.22222222 0.38999999
vt 0.25000000 0.38999999
vt 0.27777779 0.38999999
vt 0.30555555 0.38999999
vt 0.33333334 0.38999999
vt 0.36111110 0.38999999
vt 0.38888890 0.38999999
vt 0.41666666 0.38999999
vt 0.44444445 0.38999999
vt 0.47222221 0.38999999
vt 0.50000000 0.38999999
vt 0.52777779 0.38999999
vt 0.55555558 0.38999999
vt 0.58333331 0.38999999
vt 0.61111110 0.38999999
vt 0.63888890 0.38999999
vt 0.66666669 0.38999999
vt 0.69444442 0.38999999
vt 0.72222221 0.38999999
vt 0.75000000 0.38999999
vt 0.77777779 0.38999999
vt 0.80555558 0.38999999
vt 0.83333331 0.38999999
vt 0.86111110 0.38999999
vt 0.88888890 0.38999999
vt 0.91666669 0.38999999
vt 0.94444442 0.38999999
vt 0.97222221 0.38999999
vt 0 0.50000000
vt 0.02777778 0.50000000
vt 0.05555556 0.50000000
vt 0.08333334 0.50000000
vt 0.11111111 0.50000000
vt 0.13888890 0.50000000
vt 0.16666667 0.50000000
vt 0.19444445 0.50000000
vt 0.22222222 0.50000000
vt 0.25000000 0.50000000
vt 0.27777779 0.50000000
vt 0.30555555 0.50000000
vt 0.33333334 0.50000000
vt 0.36111110 0.50000000
vt 0.38888890 0.50000000
vt 0.41666666 0.50000000
vt 0.44444445 0.50000000
vt 0.47222221 0.50000000
vt 0.50000000 0.50000000
vt 0.52777779 0.50000000
vt 0.55555558 0.50000000
vt 0.58333331 0.50000000
vt 0.61111110 0.50000000
vt 0.63888890 0.50000000
vt 0.66666669 0.50000000
vt 0.69444442 0.50000000
vt 0.72222221 0.50000000
vt 0.75000000 0.50000000
vt 0.77777779 0.50000000
vt 0.80555558 0.50000000
vt 0.83333331 0.50000000
vt 0.86111110 0.50000000
vt 0.88888890 0.50000000
vt 0.91666669 0.50000000
vt 0.94444442 0.50000000
vt 0.97222221 0.50000000
vt 0 0.61000001
vt 0.02777778 0.61000001
vt 0.05555556 0.61000001
vt 0.08333334 0.61000001
vt 0.11111111 0.61000001
vt 0.13888890 0.61000001
vt 0.16666667 0.61000001
vt 0.19444445 0.61000001
vt 0.22222222 0.61000001
vt 0.25000000 0.61000001
vt 0.27777779 0.61000001
vt 0.30555555 0.61000001
vt 0.33333334 0.61000001
vt 0.36111110 0.61000001
vt 0.38888890 0.61000001
vt 0.41666666 0.61000001
vt 0.44444445 0.61000001
vt 0.47222221 0.61000001
vt 0.50000000 0.61000001
vt 0.52777779 0.61000001
vt 0.55555558 0.61000001
vt 0.58333331 0.61000001
vt 0.61111110 0.61000001
vt 0.63888890 0.61000001
vt 0.66666669 0.61000001
vt 0.69444442 0.61000001
vt 0.72222221 0.61000001
vt 0.75000000 0.61000001
vt 0.77777779 0.61000001
vt 0.80555558 0.61000001
vt 0.83333331 0.61000001
vt 0.86111110 0.61000001
vt 0.88888890 0.61000001
vt 0.91666669 0.61000001
vt 0.94444442 0.61000001
vt 0.97222221 0.61000001
vt 0 0.72000003
vt 0.02777778 0.72000003
vt 0.05555556 0.72000003
vt 0.08333334 0.72000003
vt 0.11111111 0.72000003
vt 0.13888890 0.72000003
vt 0.16666667 0.72000003
vt 0.19444445 0.72000003
vt 0.22222222 0.72000003
vt 0.25000000 0.72000003
vt 0.27777779 0.72000003
vt 0.30555555 0.72000003
vt 0.33333334 0.72000003
vt 0.36111110 0.72000003
vt 0.38888890 0.72000003
vt 0.41666666 0.72000003
vt 0.44444445 0.72000003
vt 0.47222221 0.72000003
vt 0.50000000 0.72000003
vt 0.52777779 0.72000003
vt 0.55555558 0.72000003
vt 0.58333331 0.72000003
vt 0.61111110 0.72000003
vt 0.63888890 0.72000003
vt 0.66666669 0.72000003
vt 0.69444442 0.72000003
vt 0.72222221 0.72000003
vt 0.75000000 0.72000003
vt 0.77777779 0.72000003
vt 0.80555558 0.72000003
vt 0.83333331 0.72000003
vt 0.86111110 0.72000003
vt 0.88888890 0.72000003
vt 0.91666669 0.72000003
vt 0.94444442 0.72000003
vt 0.97222221 0.72000003
vt 0 0.82999998
vt 0.02777778 0.82999998
vt 0.05555556 0.82999998
vt 0.08333334 0.82999998
vt 0.11111111 0.82999998
vt 0.13888890 0.82999998
vt 0.16666667 0.82999998
vt 0.19444445 0.82999998
vt 0.22222222 0.82999998
vt 0.25000000 0.82999998
vt 0.27777779 0.82999998
vt 0.30555555 0.82999998
vt 0.33333334 0.82999998
vt 0.36111110 0.82999998
vt 0.38888890 0.82999998
vt 0.41666666 0.82999998
vt 0.44444445 0.82999998
vt 0.47222221 0.82999998
vt 0.50000000 0.82999998
vt 0.52777779 0.82999998
vt 0.55555558 0.82999998
vt 0.58333331 0.82999998
vt 0.61111110 0.82999998
vt 0.63888890 0.82999998
vt 0.66666669 0.82999998
vt 0.69444442 0.82999998
vt 0.72222221 0.82999998
vt 0.75000000 0.82999998
vt 0.77777779 0.82999998
vt 0.80555558 0.82999998
vt 0.83333331 0.82999998
vt 0.86111110 0.82999998
vt 0.88888890 0.82999998
vt 0.91666669 0.82999998
vt 0.94444442 0.82999998
vt 0.97222221 0.82999998
vt 0 0.94000000
vt 0.02777778 0.94000000
vt 0.05555556 0.94000000
vt 0.08333334 0.94000000
vt 0.11111111 0.94000000
vt 0.13888890 0.94000000
vt 0.16666667 0.94000000
vt 0.19444445 0.94000000
vt 0.22222222 0.94000000
vt 0.25000000 0.94000000
vt 0.27777779 0.94000000
vt 0.30555555 0.94000000
vt 0.33333334 0.94000000
vt 0.36111110 0.94000000
vt 0.38888890 0.94000000
vt 0.41666666 0.94000000
vt 0.44444445 0.94000000
vt 0.47222221 0.94000000
vt 0.50000000 0.94000000
vt 0.52777779 0.94000000
vt 0.55555558 0.94000000
vt 0.58333331 0.94000000
vt 0.61111110 0.94000000
vt 0.63888890 0.94000000
vt 0.66666669 0.94000000
vt 0.69444442 0.94000000
vt 0.72222221 0.94000000
vt 0.75000000 0.94000000
vt 0.77777779 0.94000000
vt 0.80555558 0.94000000
vt 0.83333331 0.94000000
vt 0.86111110 0.94000000
vt 0.88888890 0.94000000
vt 0.91666669 0.94000000
vt 0.94444442 0.94000000
vt 0.97222221 0.94000000
vt 0.47222221 1
vt 0.44444445 1
vt 0.41666666 1
vt 0.38952079 1
vt 0.36111110 1
vt 0.36047921 1
vt 0.30555555 1
vt 0.27777779 1
vt 0.25000000 1
vt 0.22222222 1
vt 0.19444445 1
vt 0.16666667 1
vt 0.13952081 1
vt 0.11111111 1
vt 0.11047920 1
vt 0.05555556 1
vt 0.02777778 1
vt 0 1
vt 0.97222221 1
vt 0.94444442 1
vt 0.91666669 1
vt 0.88952082 1
vt 0.86111110 1
vt 0.86047918 1
vt 0.80555558 1
vt 0.77777779 1
vt 0.75000000 1
vt 0.72222221 1
vt 0.69444442 1
vt 0.66666669 1
vt 0.63952082 1
vt 0.61111110 1
vt 0.61047918 1
vt 0.55555558 1
vt 0.52777779 1
vt 0.50000000 1
vt 0.50000000 0
vt 0.52777779 0
vt 0.55555558 0
vt 0.58333331 0
vt 0.61111110 0
vt 0.63888890 0
vt 0.66666669 0
vt 0.69444442 0
vt 0.72222221 0
vt 0.75000000 0
vt 0.77777779 0
vt 0.80555558 0
vt 0.83333331 0
vt 0.86111110 0
vt 0.88888890 0
vt 0.91666669 0
vt 0.94444442 0
vt 0.97222221 0
vt 1 0
vt 0.02777778 0
vt 0.05555556 0
vt 0.08333334 0
vt 0.11111111 0
vt 0.13888890 0
vt 0.16666667 0
vt 0.19444445 0
vt 0.22222222 0
vt 0.25000000 0
vt 0.27777779 0
vt 0.30555555 0
vt 0.33333334 0
vt 0.36111110 0
vt 0.38888890 0
vt 0.41666666 0
vt 0.44444445 0
vt 0.47222221 0
vt 0.58333331 1
vt 0.63888890 1
vt 0.83333331 1
vt 0.88888890 1
vt 0.08333334 1
vt 0.13888890 1
vt 0.33333334 1
vt 0.38888890 1
vt 0 0.17000000
vt 0 0.06000000
vt 0.02777778 0.06000000
vt 0.02777778 0.17000000
vt 0.05555556 0.06000000
vt 0.05555556 0.17000000
vt 0.08333334 0.06000000
vt 0.08333334 0.17000000
vt 0.11111111 0.06000000
vt 0.11111111 0.17000000
vt 0.13888890 0.06000000
vt 0.13888890 0.17000000
vt 0.16666667 0.06000000
vt 0.16666667 0.17000000
vt 0.19444445 0.06000000
vt 0.19444445 0.17000000
vt 0.22222222 0.06000000
vt 0.22222222 0.17000000
vt 0.25000000 0.06000000
vt 0.25000000 0.17000000
vt 0.27777779 0.06000000
vt 0.27777779 0.17000000
vt 0.30555555 0.06000000
vt 0.30555555 0.17000000
vt 0.33333334 0.06000000
vt 0.33333334 0.17000000
vt 0.36111110 0.06000000
vt 0.36111110 0.17000000
vt 0.38888890 0.06000000
vt 0.38888890 0.17000000
vt 0.41666666 0.06000000
vt 0.41666666 0.17000000
vt 0.44444445 0.06000000
vt 0.44444445 0.17000000
vt 0.47222221 0.06000000
vt 0.47222221 0.17000000
vt 0.50000000 0.06000000
vt 0.50000000 0.17000000
vt 0.52777779 0.06000000
vt 0.52777779 0.17000000
vt 0.55555558 0.06000000
vt 0.55555558 0.17000000
vt 0.58333331 0.06000000
vt 0.58333331 0.17000000
vt 0.61111110 0.06000000
vt 0.61111110 0.17000000
vt 0.63888890 0.06000000
vt 0.63888890 0.17000000
vt 0.66666669 0.06000000
vt 0.66666669 0.17000000
vt 0.69444442 0.06000000
vt 0.69444442 0.17000000
vt 0.72222221 0.06000000
vt 0.72222221 0.17000000
vt 0.75000000 0.06000000
vt 0.75000000 0.17000000
vt 0.77777779 0.06000000
vt 0.77777779 0.17000000
vt 0.80555558 0.06000000
vt 0.80555558 0.17000000
vt 0.83333331 0.06000000
vt 0.83333331 0.17000000
vt 0.86111110 0.06000000
vt 0.86111110 0.17000000
vt 0.88888890 0.06000000
vt 0.88888890 0.17000000
vt 0.91666669 0.06000000
vt 0.91666669 0.17000000
vt 0.94444442 0.06000000
vt 0.94444442 0.17000000
vt 0.97222221 0.06000000
vt 0.97222221 0.17000000
vt 0 0.28000000
vt 0.02777778 0.28000000
vt 0.05555556 0.28000000
vt 0.08333334 0.28000000
vt 0.11111111 0.28000000
vt 0.13888890 0.28000000
vt 0.16666667 0.28000000
vt 0.19444445 0.28000000
vt 0.22222222 0.28000000
vt 0.25000000 0.28000000
vt 0.27777779 0.28000000
vt 0.30555555 0.28000000
vt 0.33333334 0.28000000
vt 0.36111110 0.28000000
vt 0.38888890 0.28000000
vt 0.41666666 0.28000000
vt 0.44444445 0.28000000
vt 0.47222221 0.28000000
vt 0.50000000 0.28000000
vt 0.52777779 0.28000000
vt 0.55555558 0.28000000
vt 0.58333331 0.28000000
vt 0.61111110 0.28000000
vt 0.63888890 0.28000000
vt 0.66666669 0.28000000
vt 0.69444442 0.28000000
vt 0.72222221 0.28000000
vt 0.75000000 0.28000000
vt 0.77777779 0.28000000
vt 0.80555558 0.28000000
vt 0.83333331 0.28000000
vt 0.86111110 0.28000000
vt 0.88888890 0.28000000
vt 0.91666669 0.28000000
vt 0.94444442 0.28000000
vt 0.97222221 0.28000000
vt 0 0.38999999
vt 0.02777778 0.38999999
vt 0.05555556 0.38999999
vt 0.08333334 0.38999999
vt 0.11111111 0.38999999
vt 0.13888890 0.38999999
vt 0.16666667 0.38999999
vt 0.19444445 0.38999999
vt 0.22222222 0.38999999
vt 0.25000000 0.38999999
vt 0.27777779 0.38999999
vt 0.30555555 0.38999999
vt 0.33333334 0.38999999
vt 0.36111110 0.38999999
vt 0.38888890 0.38999999
vt 0.41666666 0.38999999
vt 0.44444445 0.38999999
vt 0.47222221 0.38999999
vt 0.50000000 0.38999999
vt 0.52777779 0.38999999
vt 0.55555558 0.38999999
vt 0.58333331 0.38999999
vt 0.61111110 0.38999999
vt 0.63888890 0.38999999
vt 0.66666669 0.38999999
vt 0.69444442 0.38999999
vt 0.72222221 0.38999999
vt 0.75000000 0.38999999
vt 0.77777779 0.38999999
vt 0.80555558 0.38999999
vt 0.83333331 0.38999999
vt 0.86111110 0.38999999
vt 0.88888890 0.38999999
vt 0.91666669 0.38999999
vt 0.94444442 0.38999999
vt 0.97222221 0.38999999
vt 0 0.50000000
vt 0.02777778 0.50000000
vt 0.05555556 0.50000000
vt 0.08333334 0.50000000
vt 0.11111111 0.50000000
vt 0.13888890 0.50000000
vt 0.16666667 0.50000000
vt 0.19444445 0.50000000
vt 0.22222222 0.50000000
vt 0.25000000 0.50000000
vt 0.27777779 0.50000000
vt 0.30555555 0.50000000
vt 0.33333334 0.50000000
vt 0.36111110 0.50000000
vt 0.38888890 0.50000000
vt 0.41666666 0.50000000
vt 0.44444445 0.50000000
vt 0.47222221 0.50000000
vt 0.50000000 0.50000000
vt 0.52777779 0.50000000
vt 0.55555558 0.50000000
vt 0.58333331 0.50000000
vt 0.61111110 0.50000000
vt 0.63888890 0.50000000
vt 0.66666669 0.50000000
vt 0.69444442 0.50000000
vt 0.72222221 0.50000000
vt 0.75000000 0.50000000
vt 0.77777779 0.50000000
vt 0.80555558 0.50000000
vt 0.83333331 0.50000000
vt 0.86111110 0.50000000
vt 0.88888890 0.50000000
vt 0.91666669 0.50000000
vt 0.94444442 0.50000000
vt 0.97222221 0.50000000
vt 0 0.61000001
vt 0.02777778 0.61000001
vt 0.05555556 0.61000001
vt 0.08333334 0.61000001
vt 0.11111111 0.61000001
vt 0.13888890 0.61000001
vt 0.16666667 0.61000001
vt 0.19444445 0.61000001
vt 0.22222222 0.61000001
vt 0.25000000 0.61000001
vt 0.27777779 0.61000001
vt 0.30555555 0.61000001
vt 0.33333334 0.61000001
vt 0.36111110 0.61000001
vt 0.38888890 0.61000001
vt 0.41666666 0.61000001
vt 0.44444445 0.61000001
vt 0.47222221 0.61000001
vt 0.50000000 0.61000001
vt 0.52777779 0.61000001
vt 0.55555558 0.61000001
vt 0.58333331 0.61000001
vt 0.61111110 0.61000001
vt 0.63888890 0.61000001
vt 0.66666669 0.61000001
vt 0.69444442 0.61000001
vt 0.72222221 0.61000001
vt 0.75000000 0.61000001
vt 0.77777779 0.61000001
vt 0.80555558 0.61000001
vt 0.83333331 0.61000001
vt 0.86111110 0.61000001
vt 0.88888890 0.61000001
vt 0.91666669 0.61000001
vt 0.94444442 0.61000001
vt 0.97222221 0.61000001
vt 0 0.72000003
vt 0.02777778 0.72000003
vt 0.05555556 0.72000003
vt 0.08333334 0.72000003
vt 0.11111111 0.72000003
vt 0.13888890 0.72000003
vt 0.16666667 0.72000003
vt 0.19444445 0.72000003
vt 0.22222222 0.72000003
vt 0.25000000 0.72000003
vt 0.27777779 0.72000003
vt 0.30555555 0.72000003
vt 0.33333334 0.72000003
vt 0.36111110 0.72000003
vt 0.38888890 0.72000003
vt 0.41666666 0.72000003
vt 0.44444445 0.72000003
vt 0.47222221 0.72000003
vt 0.50000000 0.72000003
vt 0.52777779 0.72000003
vt 0.55555558 0.72000003
vt 0.58333331 0.72000003
vt 0.61111110 0.72000003
vt 0.63888890 0.72000003
vt 0.66666669 0.72000003
vt 0.69444442 0.72000003
vt 0.72222221 0.72000003
vt 0.75000000 0.72000003
vt 0.77777779 0.72000003
vt 0.80555558 0.72000003
vt 0.83333331 0.72000003
vt 0.86111110 0.72000003
vt 0.88888890 0.72000003
vt 0.91666669 0.72000003
vt 0.94444442 0.72000003
vt 0.97222221 0.72000003
vt 0 0.82999998
vt 0.02777778 0.82999998
vt 0.05555556 0.82999998
vt 0.08333334 0.82999998
vt 0.11111111 0.82999998
vt 0.13888890 0.82999998
vt 0.16666667 0.82999998
vt 0.19444445 0.82999998
vt 0.22222222 0.82999998
vt 0.25000000 0.82999998
vt 0.27777779 0.82999998
vt 0.30555555 0.82999998
vt 0.33333334 0.82999998
vt 0.36111110 0.82999998
vt 0.38888890 0.82999998
vt 0.41666666 0.82999998
vt 0.44444445 0.82999998
vt 0.47222221 0.82999998
vt 0.50000000 0.82999998
vt 0.52777779 0.82999998
vt 0.55555558 0.82999998
vt 0.58333331 0.82999998
vt 0.61111110 0.82999998
vt 0.63888890 0.82999998
vt 0.66666669 0.82999998
vt 0.69444442 0.82999998
vt 0.72222221 0.82999998
vt 0.75000000 0.82999998
vt 0.77777779 0.82999998
vt 0.80555558 0.82999998
vt 0.83333331 0.82999998
vt 0.86111110 0.82999998
vt 0.88888890 0.82999998
vt 0.91666669 0.82999998
vt 0.94444442 0.82999998
vt 0.97222221 0.82999998
vt 0 0.94000000
vt 0.02777778 0.94000000
vt 0.05555556 0.94000000
vt 0.08333334 0.94000000
vt 0.11111111 0.94000000
vt 0.13888890 0.94000000
vt 0.16666667 0.94000000
vt 0.19444445 0.94000000
vt 0.22222222 0.94000000
vt 0.25000000 0.94000000
vt 0.27777779 0.94000000
vt 0.30555555 0.94000000
vt 0.33333334 0.94000000
vt 0.36111110 0.94000000
vt 0.38888890 0.94000000
vt 0.41666666 0.94000000
vt 0.44444445 0.94000000
vt 0.47222221 0.94000000
vt 0.50000000 0.94000000
vt 0.52777779 0.94000000
vt 0.55555558 0.94000000
vt 0.58333331 0.94000000
vt 0.61111110 0.94000000
vt 0.63888890 0.94000000
vt 0.66666669 0.94000000
vt 0.69444442 0.94000000
vt 0.72222221 0.94000000
vt 0.75000000 0.94000000
vt 0.77777779 0.94000000
vt 0.80555558 0.94000000
vt 0.83333331 0.94000000
vt 0.86111110 0.94000000
vt 0.88888890 0.94000000
vt 0.91666669 0.94000000
vt 0.94444442 0.94000000
vt 0.97222221 0.94000000
vt 0.97222221 1
vt 0.94444442 1
vt 0.91666669 1
vt 0.88888890 1
vt 0.86111110 1
vt 0.83333331 1
vt 0.80555558 1
vt 0.77777779 1
vt 0.75000000 1
vt 0.72222221 1
vt 0.69444442 1
vt 0.66666669 1
vt 0.63888890 1
vt 0.61111110 1
vt 0.58333331 1
vt 0.55555558 1
vt 0.52777779 1
vt 0.50000000 1
vt 0.50000000 -0.00000000
vt 0.52777779 -0.00000000
vt 0.55555558 -0.00000000
vt 0.58333331 -0.00000000
vt 0.61047918 -0.00000000
vt 0.61111110 -0.00000000
vt 0.63888890 -0.00000000
vt 0.63952082 -0.00000000
vt 0.66666669 0.00000000
vt 0.69444442 -0.00000000
vt 0.72222221 0.00000000
vt 0.75000000 -0.00000000
vt 0.77777779 -0.00000000
vt 0.80555558 -0.00000000
vt 0.83333331 -0.00000000
vt 0.86047918 -0.00000000
vt 0.86111110 0.00000000
vt 0.88888890 0.00000000
vt 0.88952082 -0.00000000
vt 0.91666669 -0.00000000
vt 0.94444442 -0.00000000
vt 0.97222221 0.00000000
vt 1 -0.00000000
vt 0.02777778 0.00000000
vt 0.05555556 -0.00000000
vt 0.08333334 -0.00000000
vt 0.11047920 -0.00000000
vt 0.11111111 -0.00000000
vt 0.13888890 -0.00000000
vt 0.13952081 -0.00000000
vt 0.16666667 0.00000000
vt 0.19444445 -0.00000000
vt 0.22222222 0.00000000
vt 0.25000000 -0.00000000
vt 0.27777779 0.00000000
vt 0.30555555 -0.00000000
vt 0.33333334 0.00000000
vt 0.36047921 0.00000000
vt 0.36111110 -0.00000000
vt 0.38888890 -0.00000000
vt 0.38952079 -0.00000000
vt 0.41666666 -0.00000000
vt 0.44444445 -0.00000000
vt 0.47222221 -0.00000000
vt 0.47222221 1
vt 0.44444445 1
vt 0.41666666 1
vt 0.38888890 1
vt 0.36111110 1
vt 0.33333334 1
vt 0.30555555 1
vt 0.27777779 1
vt 0.25000000 1
vt 0.22222222 1
vt 0.19444445 1
vt 0.16666667 1
vt 0.13888890 1
vt 0.11111111 1
vt 0.08333334 1
vt 0.05555556 1
vt 0.02777778 1
vt 0 1
vt 0.30000001 0.20000000
vt 0.30000001 0.10000000
vt 0.40000001 0.10000000
vt 0.60000002 0.20000000
vt 0.60000002 0.10000000
vt 0.69999999 0.10000000
vt 0.10000000 0.40000001
vt 0.10000000 0.30000001
vt 0.20000000 0.30000001
vt 0.80000001 0.40000001
vt 0.80000001 0.30000001
vt 0.89999998 0.30000001
vt 0.10000000 0.69999999
vt 0.10000000 0.60000002
vt 0.20000000 0.60000002
vt 0.80000001 0.69999999
vt 0.80000001 0.60000002
vt 0.89999998 0.60000002
vt 0.30000001 0.89999998
vt 0.30000001 0.80000001
vt 0.40000001 0.80000001
vt 0.60000002 0.89999998
vt 0.60000002 0.80000001
vt 0.69999999 0.80000001
vt 0.89999998 0.50000000
vt 0.99407113 0.50000000
vt 0.98656511 0.58579457
vt 0.89999998 0.69999999
vt 0.96427500 0.66898227
vt 0.98378825 0.60027587
vt 0.95144349 0.70076114
vt 0.92787814 0.74703556
vt 0.90151459 0.78791028
vt 0.89194530 0.80080754
vt 0.80000001 0.80000001
vt 0.87848043 0.81758279
vt 0.81758279 0.87848043
vt 0.80080754 0.89194530
vt 0.78791028 0.90151459
vt 0.69999999 0.89999998
vt 0.74703556 0.92787814
vt 0.70076114 0.95144349
vt 0.66898227 0.96427500
vt 0.50000000 0.89999998
vt 0.58579457 0.98656511
vt 0.60027587 0.98378825
vt 0.50000000 0.99407113
vt 0.41420543 0.98656511
vt 0.40000001 0.89999998
vt 0.33101770 0.96427500
vt 0.39972416 0.98378825
vt 0.29923883 0.95144349
vt 0.25296444 0.92787814
vt 0.21208975 0.90151459
vt 0.19919248 0.89194530
vt 0.20000000 0.80000001
vt 0.18241718 0.87848043
vt 0.12151954 0.81758279
vt 0.20000000 0.69999999
vt 0.10805468 0.80080754
vt 0.09848539 0.78791028
vt 0.07212184 0.74703556
vt 0.04855648 0.70076114
vt 0.03572499 0.66898227
vt 0.10000000 0.50000000
vt 0.01343490 0.58579457
vt 0.01621177 0.60027587
vt 0.00592885 0.50000000
vt 0.01343490 0.41420543
vt 0.03572499 0.33101770
vt 0.01621177 0.39972416
vt 0.04855648 0.29923883
vt 0.07212184 0.25296444
vt 0.09848539 0.21208975
vt 0.10805468 0.19919248
vt 0.20000000 0.20000000
vt 0.12151954 0.18241718
vt 0.18241718 0.12151954
vt 0.19919248 0.10805468
vt 0.21208975 0.09848539
vt 0.25296444 0.07212184
vt 0.29923883 0.04855648
vt 0.33101770 0.03572499
vt 0.50000000 0.10000000
vt 0.41420543 0.01343490
vt 0.39972416 0.01621177
vt 0.50000000 0.00592885
vt 0.58579457 0.01343490
vt 0.66898227 0.03572499
vt 0.60027587 0.01621177
vt 0.70076114 0.04855648
vt 0.74703556 0.07212184
vt 0.69999999 0.20000000
vt 0.78791028 0.09848539
vt 0.80080754 0.10805468
vt 0.80000001 0.20000000
vt 0.81758279 0.12151954
vt 0.87848043 0.18241718
vt 0.89194530 0.19919248
vt 0.90151459 0.21208975
vt 0.92787814 0.25296444
vt 0.95144349 0.29923883
vt 0.96427500 0.33101770
vt 0.89999998 0.40000001
vt 0.98656511 0.41420543
vt 0.98378825 0.39972416
vt 0.81272131 0.50000000
vt 0.80797040 0.44569650
vt 0.79386193 0.39304301
vt 0.77082461 0.34363934
vt 0.70101339 0.26044157
vt 0.70006067 0.25964534
vt 0.73955846 0.29898661
vt 0.74035466 0.29993933
vt 0.65636069 0.22917539
vt 0.60695702 0.20613807
vt 0.55430347 0.19202961
vt 0.50000000 0.18727867
vt 0.44569650 0.19202961
vt 0.40000001 0.20000000
vt 0.39304301 0.20613807
vt 0.34363934 0.22917539
vt 0.29993933 0.25964534
vt 0.26044157 0.29898661
vt 0.25964534 0.29993933
vt 0.29898661 0.26044157
vt 0.22917539 0.34363934
vt 0.20613807 0.39304301
vt 0.19202961 0.44569650
vt 0.20000000 0.40000001
vt 0.18727867 0.50000000
vt 0.19202961 0.55430347
vt 0.20613807 0.60695702
vt 0.22917539 0.65636069
vt 0.25964534 0.70006067
vt 0.29898661 0.73955846
vt 0.29993933 0.74035466
vt 0.26044157 0.70101339
vt 0.34363934 0.77082461
vt 0.39304301 0.79386193
vt 0.44569650 0.80797040
vt 0.50000000 0.81272131
vt 0.55430347 0.80797040
vt 0.60695702 0.79386193
vt 0.65636069 0.77082461
vt 0.73955846 0.70101339
vt 0.74035466 0.70006067
vt 0.70101339 0.73955846
vt 0.70006067 0.74035466
vt 0.77082461 0.65636069
vt 0.79386193 0.60695702
vt 0.80797040 0.55430347
vt 0.30000001 0.20000000
vt 0.30000001 0.10000000
vt 0.40000001 0.10000000
vt 0.60000002 0.20000000
vt 0.60000002 0.10000000
vt 0.69999999 0.10000000
vt 0.10000000 0.40000001
vt 0.10000000 0.30000001
vt 0.20000000 0.30000001
vt 0.80000001 0.40000001
vt 0.80000001 0.30000001
vt 0.89999998 0.30000001
vt 0.10000000 0.69999999
vt 0.10000000 0.60000002
vt 0.20000000 0.60000002
vt 0.80000001 0.69999999
vt 0.80000001 0.60000002
vt 0.89999998 0.60000002
vt 0.30000001 0.89999998
vt 0.30000001 0.80000001
vt 0.40000001 0.80000001
vt 0.60000002 0.89999998
vt 0.60000002 0.80000001
vt 0.69999999 0.80000001
vt 0.10000000 0.50000000
vt 0.00592885 0.50000000
vt 0.01343490 0.41420543
vt 0.03572499 0.33101770
vt 0.01621177 0.39972416
vt 0.04855648 0.29923883
vt 0.07212184 0.25296444
vt 0.09848539 0.21208975
vt 0.10805468 0.19919248
vt 0.20000000 0.20000000
vt 0.12151954 0.18241718
vt 0.18241718 0.12151954
vt 0.19919248 0.10805468
vt 0.21208975 0.09848539
vt 0.25296444 0.07212184
vt 0.29923883 0.04855648
vt 0.33101770 0.03572499
vt 0.50000000 0.10000000
vt 0.41420543 0.01343490
vt 0.39972416 0.01621177
vt 0.50000000 0.00592885
vt 0.58579457 0.01343490
vt 0.66898227 0.03572499
vt 0.60027587 0.01621177
vt 0.70076114 0.04855648
vt 0.74703556 0.07212184
vt 0.69999999 0.20000000
vt 0.78791028 0.09848539
vt 0.80080754 0.10805468
vt 0.80000001 0.20000000
vt 0.81758279 0.12151954
vt 0.87848043 0.18241718
vt 0.89194530 0.19919248
vt 0.90151459 0.21208975
vt 0.92787814 0.25296444
vt 0.95144349 0.29923883
vt 0.96427500 0.33101770
vt 0.89999998 0.40000001
vt 0.89999998 0.50000000
vt 0.98656511 0.41420543
vt 0.98378825 0.39972416
vt 0.99407113 0.50000000
vt 0.98656511 0.58579457
vt 0.89999998 0.69999999
vt 0.96427500 0.66898227
vt 0.98378825 0.60027587
vt 0.95144349 0.70076114
vt 0.92787814 0.74703556
vt 0.90151459 0.78791028
vt 0.89194530 0.80080754
vt 0.80000001 0.80000001
vt 0.87848043 0.81758279
vt 0.81758279 0.87848043
vt 0.80080754 0.89194530
vt 0.78791028 0.90151459
vt 0.69999999 0.89999998
vt 0.74703556 0.92787814
vt 0.70076114 0.95144349
vt 0.66898227 0.96427500
vt 0.50000000 0.89999998
vt 0.58579457 0.98656511
vt 0.60027587 0.98378825
vt 0.50000000 0.99407113
vt 0.41420543 0.98656511
vt 0.40000001 0.89999998
vt 0.33101770 0.96427500
vt 0.39972416 0.98378825
vt 0.29923883 0.95144349
vt 0.25296444 0.92787814
vt 0.21208975 0.90151459
vt 0.19919248 0.89194530
vt 0.20000000 0.80000001
vt 0.18241718 0.87848043
vt 0.12151954 0.81758279
vt 0.20000000 0.69999999
vt 0.10805468 0.80080754
vt 0.09848539 0.78791028
vt 0.07212184 0.74703556
vt 0.04855648 0.70076114
vt 0.03572499 0.66898227
vt 0.01343490 0.58579457
vt 0.01621177 0.60027587
vt 0.18727867 0.50000000
vt 0.19202961 0.55430347
vt 0.20613807 0.60695702
vt 0.22917539 0.65636069
vt 0.25964534 0.70006067
vt 0.29898661 0.73955846
vt 0.29993933 0.74035466
vt 0.26044157 0.70101339
vt 0.34363934 0.77082461
vt 0.39304301 0.79386193
vt 0.44569650 0.80797040
vt 0.50000000 0.81272131
vt 0.55430347 0.80797040
vt 0.60695702 0.79386193
vt 0.65636069 0.77082461
vt 0.73955846 0.70101339
vt 0.74035466 0.70006067
vt 0.70101339 0.73955846
vt 0.70006067 0.74035466
vt 0.77082461 0.65636069
vt 0.79386193 0.60695702
vt 0.80797040 0.55430347
vt 0.81272131 0.50000000
vt 0.80797040 0.44569650
vt 0.79386193 0.39304301
vt 0.77082461 0.34363934
vt 0.74035466 0.29993933
vt 0.70101339 0.26044157
vt 0.70006067 0.25964534
vt 0.73955846 0.29898661
vt 0.65636069 0.22917539
vt 0.60695702 0.20613807
vt 0.55430347 0.19202961
vt 0.50000000 0.18727867
vt 0.44569650 0.19202961
vt 0.40000001 0.20000000
vt 0.39304301 0.20613807
vt 0.34363934 0.22917539
vt 0.29993933 0.25964534
vt 0.26044157 0.29898661
vt 0.25964534 0.29993933
vt 0.29898661 0.26044157
vt 0.22917539 0.34363934
vt 0.20613807 0.39304301
vt 0.19202961 0.44569650
vt 0.20000000 0.40000001
vt 0 0.17000000
vt 0 0.06000000
vt 0.02777778 0.06000000
vt 0.02777778 0.17000000
vt 0.05555556 0.06000000
vt 0.05555556 0.17000000
vt 0.08333334 0.06000000
vt 0.08333334 0.17000000
vt 0.11111111 0.06000000
vt 0.11111111 0.17000000
vt 0.13888890 0.06000000
vt 0.13888890 0.17000000
vt 0.16666667 0.06000000
vt 0.16666667 0.17000000
vt 0.19444445 0.06000000
vt 0.19444445 0.17000000
vt 0.22222222 0.06000000
vt 0.22222222 0.17000000
vt 0.25000000 0.06000000
vt 0.25000000 0.17000000
vt 0.27777779 0.06000000
vt 0.27777779 0.17000000
vt 0.30555555 0.06000000
vt 0.30555555 0.17000000
vt 0.33333334 0.06000000
vt 0.33333334 0.17000000
vt 0.36111110 0.06000000
vt 0.36111110 0.17000000
vt 0.38888890 0.06000000
vt 0.38888890 0.17000000
vt 0.41666666 0.06000000
vt 0.41666666 0.17000000
vt 0.44444445 0.06000000
vt 0.44444445 0.17000000
vt 0.47222221 0.06000000
vt 0.47222221 0.17000000
vt 0.50000000 0.06000000
vt 0.50000000 0.17000000
vt 0.52777779 0.06000000
vt 0.52777779 0.17000000
vt 0.55555558 0.06000000
vt 0.55555558 0.17000000
vt 0.58333331 0.06000000
vt 0.58333331 0.17000000
vt 0.61111110 0.06000000
vt 0.61111110 0.17000000
vt 0.63888890 0.06000000
vt 0.63888890 0.17000000
vt 0.66666669 0.06000000
vt 0.66666669 0.17000000
vt 0.69444442 0.06000000
vt 0.69444442 0.17000000
vt 0.72222221 0.06000000
vt 0.72222221 0.17000000
vt 0.75000000 0.06000000
vt 0.75000000 0.17000000
vt 0.77777779 0.06000000
vt 0.77777779 0.17000000
vt 0.80555558 0.06000000
vt 0.80555558 0.17000000
vt 0.83333331 0.06000000
vt 0.83333331 0.17000000
vt 0.86111110 0.06000000
vt 0.86111110 0.17000000
vt 0.88888890 0.06000000
vt 0.88888890 0.17000000
vt 0.91666669 0.06000000
vt 0.91666669 0.17000000
vt 0.94444442 0.06000000
vt 0.94444442 0.17000000
vt 0.97222221 0.06000000
vt 0.97222221 0.17000000
vt 0 0.28000000
vt 0.02777778 0.28000000
vt 0.05555556 0.28000000
vt 0.08333334 0.28000000
vt 0.11111111 0.28000000
vt 0.13888890 0.28000000
vt 0.16666667 0.28000000
vt 0.19444445 0.28000000
vt 0.22222222 0.28000000
vt 0.25000000 0.28000000
vt 0.27777779 0.28000000
vt 0.30555555 0.28000000
vt 0.33333334 0.28000000
vt 0.36111110 0.28000000
vt 0.38888890 0.28000000
vt 0.41666666 0.28000000
vt 0.44444445 0.28000000
vt 0.47222221 0.28000000
vt 0.50000000 0.28000000
vt 0.52777779 0.28000000
vt 0.55555558 0.28000000
vt 0.58333331 0.28000000
vt 0.61111110 0.28000000
vt 0.63888890 0.28000000
vt 0.66666669 0.28000000
vt 0.69444442 0.28000000
vt 0.72222221 0.28000000
vt 0.75000000 0.28000000
vt 0.77777779 0.28000000
vt 0.80555558 0.28000000
vt 0.83333331 0.28000000
vt 0.86111110 0.28000000
vt 0.88888890 0.28000000
vt 0.91666669 0.28000000
vt 0.94444442 0.28000000
vt 0.97222221 0.28000000
vt 0 0.38999999
vt 0.02777778 0.38999999
vt 0.05555556 0.38999999
vt 0.08333334 0.38999999
vt 0.11111111 0.38999999
vt 0.13888890 0.38999999
vt 0.16666667 0.38999999
vt 0.19444445 0.38999999
vt 0.22222222 0.38999999
vt 0.25000000 0.38999999
vt 0.27777779 0.38999999
vt 0.30555555 0.38999999
vt 0.33333334 0.38999999
vt 0.36111110 0.38999999
vt 0.38888890 0.38999999
vt 0.41666666 0.38999999
vt 0.44444445 0.38999999
vt 0.47222221 0.38999999
vt 0.50000000 0.38999999
vt 0.52777779 0.38999999
vt 0.55555558 0.38999999
vt 0.58333331 0.38999999
vt 0.61111110 0.38999999
vt 0.63888890 0.38999999
vt 0.66666669 0.38999999
vt 0.69444442 0.38999999
vt 0.72222221 0.38999999
vt 0.75000000 0.38999999
vt 0.77777779 0.38999999
vt 0.80555558 0.38999999
vt 0.83333331 0.38999999
vt 0.86111110 0.38999999
vt 0.88888890 0.38999999
vt 0.91666669 0.38999999
vt 0.94444442 0.38999999
vt 0.97222221 0.38999999
vt 0 0.50000000
vt 0.02777778 0.50000000
vt 0.05555556 0.50000000
vt 0.08333334 0.50000000
vt 0.11111111 0.50000000
vt 0.13888890 0.50000000
vt 0.16666667 0.50000000
vt 0.19444445 0.50000000
vt 0.22222222 0.50000000
vt 0.25000000 0.50000000
vt 0.27777779 0.50000000
vt 0.30555555 0.50000000
vt 0.33333334 0.50000000
vt 0.36111110 0.50000000
vt 0.38888890 0.50000000
vt 0.41666666 0.50000000
vt 0.44444445 0.50000000
vt 0.47222221 0.50000000
vt 0.50000000 0.50000000
vt 0.52777779 0.50000000
vt 0.55555558 0.50000000
vt 0.58333331 0.50000000
vt 0.61111110 0.50000000
vt 0.63888890 0.50000000
vt 0.66666669 0.50000000
vt 0.69444442 0.50000000
vt 0.72222221 0.50000000
vt 0.75000000 0.50000000
vt 0.77777779 0.50000000
vt 0.80555558 0.50000000
vt 0.83333331 0.50000000
vt 0.86111110 0.50000000
vt 0.88888890 0.50000000
vt 0.91666669 0.50000000
vt 0.94444442 0.50000000
vt 0.97222221 0.50000000
vt 0 0.61000001
vt 0.02777778 0.61000001
vt 0.05555556 0.61000001
vt 0.08333334 0.61000001
vt 0.11111111 0.61000001
vt 0.13888890 0.61000001
vt 0.16666667 0.61000001
vt 0.19444445 0.61000001
vt 0.22222222 0.61000001
vt 0.25000000 0.61000001
vt 0.27777779 0.61000001
vt 0.30555555 0.61000001
vt 0.33333334 0.61000001
vt 0.36111110 0.61000001
vt 0.38888890 0.61000001
vt 0.41666666 0.61000001
vt 0.44444445 0.61000001
vt 0.47222221 0.61000001
vt 0.50000000 0.61000001
vt 0.52777779 0.61000001
vt 0.55555558 0.61000001
vt 0.58333331 0.61000001
vt 0.61111110 0.61000001
vt 0.63888890 0.61000001
vt 0.66666669 0.61000001
vt 0.69444442 0.61000001
vt 0.72222221 0.61000001
vt 0.75000000 0.61000001
vt 0.77777779 0.61000001
vt 0.80555558 0.61000001
vt 0.83333331 0.61000001
vt 0.86111110 0.61000001
vt 0.88888890 0.61000001
vt 0.91666669 0.61000001
vt 0.94444442 0.61000001
vt 0.97222221 0.61000001
vt 0 0.72000003
vt 0.02777778 0.72000003
vt 0.05555556 0.72000003
vt 0.08333334 0.72000003
vt 0.11111111 0.72000003
vt 0.13888890 0.72000003
vt 0.16666667 0.72000003
vt 0.19444445 0.72000003
vt 0.22222222 0.72000003
vt 0.25000000 0.72000003
vt 0.27777779 0.72000003
vt 0.30555555 0.72000003
vt 0.33333334 0.72000003
vt 0.36111110 0.72000003
vt 0.38888890 0.72000003
vt 0.41666666 0.72000003
vt 0.44444445 0.72000003
vt 0.47222221 0.72000003
vt 0.50000000 0.72000003
vt 0.52777779 0.72000003
vt 0.55555558 0.72000003
vt 0.58333331 0.72000003
vt 0.61111110 0.72000003
vt 0.63888890 0.72000003
vt 0.66666669 0.72000003
vt 0.69444442 0.72000003
vt 0.72222221 0.72000003
vt 0.75000000 0.72000003
vt 0.77777779 0.72000003
vt 0.80555558 0.72000003
vt 0.83333331 0.72000003
vt 0.86111110 0.72000003
vt 0.88888890 0.72000003
vt 0.91666669 0.72000003
vt 0.94444442 0.72000003
vt 0.97222221 0.72000003
vt 0 0.82999998
vt 0.02777778 0.82999998
vt 0.05555556 0.82999998
vt 0.08333334 0.82999998
vt 0.11111111 0.82999998
vt 0.13888890 0.82999998
vt 0.16666667 0.82999998
vt 0.19444445 0.82999998
vt 0.22222222 0.82999998
vt 0.25000000 0.82999998
vt 0.27777779 0.82999998
vt 0.30555555 0.82999998
vt 0.33333334 0.82999998
vt 0.36111110 0.82999998
vt 0.38888890 0.82999998
vt 0.41666666 0.82999998
vt 0.44444445 0.82999998
vt 0.47222221 0.82999998
vt 0.50000000 0.82999998
vt 0.52777779 0.82999998
vt 0.55555558 0.82999998
vt 0.58333331 0.82999998
vt 0.61111110 0.82999998
vt 0.63888890 0.82999998
vt 0.66666669 0.82999998
vt 0.69444442 0.82999998
vt 0.72222221 0.82999998
vt 0.75000000 0.82999998
vt 0.77777779 0.82999998
vt 0.80555558 0.82999998
vt 0.83333331 0.82999998
vt 0.86111110 0.82999998
vt 0.88888890 0.82999998
vt 0.91666669 0.82999998
vt 0.94444442 0.82999998
vt 0.97222221 0.82999998
vt 0 0.94000000
vt 0.02777778 0.94000000
vt 0.05555556 0.94000000
vt 0.08333334 0.94000000
vt 0.11111111 0.94000000
vt 0.13888890 0.94000000
vt 0.16666667 0.94000000
vt 0.19444445 0.94000000
vt 0.22222222 0.94000000
vt 0.25000000 0.94000000
vt 0.27777779 0.94000000
vt 0.30555555 0.94000000
vt 0.33333334 0.94000000
vt 0.36111110 0.94000000
vt 0.38888890 0.94000000
vt 0.41666666 0.94000000
vt 0.44444445 0.94000000
vt 0.47222221 0.94000000
vt 0.50000000 0.94000000
vt 0.52777779 0.94000000
vt 0.55555558 0.94000000
vt 0.58333331 0.94000000
vt 0.61111110 0.94000000
vt 0.63888890 0.94000000
vt 0.66666669 0.94000000
vt 0.69444442 0.94000000
vt 0.72222221 0.94000000
vt 0.75000000 0.94000000
vt 0.77777779 0.94000000
vt 0.80555558 0.94000000
vt 0.83333331 0.94000000
vt 0.86111110 0.94000000
vt 0.88888890 0.94000000
vt 0.91666669 0.94000000
vt 0.94444442 0.94000000
vt 0.97222221 0.94000000
vt 0.97222221 1
vt 0.94444442 1
vt 0.91666669 1
vt 0.88888890 1
vt 0.86111110 1
vt 0.83333331 1
vt 0.80555558 1
vt 0.77777779 1
vt 0.75000000 1
vt 0.72222221 1
vt 0.69444442 1
vt 0.66666669 1
vt 0.63888890 1
vt 0.61111110 1
vt 0.58333331 1
vt 0.55555558 1
vt 0.52777779 1
vt 0.50000000 1
vt 0.50000000 0.00000000
vt 0.52777779 0.00000000
vt 0.53252780 0.00000000
vt 0.56659770 0.00000000
vt 0.55555558 -0.00000000
vt 0.59900779 0.00000000
vt 0.60418129 0.00000000
vt 0.58333331 0.00000000
vt 0.61111110 0.00000000
vt 0.63888890 0.00000000
vt 0.64581871 0.00000000
vt 0.65099221 0.00000000
vt 0.66666669 -0.00000000
vt 0.68340230 0.00000000
vt 0.69444442 0.00000000
vt 0.71747220 0.00000000
vt 0.72222221 0.00000000
vt 0.75000000 0.00000000
vt 0.77777779 0.00000000
vt 0.78252780 0.00000000
vt 0.81659770 0.00000000
vt 0.80555558 0.00000000
vt 0.84900779 -0.00000000
vt 0.85418129 0.00000000
vt 0.83333331 0.00000000
vt 0.86111110 0.00000000
vt 0.88888890 0.00000000
vt 0.89581871 0.00000000
vt 0.90099221 0.00000000
vt 0.91666669 0.00000000
vt 0.93340230 0.00000000
vt 0.94444442 0.00000000
vt 0.96747220 0.00000000
vt 0.97222221 0.00000000
vt 1 0.00000000
vt 0.02777778 0.00000000
vt 0.03252780 0.00000000
vt 0.06659767 0.00000000
vt 0.05555556 0.00000000
vt 0.09900781 0.00000000
vt 0.10418130 0.00000000
vt 0.08333334 0.00000000
vt 0.11111111 0.00000000
vt 0.13888890 0.00000000
vt 0.14581870 0.00000000
vt 0.15099218 -0.00000000
vt 0.16666667 0.00000000
vt 0.18340233 0.00000000
vt 0.19444445 0.00000000
vt 0.21747221 0.00000000
vt 0.22222222 0.00000000
vt 0.25000000 0.00000000
vt 0.27777779 0.00000000
vt 0.28252780 0.00000000
vt 0.31659767 0.00000000
vt 0.30555555 0.00000000
vt 0.34900782 0.00000000
vt 0.35418132 0.00000000
vt 0.33333334 0.00000000
vt 0.36111110 0.00000000
vt 0.38888890 0.00000000
vt 0.39581868 0.00000000
vt 0.40099218 0.00000000
vt 0.41666666 0.00000000
vt 0.43340233 0.00000000
vt 0.44444445 0.00000000
vt 0.46747220 0.00000000
vt 0.47222221 0.00000000
vt 0.47222221 1
vt 0.44444445 1
vt 0.41666666 1
vt 0.38888890 1
vt 0.36111110 1
vt 0.33333334 1
vt 0.30555555 1
vt 0.27777779 1
vt 0.25000000 1
vt 0.22222222 1
vt 0.19444445 1
vt 0.16666667 1
vt 0.13888890 1
vt 0.11111111 1
vt 0.08333334 1
vt 0.05555556 1
vt 0.02777778 1
vt 0 1
vt 0 0.17000000
vt 0 0.06000000
vt 0.02777778 0.06000000
vt 0.02777778 0.17000000
vt 0.05555556 0.06000000
vt 0.05555556 0.17000000
vt 0.08333334 0.06000000
vt 0.08333334 0.17000000
vt 0.11111111 0.06000000
vt 0.11111111 0.17000000
vt 0.13888890 0.06000000
vt 0.13888890 0.17000000
vt 0.16666667 0.06000000
vt 0.16666667 0.17000000
vt 0.19444445 0.06000000
vt 0.19444445 0.17000000
vt 0.22222222 0.06000000
vt 0.22222222 0.17000000
vt 0.25000000 0.06000000
vt 0.25000000 0.17000000
vt 0.27777779 0.06000000
vt 0.27777779 0.17000000
vt 0.30555555 0.06000000
vt 0.30555555 0.17000000
vt 0.33333334 0.06000000
vt 0.33333334 0.17000000
vt 0.36111110 0.06000000
vt 0.36111110 0.17000000
vt 0.38888890 0.06000000
vt 0.38888890 0.17000000
vt 0.41666666 0.06000000
vt 0.41666666 0.17000000
vt 0.44444445 0.06000000
vt 0.44444445 0.17000000
vt 0.47222221 0.06000000
vt 0.47222221 0.17000000
vt 0.50000000 0.06000000
vt 0.50000000 0.17000000
vt 0.52777779 0.06000000
vt 0.52777779 0.17000000
vt 0.55555558 0.06000000
vt 0.55555558 0.17000000
vt 0.58333331 0.06000000
vt 0.58333331 0.17000000
vt 0.61111110 0.06000000
vt 0.61111110 0.17000000
vt 0.63888890 0.06000000
vt 0.63888890 0.17000000
vt 0.66666669 0.06000000
vt 0.66666669 0.17000000
vt 0.69444442 0.06000000
vt 0.69444442 0.17000000
vt 0.72222221 0.06000000
vt 0.72222221 0.17000000
vt 0.75000000 0.06000000
vt 0.75000000 0.17000000
vt 0.77777779 0.06000000
vt 0.77777779 0.17000000
vt 0.80555558 0.06000000
vt 0.80555558 0.17000000
vt 0.83333331 0.06000000
vt 0.83333331 0.17000000
vt 0.86111110 0.06000000
vt 0.86111110 0.17000000
vt 0.88888890 0.06000000
vt 0.88888890 0.17000000
vt 0.91666669 0.06000000
vt 0.91666669 0.17000000
vt 0.94444442 0.06000000
vt 0.94444442 0.17000000
vt 0.97222221 0.06000000
vt 0.97222221 0.17000000
vt 0 0.28000000
vt 0.02777778 0.28000000
vt 0.05555556 0.28000000
vt 0.08333334 0.28000000
vt 0.11111111 0.28000000
vt 0.13888890 0.28000000
vt 0.16666667 0.28000000
vt 0.19444445 0.28000000
vt 0.22222222 0.28000000
vt 0.25000000 0.28000000
vt 0.27777779 0.28000000
vt 0.30555555 0.28000000
vt 0.33333334 0.28000000
vt 0.36111110 0.28000000
vt 0.38888890 0.28000000
vt 0.41666666 0.28000000
vt 0.44444445 0.28000000
vt 0.47222221 0.28000000
vt 0.50000000 0.28000000
vt 0.52777779 0.28000000
vt 0.55555558 0.28000000
vt 0.58333331 0.28000000
vt 0.61111110 0.28000000
vt 0.63888890 0.28000000
vt 0.66666669 0.28000000
vt 0.69444442 0.28000000
vt 0.72222221 0.28000000
vt 0.75000000 0.28000000
vt 0.77777779 0.28000000
vt 0.80555558 0.28000000
vt 0.83333331 0.28000000
vt 0.86111110 0.28000000
vt 0.88888890 0.28000000
vt 0.91666669 0.28000000
vt 0.94444442 0.28000000
vt 0.97222221 0.28000000
vt 0 0.38999999
vt 0.02777778 0.38999999
vt 0.05555556 0.38999999
vt 0.08333334 0.38999999
vt 0.11111111 0.38999999
vt 0.13888890 0.38999999
vt 0.16666667 0.38999999
vt 0.19444445 0.38999999
vt 0.22222222 0.38999999
vt 0.25000000 0.38999999
vt 0.27777779 0.38999999
vt 0.30555555 0.38999999
vt 0.33333334 0.38999999
vt 0.36111110 0.38999999
vt 0.38888890 0.38999999
vt 0.41666666 0.38999999
vt 0.44444445 0.38999999
vt 0.47222221 0.38999999
vt 0.50000000 0.38999999
vt 0.52777779 0.38999999
vt 0.55555558 0.38999999
vt 0.58333331 0.38999999
vt 0.61111110 0.38999999
vt 0.63888890 0.38999999
vt 0.66666669 0.38999999
vt 0.69444442 0.38999999
vt 0.72222221 0.38999999
vt 0.75000000 0.38999999
vt 0.77777779 0.38999999
vt 0.80555558 0.38999999
vt 0.83333331 0.38999999
vt 0.86111110 0.38999999
vt 0.88888890 0.38999999
vt 0.91666669 0.38999999
vt 0.94444442 0.38999999
vt 0.97222221 0.38999999
vt 0 0.50000000
vt 0.02777778 0.50000000
vt 0.05555556 0.50000000
vt 0.08333334 0.50000000
vt 0.11111111 0.50000000
vt 0.13888890 0.50000000
vt 0.16666667 0.50000000
vt 0.19444445 0.50000000
vt 0.22222222 0.50000000
vt 0.25000000 0.50000000
vt 0.27777779 0.50000000
vt 0.30555555 0.50000000
vt 0.33333334 0.50000000
vt 0.36111110 0.50000000
vt 0.38888890 0.50000000
vt 0.41666666 0.50000000
vt 0.44444445 0.50000000
vt 0.47222221 0.50000000
vt 0.50000000 0.50000000
vt 0.52777779 0.50000000
vt 0.55555558 0.50000000
vt 0.58333331 0.50000000
vt 0.61111110 0.50000000
vt 0.63888890 0.50000000
vt 0.66666669 0.50000000
vt 0.69444442 0.50000000
vt 0.72222221 0.50000000
vt 0.75000000 0.50000000
vt 0.77777779 0.50000000
vt 0.80555558 0.50000000
vt 0.83333331 0.50000000
vt 0.86111110 0.50000000
vt 0.88888890 0.50000000
vt 0.91666669 0.50000000
vt 0.94444442 0.50000000
vt 0.97222221 0.50000000
vt 0 0.61000001
vt 0.02777778 0.61000001
vt 0.05555556 0.61000001
vt 0.08333334 0.61000001
vt 0.11111111 0.61000001
vt 0.13888890 0.61000001
vt 0.16666667 0.61000001
vt 0.19444445 0.61000001
vt 0.22222222 0.61000001
vt 0.25000000 0.61000001
vt 0.27777779 0.61000001
vt 0.30555555 0.61000001
vt 0.33333334 0.61000001
vt 0.36111110 0.61000001
vt 0.38888890 0.61000001
vt 0.41666666 0.61000001
vt 0.44444445 0.61000001
vt 0.47222221 0.61000001
vt 0.50000000 0.61000001
vt 0.52777779 0.61000001
vt 0.55555558 0.61000001
vt 0.58333331 0.61000001
vt 0.61111110 0.61000001
vt 0.63888890 0.61000001
vt 0.66666669 0.61000001
vt 0.69444442 0.61000001
vt 0.72222221 0.61000001
vt 0.75000000 0.61000001
vt 0.77777779 0.61000001
vt 0.80555558 0.61000001
vt 0.83333331 0.61000001
vt 0.86111110 0.61000001
vt 0.88888890 0.61000001
vt 0.91666669 0.61000001
vt 0.94444442 0.61000001
vt 0.97222221 0.61000001
vt 0 0.72000003
vt 0.02777778 0.72000003
vt 0.05555556 0.72000003
vt 0.08333334 0.72000003
vt 0.11111111 0.72000003
vt 0.13888890 0.72000003
vt 0.16666667 0.72000003
vt 0.19444445 0.72000003
vt 0.22222222 0.72000003
vt 0.25000000 0.72000003
vt 0.27777779 0.72000003
vt 0.30555555 0.72000003
vt 0.33333334 0.72000003
vt 0.36111110 0.72000003
vt 0.38888890 0.72000003
vt 0.41666666 0.72000003
vt 0.44444445 0.72000003
vt 0.47222221 0.72000003
vt 0.50000000 0.72000003
vt 0.52777779 0.72000003
vt 0.55555558 0.72000003
vt 0.58333331 0.72000003
vt 0.61111110 0.72000003
vt 0.63888890 0.72000003
vt 0.66666669 0.72000003
vt 0.69444442 0.72000003
vt 0.72222221 0.72000003
vt 0.75000000 0.72000003
vt 0.77777779 0.72000003
vt 0.80555558 0.72000003
vt 0.83333331 0.72000003
vt 0.86111110 0.72000003
vt 0.88888890 0.72000003
vt 0.91666669 0.72000003
vt 0.94444442 0.72000003
vt 0.97222221 0.72000003
vt 0 0.82999998
vt 0.02777778 0.82999998
vt 0.05555556 0.82999998
vt 0.08333334 0.82999998
vt 0.11111111 0.82999998
vt 0.13888890 0.82999998
vt 0.16666667 0.82999998
vt 0.19444445 0.82999998
vt 0.22222222 0.82999998
vt 0.25000000 0.82999998
vt 0.27777779 0.82999998
vt 0.30555555 0.82999998
vt 0.33333334 0.82999998
vt 0.36111110 0.82999998
vt 0.38888890 0.82999998
vt 0.41666666 0.82999998
vt 0.44444445 0.82999998
vt 0.47222221 0.82999998
vt 0.50000000 0.82999998
vt 0.52777779 0.82999998
vt 0.55555558 0.82999998
vt 0.58333331 0.82999998
vt 0.61111110 0.82999998
vt 0.63888890 0.82999998
vt 0.66666669 0.82999998
vt 0.69444442 0.82999998
vt 0.72222221 0.82999998
vt 0.75000000 0.82999998
vt 0.77777779 0.82999998
vt 0.80555558 0.82999998
vt 0.83333331 0.82999998
vt 0.86111110 0.82999998
vt 0.88888890 0.82999998
vt 0.91666669 0.82999998
vt 0.94444442 0.82999998
vt 0.97222221 0.82999998
vt 0 0.94000000
vt 0.02777778 0.94000000
vt 0.05555556 0.94000000
vt 0.08333334 0.94000000
vt 0.11111111 0.94000000
vt 0.13888890 0.94000000
vt 0.16666667 0.94000000
vt 0.19444445 0.94000000
vt 0.22222222 0.94000000
vt 0.25000000 0.94000000
vt 0.27777779 0.94000000
vt 0.30555555 0.94000000
vt 0.33333334 0.94000000
vt 0.36111110 0.94000000
vt 0.38888890 0.94000000
vt 0.41666666 0.94000000
vt 0.44444445 0.94000000
vt 0.47222221 0.94000000
vt 0.50000000 0.94000000
vt 0.52777779 0.94000000
vt 0.55555558 0.94000000
vt 0.58333331 0.94000000
vt 0.61111110 0.94000000
vt 0.63888890 0.94000000
vt 0.66666669 0.94000000
vt 0.69444442 0.94000000
vt 0.72222221 0.94000000
vt 0.75000000 0.94000000
vt 0.77777779 0.94000000
vt 0.80555558 0.94000000
vt 0.83333331 0.94000000
vt 0.86111110 0.94000000
vt 0.88888890 0.94000000
vt 0.91666669 0.94000000
vt 0.94444442 0.94000000
vt 0.97222221 0.94000000
vt 0.47222221 1
vt 0.46747220 1
vt 0.43340233 1
vt 0.44444445 1
vt 0.40099218 1
vt 0.39581868 1
vt 0.41666666 1
vt 0.36111110 1
vt 0.35418132 1
vt 0.34900782 1
vt 0.33333334 1
vt 0.31659767 1
vt 0.30555555 1
vt 0.28252780 1
vt 0.25000000 1
vt 0.22222222 1
vt 0.21747221 1
vt 0.18340233 1
vt 0.19444445 1
vt 0.15099218 1
vt 0.14581870 1
vt 0.16666667 1
vt 0.11111111 1
vt 0.10418130 1
vt 0.09900781 1
vt 0.08333334 1
vt 0.06659767 1
vt 0.05555556 1
vt 0.03252780 1
vt 0 1
vt 0.97222221 1
vt 0.96747220 1
vt 0.93340230 1
vt 0.94444442 1
vt 0.90099221 1
vt 0.89581871 1
vt 0.91666669 1
vt 0.86111110 1
vt 0.85418129 1
vt 0.84900779 1
vt 0.83333331 1
vt 0.81659770 1
vt 0.80555558 1
vt 0.78252780 1
vt 0.75000000 1
vt 0.72222221 1
vt 0.71747220 1
vt 0.68340230 1
vt 0.69444442 1
vt 0.65099221 1
vt 0.64581871 1
vt 0.66666669 1
vt 0.61111110 1
vt 0.60418129 1
vt 0.59900779 1
vt 0.58333331 1
vt 0.56659770 1
vt 0.55555558 1
vt 0.53252780 1
vt 0.50000000 1
vt 0.50000000 0
vt 0.52777779 0
vt 0.55555558 0
vt 0.58333331 0
vt 0.61111110 0
vt 0.63888890 0
vt 0.66666669 0
vt 0.69444442 0
vt 0.72222221 0
vt 0.75000000 0
vt 0.77777779 0
vt 0.80555558 0
vt 0.83333331 0
vt 0.86111110 0
vt 0.88888890 0
vt 0.91666669 0
vt 0.94444442 0
vt 0.97222221 0
vt 1 0
vt 0.02777778 0
vt 0.05555556 0
vt 0.08333334 0
vt 0.11111111 0
vt 0.13888890 0
vt 0.16666667 0
vt 0.19444445 0
vt 0.22222222 0
vt 0.25000000 0
vt 0.27777779 0
vt 0.30555555 0
vt 0.33333334 0
vt 0.36111110 0
vt 0.38888890 0
vt 0.41666666 0
vt 0.44444445 0
vt 0.47222221 0
vt 0.52777779 1
vt 0.63888890 1
vt 0.77777779 1
vt 0.88888890 1
vt 0.02777778 1
vt 0.13888890 1
vt 0.27777779 1
vt 0.38888890 1
vt 0 0.20000000
vt 0 0
vt 0.02777778 0
vt 0 0.40000001
vt 0.02777778 0.20000000
vt 0 0.60000002
vt 0.02777778 0.40000001
vt 0 0.80000001
vt 0.02777778 0.60000002
vt 0 1
vt 0.02777778 0.80000001
vt 0.05555556 0
vt 0.05555556 0.20000000
vt 0.05555556 0.40000001
vt 0.05555556 0.60000002
vt 0.02777778 1
vt 0.05555556 0.80000001
vt 0.08333334 0
vt 0.08333334 0.20000000
vt 0.08333334 0.40000001
vt 0.08333334 0.60000002
vt 0.05555556 1
vt 0.08333334 0.80000001
vt 0.11111111 0
vt 0.11111111 0.20000000
vt 0.11111111 0.40000001
vt 0.11111111 0.60000002
vt 0.08333334 1
vt 0.11111111 0.80000001
vt 0.13888890 0
vt 0.13888890 0.20000000
vt 0.13888890 0.40000001
vt 0.13888890 0.60000002
vt 0.11111111 1
vt 0.13888890 0.80000001
vt 0.16666667 0
vt 0.16666667 0.20000000
vt 0.16666667 0.40000001
vt 0.16666667 0.60000002
vt 0.13888890 1
vt 0.16666667 0.80000001
vt 0.19444445 0
vt 0.19444445 0.20000000
vt 0.19444445 0.40000001
vt 0.19444445 0.60000002
vt 0.16666667 1
vt 0.19444445 0.80000001
vt 0.22222222 0
vt 0.22222222 0.20000000
vt 0.22222222 0.40000001
vt 0.22222222 0.60000002
vt 0.19444445 1
vt 0.22222222 0.80000001
vt 0.25000000 0
vt 0.25000000 0.20000000
vt 0.25000000 0.40000001
vt 0.25000000 0.60000002
vt 0.22222222 1
vt 0.25000000 0.80000001
vt 0.27777779 0
vt 0.27777779 0.20000000
vt 0.27777779 0.40000001
vt 0.27777779 0.60000002
vt 0.25000000 1
vt 0.27777779 0.80000001
vt 0.30555555 0
vt 0.30555555 0.20000000
vt 0.30555555 0.40000001
vt 0.30555555 0.60000002
vt 0.27777779 1
vt 0.30555555 0.80000001
vt 0.33333334 0
vt 0.33333334 0.20000000
vt 0.33333334 0.40000001
vt 0.33333334 0.60000002
vt 0.30555555 1
vt 0.33333334 0.80000001
vt 0.36111110 0
vt 0.36111110 0.20000000
vt 0.36111110 0.40000001
vt 0.36111110 0.60000002
vt 0.33333334 1
vt 0.36111110 0.80000001
vt 0.38888890 0
vt 0.38888890 0.20000000
vt 0.38888890 0.40000001
vt 0.38888890 0.60000002
vt 0.36111110 1
vt 0.38888890 0.80000001
vt 0.41666666 0
vt 0.41666666 0.20000000
vt 0.41666666 0.40000001
vt 0.41666666 0.60000002
vt 0.38888890 1
vt 0.41666666 0.80000001
vt 0.44444445 0
vt 0.44444445 0.20000000
vt 0.44444445 0.40000001
vt 0.44444445 0.60000002
vt 0.41666666 1
vt 0.44444445 0.80000001
vt 0.47222221 0
vt 0.47222221 0.20000000
vt 0.47222221 0.40000001
vt 0.47222221 0.60000002
vt 0.44444445 1
vt 0.47222221 0.80000001
vt 0.50000000 0
vt 0.50000000 0.20000000
vt 0.50000000 0.40000001
vt 0.50000000 0.60000002
vt 0.47222221 1
vt 0.50000000 0.80000001
vt 0.52777779 0
vt 0.52777779 0.20000000
vt 0.52777779 0.40000001
vt 0.52777779 0.60000002
vt 0.50000000 1
vt 0.52777779 0.80000001
vt 0.55555558 0
vt 0.55555558 0.20000000
vt 0.55555558 0.40000001
vt 0.55555558 0.60000002
vt 0.52777779 1
vt 0.55555558 0.80000001
vt 0.58333331 0
vt 0.58333331 0.20000000
vt 0.58333331 0.40000001
vt 0.58333331 0.60000002
vt 0.55555558 1
vt 0.58333331 0.80000001
vt 0.61111110 0
vt 0.61111110 0.20000000
vt 0.61111110 0.40000001
vt 0.61111110 0.60000002
vt 0.58333331 1
vt 0.61111110 0.80000001
vt 0.63888890 0
vt 0.63888890 0.20000000
vt 0.63888890 0.40000001
vt 0.63888890 0.60000002
vt 0.61111110 1
vt 0.63888890 0.80000001
vt 0.66666669 0
vt 0.66666669 0.20000000
vt 0.66666669 0.40000001
vt 0.66666669 0.60000002
vt 0.63888890 1
vt 0.66666669 0.80000001
vt 0.69444442 0
vt 0.69444442 0.20000000
vt 0.69444442 0.40000001
vt 0.69444442 0.60000002
vt 0.66666669 1
vt 0.69444442 0.80000001
vt 0.72222221 0
vt 0.72222221 0.20000000
vt 0.72222221 0.40000001
vt 0.72222221 0.60000002
vt 0.69444442 1
vt 0.72222221 0.80000001
vt 0.75000000 0
vt 0.75000000 0.20000000
vt 0.75000000 0.40000001
vt 0.75000000 0.60000002
vt 0.72222221 1
vt 0.75000000 0.80000001
vt 0.77777779 0
vt 0.77777779 0.20000000
vt 0.77777779 0.40000001
vt 0.77777779 0.60000002
vt 0.75000000 1
vt 0.77777779 0.80000001
vt 0.80555558 0
vt 0.80555558 0.20000000
vt 0.80555558 0.40000001
vt 0.80555558 0.60000002
vt 0.77777779 1
vt 0.80555558 0.80000001
vt 0.83333331 0
vt 0.83333331 0.20000000
vt 0.83333331 0.40000001
vt 0.83333331 0.60000002
vt 0.80555558 1
vt 0.83333331 0.80000001
vt 0.86111110 0
vt 0.86111110 0.20000000
vt 0.86111110 0.40000001
vt 0.86111110 0.60000002
vt 0.83333331 1
vt 0.86111110 0.80000001
vt 0.88888890 0
vt 0.88888890 0.20000000
vt 0.88888890 0.40000001
vt 0.88888890 0.60000002
vt 0.86111110 1
vt 0.88888890 0.80000001
vt 0.91666669 0
vt 0.91666669 0.20000000
vt 0.91666669 0.40000001
vt 0.91666669 0.60000002
vt 0.88888890 1
vt 0.91666669 0.80000001
vt 0.94444442 0
vt 0.94444442 0.20000000
vt 0.94444442 0.40000001
vt 0.94444442 0.60000002
vt 0.91666669 1
vt 0.94444442 0.80000001
vt 0.97222221 0
vt 0.97222221 0.20000000
vt 0.97222221 0.40000001
vt 0.97222221 0.60000002
vt 0.94444442 1
vt 0.97222221 0.80000001
vt 0.97222221 1
vt 0.30000001 0.89999998
vt 0.40000001 0.89999998
vt 0.40000001 0.80000001
vt 0.60000002 0.89999998
vt 0.69999999 0.89999998
vt 0.69999999 0.80000001
vt 0.10000000 0.69999999
vt 0.20000000 0.69999999
vt 0.20000000 0.60000002
vt 0.80000001 0.69999999
vt 0.89999998 0.69999999
vt 0.89999998 0.60000002
vt 0.10000000 0.40000001
vt 0.20000000 0.40000001
vt 0.20000000 0.30000001
vt 0.80000001 0.40000001
vt 0.89999998 0.40000001
vt 0.89999998 0.30000001
vt 0.30000001 0.20000000
vt 0.40000001 0.20000000
vt 0.40000001 0.10000000
vt 0.60000002 0.20000000
vt 0.69999999 0.20000000
vt 0.69999999 0.10000000
vt 0.89999998 0.50000000
vt 0.99407113 0.50000000
vt 0.98656511 0.41420543
vt 0.96427500 0.33101770
vt 0.98378825 0.39972416
vt 0.95144349 0.29923883
vt 0.92787814 0.25296444
vt 0.80000001 0.30000001
vt 0.90151459 0.21208975
vt 0.89194530 0.19919248
vt 0.80000001 0.20000000
vt 0.87848043 0.18241718
vt 0.81758279 0.12151954
vt 0.80080754 0.10805468
vt 0.78791028 0.09848539
vt 0.74703556 0.07212184
vt 0.70076114 0.04855648
vt 0.66898227 0.03572499
vt 0.60000002 0.10000000
vt 0.50000000 0.10000000
vt 0.58579457 0.01343490
vt 0.60027587 0.01621177
vt 0.50000000 0.00592885
vt 0.41420543 0.01343490
vt 0.30000001 0.10000000
vt 0.33101770 0.03572499
vt 0.39972416 0.01621177
vt 0.29923883 0.04855648
vt 0.25296444 0.07212184
vt 0.21208975 0.09848539
vt 0.19919248 0.10805468
vt 0.20000000 0.20000000
vt 0.18241718 0.12151954
vt 0.12151954 0.18241718
vt 0.10805468 0.19919248
vt 0.09848539 0.21208975
vt 0.10000000 0.30000001
vt 0.07212184 0.25296444
vt 0.04855648 0.29923883
vt 0.03572499 0.33101770
vt 0.10000000 0.50000000
vt 0.01343490 0.41420543
vt 0.01621177 0.39972416
vt 0.00592885 0.50000000
vt 0.01343490 0.58579457
vt 0.10000000 0.60000002
vt 0.03572499 0.66898227
vt 0.01621177 0.60027587
vt 0.04855648 0.70076114
vt 0.07212184 0.74703556
vt 0.09848539 0.78791028
vt 0.10805468 0.80080754
vt 0.20000000 0.80000001
vt 0.12151954 0.81758279
vt 0.18241718 0.87848043
vt 0.30000001 0.80000001
vt 0.19919248 0.89194530
vt 0.21208975 0.90151459
vt 0.25296444 0.92787814
vt 0.29923883 0.95144349
vt 0.33101770 0.96427500
vt 0.50000000 0.89999998
vt 0.41420543 0.98656511
vt 0.39972416 0.98378825
vt 0.50000000 0.99407113
vt 0.58579457 0.98656511
vt 0.66898227 0.96427500
vt 0.60027587 0.98378825
vt 0.70076114 0.95144349
vt 0.74703556 0.92787814
vt 0.78791028 0.90151459
vt 0.80080754 0.89194530
vt 0.80000001 0.80000001
vt 0.81758279 0.87848043
vt 0.87848043 0.81758279
vt 0.89194530 0.80080754
vt 0.90151459 0.78791028
vt 0.92787814 0.74703556
vt 0.95144349 0.70076114
vt 0.96427500 0.66898227
vt 0.98656511 0.58579457
vt 0.98378825 0.60027587
vt 0.81272131 0.50000000
vt 0.80797040 0.55430347
vt 0.80000001 0.60000002
vt 0.79386193 0.60695702
vt 0.77082461 0.65636069
vt 0.74035466 0.70006067
vt 0.70101339 0.73955846
vt 0.70006067 0.74035466
vt 0.73955846 0.70101339
vt 0.65636069 0.77082461
vt 0.60695702 0.79386193
vt 0.55430347 0.80797040
vt 0.60000002 0.80000001
vt 0.50000000 0.81272131
vt 0.44569650 0.80797040
vt 0.39304301 0.79386193
vt 0.34363934 0.77082461
vt 0.29993933 0.74035466
vt 0.26044157 0.70101339
vt 0.25964534 0.70006067
vt 0.29898661 0.73955846
vt 0.22917539 0.65636069
vt 0.20613807 0.60695702
vt 0.19202961 0.55430347
vt 0.18727867 0.50000000
vt 0.19202961 0.44569650
vt 0.20613807 0.39304301
vt 0.22917539 0.34363934
vt 0.29898661 0.26044157
vt 0.29993933 0.25964534
vt 0.26044157 0.29898661
vt 0.25964534 0.29993933
vt 0.34363934 0.22917539
vt 0.39304301 0.20613807
vt 0.44569650 0.19202961
vt 0.50000000 0.18727867
vt 0.55430347 0.19202961
vt 0.60695702 0.20613807
vt 0.65636069 0.22917539
vt 0.73955846 0.29898661
vt 0.74035466 0.29993933
vt 0.70101339 0.26044157
vt 0.70006067 0.25964534
vt 0.77082461 0.34363934
vt 0.79386193 0.39304301
vt 0.80797040 0.44569650
vt 0.97222221 0.20000000
vt 1 0.20000000
vt 1 0
vt 0.97222221 0.40000001
vt 1 0.40000001
vt 0.97222221 0.60000002
vt 1 0.60000002
vt 0.97222221 0.80000001
vt 1 0.80000001
vt 0.97222221 1
vt 1 1
vt 0.94444442 0.20000000
vt 0.97222221 0
vt 0.94444442 0.40000001
vt 0.94444442 0.60000002
vt 0.94444442 0.80000001
vt 0.94444442 1
vt 0.91666669 0.20000000
vt 0.94444442 0
vt 0.91666669 0.40000001
vt 0.91666669 0.60000002
vt 0.91666669 0.80000001
vt 0.91666669 1
vt 0.91666669 0
vt 0.88952082 -0.00000000
vt 0.88888890 0.20000000
vt 0.88888890 0.40000001
vt 0.88888890 0.60000002
vt 0.88888890 0.80000001
vt 0.88952082 1
vt 0.88888890 1
vt 0.86111110 0.20000000
vt 0.88888890 0
vt 0.86111110 0.40000001
vt 0.86111110 0.60000002
vt 0.86111110 0.80000001
vt 0.86111110 1
vt 0.83333331 0.20000000
vt 0.86047918 0
vt 0.86111110 0
vt 0.83333331 0.40000001
vt 0.83333331 0.60000002
vt 0.83333331 0.80000001
vt 0.83333331 1
vt 0.86047918 1
vt 0.80555558 0.20000000
vt 0.83333331 0
vt 0.80555558 0.40000001
vt 0.80555558 0.60000002
vt 0.80555558 0.80000001
vt 0.80555558 1
vt 0.77777779 0.20000000
vt 0.80555558 0
vt 0.77777779 0.40000001
vt 0.77777779 0.60000002
vt 0.77777779 0.80000001
vt 0.77777779 1
vt 0.75000000 0.20000000
vt 0.77777779 0
vt 0.75000000 0.40000001
vt 0.75000000 0.60000002
vt 0.75000000 0.80000001
vt 0.75000000 1
vt 0.72222221 0.20000000
vt 0.75000000 0
vt 0.72222221 0.40000001
vt 0.72222221 0.60000002
vt 0.72222221 0.80000001
vt 0.72222221 1
vt 0.69444442 0.20000000
vt 0.72222221 0
vt 0.69444442 0.40000001
vt 0.69444442 0.60000002
vt 0.69444442 0.80000001
vt 0.69444442 1
vt 0.66666669 0.20000000
vt 0.69444442 0
vt 0.66666669 0.40000001
vt 0.66666669 0.60000002
vt 0.66666669 0.80000001
vt 0.66666669 1
vt 0.66666669 0
vt 0.63952082 0
vt 0.63888890 0.20000000
vt 0.63888890 0.40000001
vt 0.63888890 0.60000002
vt 0.63888890 0.80000001
vt 0.63952082 1
vt 0.63888890 1
vt 0.61111110 0.20000000
vt 0.63888890 0
vt 0.61111110 0.40000001
vt 0.61111110 0.60000002
vt 0.61111110 0.80000001
vt 0.61111110 1
vt 0.58333331 0.20000000
vt 0.61047918 -0.00000000
vt 0.61111110 0
vt 0.58333331 0.40000001
vt 0.58333331 0.60000002
vt 0.58333331 0.80000001
vt 0.58333331 1
vt 0.61047918 1
vt 0.55555558 0.20000000
vt 0.58333331 0
vt 0.55555558 0.40000001
vt 0.55555558 0.60000002
vt 0.55555558 0.80000001
vt 0.55555558 1
vt 0.52777779 0.20000000
vt 0.55555558 0
vt 0.52777779 0.40000001
vt 0.52777779 0.60000002
vt 0.52777779 0.80000001
vt 0.52777779 1
vt 0.50000000 0.20000000
vt 0.52777779 0
vt 0.50000000 0.40000001
vt 0.50000000 0.60000002
vt 0.50000000 0.80000001
vt 0.50000000 1
vt 0.47222221 0.20000000
vt 0.50000000 0
vt 0.47222221 0.40000001
vt 0.47222221 0.60000002
vt 0.47222221 0.80000001
vt 0.47222221 1
vt 0.44444445 0.20000000
vt 0.47222221 0
vt 0.44444445 0.40000001
vt 0.44444445 0.60000002
vt 0.44444445 0.80000001
vt 0.44444445 1
vt 0.41666666 0.20000000
vt 0.44444445 0
vt 0.41666666 0.40000001
vt 0.41666666 0.60000002
vt 0.41666666 0.80000001
vt 0.41666666 1
vt 0.41666666 0
vt 0.38952079 -0.00000000
vt 0.38888890 0.20000000
vt 0.38888890 0.40000001
vt 0.38888890 0.60000002
vt 0.38888890 0.80000001
vt 0.38952079 1
vt 0.38888890 1
vt 0.36111110 0.20000000
vt 0.38888890 0
vt 0.36111110 0.40000001
vt 0.36111110 0.60000002
vt 0.36111110 0.80000001
vt 0.36111110 1
vt 0.33333334 0.20000000
vt 0.36047921 0
vt 0.36111110 0
vt 0.33333334 0.40000001
vt 0.33333334 0.60000002
vt 0.33333334 0.80000001
vt 0.33333334 1
vt 0.36047921 1
vt 0.30555555 0.20000000
vt 0.33333334 0
vt 0.30555555 0.40000001
vt 0.30555555 0.60000002
vt 0.30555555 0.80000001
vt 0.30555555 1
vt 0.27777779 0.20000000
vt 0.30555555 0
vt 0.27777779 0.40000001
vt 0.27777779 0.60000002
vt 0.27777779 0.80000001
vt 0.27777779 1
vt 0.25000000 0.20000000
vt 0.27777779 0
vt 0.25000000 0.40000001
vt 0.25000000 0.60000002
vt 0.25000000 0.80000001
vt 0.25000000 1
vt 0.22222222 0.20000000
vt 0.25000000 0
vt 0.22222222 0.40000001
vt 0.22222222 0.60000002
vt 0.22222222 0.80000001
vt 0.22222222 1
vt 0.19444445 0.20000000
vt 0.22222222 0
vt 0.19444445 0.40000001
vt 0.19444445 0.60000002
vt 0.19444445 0.80000001
vt 0.19444445 1
vt 0.16666667 0.20000000
vt 0.19444445 0
vt 0.16666667 0.40000001
vt 0.16666667 0.60000002
vt 0.16666667 0.80000001
vt 0.16666667 1
vt 0.16666667 0
vt 0.13952081 0
vt 0.13888890 0.20000000
vt 0.13888890 0.40000001
vt 0.13888890 0.60000002
vt 0.13888890 0.80000001
vt 0.13952081 1
vt 0.13888890 1
vt 0.11111111 0.20000000
vt 0.13888890 0
vt 0.11111111 0.40000001
vt 0.11111111 0.60000002
vt 0.11111111 0.80000001
vt 0.11111111 1
vt 0.08333334 0.20000000
vt 0.11047920 -0.00000000
vt 0.11111111 0
vt 0.08333334 0.40000001
vt 0.08333334 0.60000002
vt 0.08333334 0.80000001
vt 0.08333334 1
vt 0.11047920 1
vt 0.05555556 0.20000000
vt 0.08333334 0
vt 0.05555556 0.40000001
vt 0.05555556 0.60000002
vt 0.05555556 0.80000001
vt 0.05555556 1
vt 0.02777778 0.20000000
vt 0.05555556 0
vt 0.02777778 0.40000001
vt 0.02777778 0.60000002
vt 0.02777778 0.80000001
vt 0.02777778 1
vt 0.02777778 0
vt 0 0.20000000
vt 0 0
vt 0.02777778 0
vt 0 0.40000001
vt 0.02777778 0.20000000
vt 0 0.60000002
vt 0.02777778 0.40000001
vt 0 0.80000001
vt 0.02777778 0.60000002
vt 0 1
vt 0.02777778 0.80000001
vt 0.05555556 0.20000000
vt 0.03252780 -0.00000000
vt 0.05555556 0.40000001
vt 0.05555556 0.60000002
vt 0.05555556 0.80000001
vt 0.05555556 1
vt 0.03252780 1
vt 0.08333334 0.20000000
vt 0.06659767 0
vt 0.05555556 0
vt 0.08333334 0.40000001
vt 0.08333334 0.60000002
vt 0.08333334 0.80000001
vt 0.08333334 1
vt 0.06659767 1
vt 0.08333334 0
vt 0.09900781 -0.00000000
vt 0.11111111 0.20000000
vt 0.10418130 0
vt 0.11111111 0.40000001
vt 0.11111111 0.60000002
vt 0.11111111 0.80000001
vt 0.09900781 1
vt 0.10418130 1
vt 0.11111111 1
vt 0.11111111 0
vt 0.13888890 0
vt 0.13888890 0.20000000
vt 0.13888890 0.40000001
vt 0.13888890 0.60000002
vt 0.13888890 0.80000001
vt 0.16666667 0.20000000
vt 0.15099218 0.00000000
vt 0.14581870 -0.00000000
vt 0.16666667 0.40000001
vt 0.16666667 0.60000002
vt 0.15099218 1
vt 0.14581870 1
vt 0.16666667 0.80000001
vt 0.16666667 1
vt 0.16666667 0
vt 0.18340233 0.00000000
vt 0.19444445 0.20000000
vt 0.19444445 0.40000001
vt 0.19444445 0.60000002
vt 0.19444445 0.80000001
vt 0.18340233 1
vt 0.19444445 1
vt 0.19444445 0
vt 0.21747221 0.00000000
vt 0.22222222 0.20000000
vt 0.22222222 0.40000001
vt 0.22222222 0.60000002
vt 0.22222222 0.80000001
vt 0.21747221 1
vt 0.22222222 1
vt 0.22222222 0
vt 0.25000000 0
vt 0.25000000 0.20000000
vt 0.25000000 0.40000001
vt 0.25000000 0.60000002
vt 0.25000000 0.80000001
vt 0.27777779 0
vt 0.27777779 0.20000000
vt 0.27777779 0.40000001
vt 0.27777779 0.60000002
vt 0.25000000 1
vt 0.27777779 0.80000001
vt 0.30555555 0.20000000
vt 0.28252780 0
vt 0.30555555 0.40000001
vt 0.30555555 0.60000002
vt 0.30555555 0.80000001
vt 0.30555555 1
vt 0.28252780 1
vt 0.33333334 0.20000000
vt 0.31659767 0
vt 0.30555555 0
vt 0.33333334 0.40000001
vt 0.33333334 0.60000002
vt 0.33333334 0.80000001
vt 0.33333334 1
vt 0.31659767 1
vt 0.33333334 0
vt 0.34900782 0.00000000
vt 0.36111110 0.20000000
vt 0.35418132 0.00000000
vt 0.36111110 0.40000001
vt 0.36111110 0.60000002
vt 0.36111110 0.80000001
vt 0.34900782 1
vt 0.35418132 1
vt 0.36111110 1
vt 0.36111110 0
vt 0.38888890 0
vt 0.38888890 0.20000000
vt 0.38888890 0.40000001
vt 0.38888890 0.60000002
vt 0.38888890 0.80000001
vt 0.41666666 0.20000000
vt 0.40099218 0
vt 0.39581868 -0.00000000
vt 0.41666666 0.40000001
vt 0.41666666 0.60000002
vt 0.40099218 1
vt 0.39581868 1
vt 0.41666666 0.80000001
vt 0.41666666 1
vt 0.41666666 0
vt 0.43340233 0
vt 0.44444445 0.20000000
vt 0.44444445 0.40000001
vt 0.44444445 0.60000002
vt 0.44444445 0.80000001
vt 0.43340233 1
vt 0.44444445 1
vt 0.44444445 0
vt 0.46747220 0
vt 0.47222221 0.20000000
vt 0.47222221 0.40000001
vt 0.47222221 0.60000002
vt 0.47222221 0.80000001
vt 0.46747220 1
vt 0.47222221 1
vt 0.47222221 0
vt 0.50000000 0
vt 0.50000000 0.20000000
vt 0.50000000 0.40000001
vt 0.50000000 0.60000002
vt 0.50000000 0.80000001
vt 0.52777779 0
vt 0.52777779 0.20000000
vt 0.52777779 0.40000001
vt 0.52777779 0.60000002
vt 0.50000000 1
vt 0.52777779 0.80000001
vt 0.55555558 0.20000000
vt 0.53252780 0
vt 0.55555558 0.40000001
vt 0.55555558 0.60000002
vt 0.55555558 0.80000001
vt 0.55555558 1
vt 0.53252780 1
vt 0.58333331 0.20000000
vt 0.56659770 0.00000000
vt 0.55555558 0
vt 0.58333331 0.40000001
vt 0.58333331 0.60000002
vt 0.58333331 0.80000001
vt 0.58333331 1
vt 0.56659770 1
vt 0.61111110 0.20000000
vt 0.59900779 0
vt 0.60418129 0
vt 0.58333331 0
vt 0.61111110 0.40000001
vt 0.61111110 0.60000002
vt 0.61111110 0.80000001
vt 0.59900779 1
vt 0.60418129 1
vt 0.61111110 1
vt 0.61111110 0
vt 0.63888890 0
vt 0.63888890 0.20000000
vt 0.63888890 0.40000001
vt 0.63888890 0.60000002
vt 0.63888890 0.80000001
vt 0.66666669 0.20000000
vt 0.65099221 0.00000000
vt 0.64581871 0.00000000
vt 0.66666669 0.40000001
vt 0.66666669 0.60000002
vt 0.65099221 1
vt 0.64581871 1
vt 0.66666669 0.80000001
vt 0.66666669 1
vt 0.66666669 0
vt 0.68340230 0.00000000
vt 0.69444442 0.20000000
vt 0.69444442 0.40000001
vt 0.69444442 0.60000002
vt 0.69444442 0.80000001
vt 0.68340230 1
vt 0.69444442 1
vt 0.69444442 0
vt 0.71747220 0
vt 0.72222221 0.20000000
vt 0.72222221 0.40000001
vt 0.72222221 0.60000002
vt 0.72222221 0.80000001
vt 0.71747220 1
vt 0.72222221 1
vt 0.72222221 0
vt 0.75000000 0
vt 0.75000000 0.20000000
vt 0.75000000 0.40000001
vt 0.75000000 0.60000002
vt 0.75000000 0.80000001
vt 0.77777779 0
vt 0.77777779 0.20000000
vt 0.77777779 0.40000001
vt 0.77777779 0.60000002
vt 0.75000000 1
vt 0.77777779 0.80000001
vt 0.80555558 0.20000000
vt 0.78252780 0.00000000
vt 0.80555558 0.40000001
vt 0.80555558 0.60000002
vt 0.80555558 0.80000001
vt 0.80555558 1
vt 0.78252780 1
vt 0.83333331 0.20000000
vt 0.81659770 0.00000000
vt 0.80555558 0
vt 0.83333331 0.40000001
vt 0.83333331 0.60000002
vt 0.83333331 0.80000001
vt 0.83333331 1
vt 0.81659770 1
vt 0.86111110 0.20000000
vt 0.84900779 0.00000000
vt 0.85418129 0
vt 0.83333331 0
vt 0.86111110 0.40000001
vt 0.86111110 0.60000002
vt 0.86111110 0.80000001
vt 0.84900779 1
vt 0.85418129 1
vt 0.86111110 1
vt 0.86111110 0
vt 0.88888890 0
vt 0.88888890 0.20000000
vt 0.88888890 0.40000001
vt 0.88888890 0.60000002
vt 0.88888890 0.80000001
vt 0.91666669 0.20000000
vt 0.90099221 -0.00000000
vt 0.89581871 -0.00000000
vt 0.91666669 0.40000001
vt 0.91666669 0.60000002
vt 0.90099221 1
vt 0.89581871 1
vt 0.91666669 0.80000001
vt 0.91666669 1
vt 0.91666669 0
vt 0.93340230 0.00000000
vt 0.94444442 0.20000000
vt 0.94444442 0.40000001
vt 0.94444442 0.60000002
vt 0.94444442 0.80000001
vt 0.93340230 1
vt 0.94444442 1
vt 0.94444442 0
vt 0.96747220 -0.00000000
vt 0.97222221 0.20000000
vt 0.97222221 0.40000001
vt 0.97222221 0.60000002
vt 0.97222221 0.80000001
vt 0.96747220 1
vt 0.97222221 1
vt 0.97222221 0
vt 0.88888890 1
vt 0.77777779 1
vt 0.63888890 1
vt 0.52777779 1
vt 0.38888890 1
vt 0.27777779 1
vt 0.13888890 1
vt 0.02777778 1
vt 0.30000001 0.89999998
vt 0.40000001 0.89999998
vt 0.40000001 0.80000001
vt 0.60000002 0.89999998
vt 0.69999999 0.89999998
vt 0.69999999 0.80000001
vt 0.10000000 0.69999999
vt 0.20000000 0.69999999
vt 0.20000000 0.60000002
vt 0.80000001 0.69999999
vt 0.89999998 0.69999999
vt 0.89999998 0.60000002
vt 0.10000000 0.40000001
vt 0.20000000 0.40000001
vt 0.20000000 0.30000001
vt 0.80000001 0.40000001
vt 0.89999998 0.40000001
vt 0.89999998 0.30000001
vt 0.30000001 0.20000000
vt 0.40000001 0.20000000
vt 0.40000001 0.10000000
vt 0.60000002 0.20000000
vt 0.69999999 0.20000000
vt 0.69999999 0.10000000
vt 0.10000000 0.50000000
vt 0.00592885 0.50000000
vt 0.01343490 0.58579457
vt 0.10000000 0.60000002
vt 0.03572499 0.66898227
vt 0.01621177 0.60027587
vt 0.04855648 0.70076114
vt 0.07212184 0.74703556
vt 0.09848539 0.78791028
vt 0.10805468 0.80080754
vt 0.20000000 0.80000001
vt 0.12151954 0.81758279
vt 0.18241718 0.87848043
vt 0.30000001 0.80000001
vt 0.19919248 0.89194530
vt 0.21208975 0.90151459
vt 0.25296444 0.92787814
vt 0.29923883 0.95144349
vt 0.33101770 0.96427500
vt 0.50000000 0.89999998
vt 0.41420543 0.98656511
vt 0.39972416 0.98378825
vt 0.50000000 0.99407113
vt 0.58579457 0.98656511
vt 0.66898227 0.96427500
vt 0.60027587 0.98378825
vt 0.70076114 0.95144349
vt 0.74703556 0.92787814
vt 0.78791028 0.90151459
vt 0.80080754 0.89194530
vt 0.80000001 0.80000001
vt 0.81758279 0.87848043
vt 0.87848043 0.81758279
vt 0.89194530 0.80080754
vt 0.90151459 0.78791028
vt 0.92787814 0.74703556
vt 0.95144349 0.70076114
vt 0.96427500 0.66898227
vt 0.89999998 0.50000000
vt 0.98656511 0.58579457
vt 0.98378825 0.60027587
vt 0.99407113 0.50000000
vt 0.98656511 0.41420543
vt 0.96427500 0.33101770
vt 0.98378825 0.39972416
vt 0.95144349 0.29923883
vt 0.92787814 0.25296444
vt 0.80000001 0.30000001
vt 0.90151459 0.21208975
vt 0.89194530 0.19919248
vt 0.80000001 0.20000000
vt 0.87848043 0.18241718
vt 0.81758279 0.12151954
vt 0.80080754 0.10805468
vt 0.78791028 0.09848539
vt 0.74703556 0.07212184
vt 0.70076114 0.04855648
vt 0.66898227 0.03572499
vt 0.60000002 0.10000000
vt 0.50000000 0.10000000
vt 0.58579457 0.01343490
vt 0.60027587 0.01621177
vt 0.50000000 0.00592885
vt 0.41420543 0.01343490
vt 0.30000001 0.10000000
vt 0.33101770 0.03572499
vt 0.39972416 0.01621177
vt 0.29923883 0.04855648
vt 0.25296444 0.07212184
vt 0.21208975 0.09848539
vt 0.19919248 0.10805468
vt 0.20000000 0.20000000
vt 0.18241718 0.12151954
vt 0.12151954 0.18241718
vt 0.10805468 0.19919248
vt 0.09848539 0.21208975
vt 0.10000000 0.30000001
vt 0.07212184 0.25296444
vt 0.04855648 0.29923883
vt 0.03572499 0.33101770
vt 0.01343490 0.41420543
vt 0.01621177 0.39972416
vt 0.18727867 0.50000000
vt 0.19202961 0.44569650
vt 0.20613807 0.39304301
vt 0.22917539 0.34363934
vt 0.25964534 0.29993933
vt 0.29898661 0.26044157
vt 0.29993933 0.25964534
vt 0.26044157 0.29898661
vt 0.34363934 0.22917539
vt 0.39304301 0.20613807
vt 0.44569650 0.19202961
vt 0.50000000 0.18727867
vt 0.55430347 0.19202961
vt 0.60695702 0.20613807
vt 0.65636069 0.22917539
vt 0.70006067 0.25964534
vt 0.73955846 0.29898661
vt 0.74035466 0.29993933
vt 0.70101339 0.26044157
vt 0.77082461 0.34363934
vt 0.79386193 0.39304301
vt 0.80797040 0.44569650
vt 0.81272131 0.50000000
vt 0.80797040 0.55430347
vt 0.80000001 0.60000002
vt 0.79386193 0.60695702
vt 0.77082461 0.65636069
vt 0.70101339 0.73955846
vt 0.70006067 0.74035466
vt 0.73955846 0.70101339
vt 0.74035466 0.70006067
vt 0.65636069 0.77082461
vt 0.60695702 0.79386193
vt 0.55430347 0.80797040
vt 0.60000002 0.80000001
vt 0.50000000 0.81272131
vt 0.44569650 0.80797040
vt 0.39304301 0.79386193
vt 0.34363934 0.77082461
vt 0.29993933 0.74035466
vt 0.26044157 0.70101339
vt 0.25964534 0.70006067
vt 0.29898661 0.73955846
vt 0.22917539 0.65636069
vt 0.20613807 0.60695702
vt 0.19202961 0.55430347
vn 0.98480773 -0.17364818 0
vn 1 -0.00000000 0
vn 1 -0.00000000 0
vn 0.98480773 -0.17364818 0
vn 1 -0.00000000 0
vn 0.98480773 -0.17364818 0
vn 1 -0.00000000 0
vn 0.98480773 -0.17364818 0
vn 1 -0.00000000 0
vn 0.98480773 -0.17364818 0
vn 1 -0.00000000 0
vn 0.93969262 -0.34202015 0
vn 0.98480773 -0.17364818 0
vn 0.93969262 -0.34202015 0
vn 0.93969262 -0.34202015 0
vn 0.93969262 -0.34202015 0
vn 0.93969262 -0.34202015 0
vn 0.86602539 -0.50000000 0
vn 0.93969262 -0.34202015 0
vn 0.86602539 -0.50000000 0
vn 0.86602539 -0.50000000 0
vn 0.86602539 -0.50000000 0
vn 0.86602539 -0.50000000 0
vn 0.76604444 -0.64278764 0
vn 0.86602539 -0.50000000 0
vn 0.76604444 -0.64278764 0
vn 0.76604444 -0.64278764 0
vn 0.76604444 -0.64278764 0
vn 0.76604444 -0.64278764 0
vn 0.64278764 -0.76604444 0
vn 0.76604444 -0.64278764 0
vn 0.64278764 -0.76604444 0
vn 0.64278764 -0.76604444 0
vn 0.64278764 -0.76604444 0
vn 0.64278764 -0.76604444 0
vn 0.50000000 -0.86602539 0
vn 0.64278764 -0.76604444 0
vn 0.50000000 -0.86602539 0
vn 0.50000000 -0.86602539 0
vn 0.50000000 -0.86602539 0
vn 0.50000000 -0.86602539 0
vn 0.34202015 -0.93969262 0
vn 0.50000000 -0.86602539 0
vn 0.34202015 -0.93969262 0
vn 0.34202015 -0.93969262 0
vn 0.34202015 -0.93969262 0
vn 0.34202015 -0.93969262 0
vn 0.17364818 -0.98480773 0
vn 0.34202015 -0.93969262 0
vn 0.17364818 -0.98480773 0
vn 0.17364818 -0.98480773 0
vn 0.17364818 -0.98480773 0
vn 0.17364818 -0.98480773 0
vn -0.00000000 -1 0
vn 0.17364818 -0.98480773 0
vn -0.00000000 -1 0
vn -0.00000000 -1 0
vn -0.00000000 -1 0
vn -0.00000000 -1 0
vn -0.17364818 -0.98480773 0
vn -0.00000000 -1 0
vn -0.17364818 -0.98480773 0
vn -0.17364818 -0.98480773 0
vn -0.17364818 -0.98480773 0
vn -0.17364818 -0.98480773 0
vn -0.34202015 -0.93969262 0
vn -0.17364818 -0.98480773 0
vn -0.34202015 -0.93969262 0
vn -0.34202015 -0.93969262 0
vn -0.34202015 -0.93969262 0
vn -0.34202015 -0.93969262 0
vn -0.50000000 -0.86602539 0
vn -0.34202015 -0.93969262 0
vn -0.50000000 -0.86602539 0
vn -0.50000000 -0.86602539 0
vn -0.50000000 -0.86602539 0
vn -0.50000000 -0.86602539 0
vn -0.64278764 -0.76604444 0
vn -0.50000000 -0.86602539 0
vn -0.64278764 -0.76604444 0
vn -0.64278764 -0.76604444 0
vn -0.64278764 -0.76604444 0
vn -0.64278764 -0.76604444 0
vn -0.76604444 -0.64278764 0
vn -0.64278764 -0.76604444 0
vn -0.76604444 -0.64278764 0
vn -0.76604444 -0.64278764 0
vn -0.76604444 -0.64278764 0
vn -0.76604444 -0.64278764 0
vn -0.86602539 -0.50000000 0
vn -0.76604444 -0.64278764 0
vn -0.86602539 -0.50000000 0
vn -0.86602539 -0.50000000 0
vn -0.86602539 -0.50000000 0
vn -0.86602539 -0.50000000 0
vn -0.93969262 -0.34202015 0
vn -0.86602539 -0.50000000 0
vn -0.93969262 -0.34202015 0
vn -0.93969262 -0.34202015 0
vn -0.93969262 -0.34202015 0
vn -0.93969262 -0.34202015 0
vn -0.98480773 -0.17364818 0
vn -0.93969262 -0.34202015 0
vn -0.98480773 -0.17364818 0
vn -0.98480773 -0.17364818 0
vn -0.98480773 -0.17364818 0
vn -0.98480773 -0.17364818 0
vn -1 0.00000000 0
vn -0.98480773 -0.17364818 0
vn -1 0.00000000 0
vn -1 0.00000000 0
vn -1 0.00000000 0
vn -1 0.00000000 0
vn -0.98480773 0.17364818 0
vn -1 0.00000000 0
vn -0.98480773 0.17364818 0
vn -0.98480773 0.17364818 0
vn -0.98480773 0.17364818 0
vn -0.98480773 0.17364818 0
vn -0.93969262 0.34202015 0
vn -0.98480773 0.17364818 0
vn -0.93969262 0.34202015 0
vn -0.93969262 0.34202015 0
vn -0.93969262 0.34202015 0
vn -0.93969262 0.34202015 0
vn -0.86602539 0.50000000 0
vn -0.93969262 0.34202015 0
vn -0.86602539 0.50000000 0
vn -0.86602539 0.50000000 0
vn -0.86602539 0.50000000 0
vn -0.86602539 0.50000000 0
vn -0.76604444 0.64278764 0
vn -0.86602539 0.50000000 0
vn -0.76604444 0.64278764 0
vn -0.76604444 0.64278764 0
vn -0.76604444 0.64278764 0
vn -0.76604444 0.64278764 0
vn -0.64278764 0.76604444 0
vn -0.76604444 0.64278764 0
vn -0.64278764 0.76604444 0
vn -0.64278764 0.76604444 0
vn -0.64278764 0.76604444 0
vn -0.64278764 0.76604444 0
vn -0.50000000 0.86602539 0
vn -0.64278764 0.76604444 0
vn -0.50000000 0.86602539 0
vn -0.50000000 0.86602539 0
vn -0.50000000 0.86602539 0
vn -0.50000000 0.86602539 0
vn -0.34202015 0.93969262 0
vn -0.50000000 0.86602539 0
vn -0.34202015 0.93969262 0
vn -0.34202015 0.93969262 0
vn -0.34202015 0.93969262 0
vn -0.34202015 0.93969262 0
vn -0.17364818 0.98480773 0
vn -0.34202015 0.93969262 0
vn -0.17364818 0.98480773 0
vn -0.17364818 0.98480773 0
vn -0.17364818 0.98480773 0
vn -0.17364818 0.98480773 0
vn 0.00000000 1 0
vn -0.17364818 0.98480773 0
vn 0.00000000 1 0
vn 0.00000000 1 0
vn 0.00000000 1 0
vn 0.00000000 1 0
vn 0.17364818 0.98480773 0
vn 0.00000000 1 0
vn 0.17364818 0.98480773 0
vn 0.17364818 0.98480773 0
vn 0.17364818 0.98480773 0
vn 0.17364818 0.98480773 0
vn 0.34202015 0.93969262 0
vn 0.17364818 0.98480773 0
vn 0.34202015 0.93969262 0
vn 0.34202015 0.93969262 0
vn 0.34202015 0.93969262 0
vn 0.34202015 0.93969262 0
vn 0.50000000 0.86602539 0
vn 0.34202015 0.93969262 0
vn 0.50000000 0.86602539 0
vn 0.50000000 0.86602539 0
vn 0.50000000 0.86602539 0
vn 0.50000000 0.86602539 0
vn 0.64278764 0.76604444 0
vn 0.50000000 0.86602539 0
vn 0.64278764 0.76604444 0
vn 0.64278764 0.76604444 0
vn 0.64278764 0.76604444 0
vn 0.64278764 0.76604444 0
vn 0.76604444 0.64278764 0
vn 0.64278764 0.76604444 0
vn 0.76604444 0.64278764 0
vn 0.76604444 0.64278764 0
vn 0.76604444 0.64278764 0
vn 0.76604444 0.64278764 0
vn 0.86602539 0.50000000 0
vn 0.76604444 0.64278764 0
vn 0.86602539 0.50000000 0
vn 0.86602539 0.50000000 0
vn 0.86602539 0.50000000 0
vn 0.86602539 0.50000000 0
vn 0.93969262 0.34202015 0
vn 0.86602539 0.50000000 0
vn 0.93969262 0.34202015 0
vn 0.93969262 0.34202015 0
vn 0.93969262 0.34202015 0
vn 0.93969262 0.34202015 0
vn 0.98480773 0.17364818 0
vn 0.93969262 0.34202015 0
vn 0.98480773 0.17364818 0
vn 0.98480773 0.17364818 0
vn 0.98480773 0.17364818 0
vn 0.98480773 0.17364818 0
vn 0.98480773 0.17364818 0
vn -0.96455741 0 -0.26387304
vn -0.99556196 0 -0.09410831
vn -0.98043716 -0.17287752 -0.09410831
vn -0.94990361 -0.16749364 -0.26387304
vn -0.93552226 -0.34050223 -0.09410831
vn -0.90638751 -0.32989806 -0.26387304
vn -0.86218196 -0.49778098 -0.09410831
vn -0.83533120 -0.48227870 -0.26387304
vn -0.76264471 -0.63993490 -0.09410831
vn -0.73889387 -0.62000555 -0.26387304
vn -0.63993490 -0.76264471 -0.09410831
vn -0.62000555 -0.73889387 -0.26387304
vn -0.49778098 -0.86218196 -0.09410831
vn -0.48227870 -0.83533120 -0.26387304
vn -0.34050223 -0.93552226 -0.09410831
vn -0.32989806 -0.90638751 -0.26387304
vn -0.17287752 -0.98043716 -0.09410831
vn -0.16749364 -0.94990361 -0.26387304
vn -0.00000000 -0.99556196 -0.09410831
vn -0.00000000 -0.96455741 -0.26387304
vn 0.17287752 -0.98043716 -0.09410831
vn 0.16749364 -0.94990361 -0.26387304
vn 0.34050223 -0.93552226 -0.09410831
vn 0.32989806 -0.90638751 -0.26387304
vn 0.49778098 -0.86218196 -0.09410831
vn 0.48227870 -0.83533120 -0.26387304
vn 0.63993490 -0.76264471 -0.09410831
vn 0.62000555 -0.73889387 -0.26387304
vn 0.76264471 -0.63993490 -0.09410831
vn 0.73889387 -0.62000555 -0.26387304
vn 0.86218196 -0.49778098 -0.09410831
vn 0.83533120 -0.48227870 -0.26387304
vn 0.93552226 -0.34050223 -0.09410831
vn 0.90638751 -0.32989806 -0.26387304
vn 0.98043716 -0.17287752 -0.09410831
vn 0.94990361 -0.16749364 -0.26387304
vn 0.99556196 -0.00000000 -0.09410831
vn 0.96455741 -0.00000000 -0.26387304
vn 0.98043716 0.17287752 -0.09410831
vn 0.94990361 0.16749364 -0.26387304
vn 0.93552226 0.34050223 -0.09410831
vn 0.90638751 0.32989806 -0.26387304
vn 0.86218196 0.49778098 -0.09410831
vn 0.83533120 0.48227870 -0.26387304
vn 0.76264471 0.63993490 -0.09410831
vn 0.73889387 0.62000555 -0.26387304
vn 0.63993490 0.76264471 -0.09410831
vn 0.62000555 0.73889387 -0.26387304
vn 0.49778098 0.86218196 -0.09410831
vn 0.48227870 0.83533120 -0.26387304
vn 0.34050223 0.93552226 -0.09410831
vn 0.32989806 0.90638751 -0.26387304
vn 0.17287752 0.98043716 -0.09410831
vn 0.16749364 0.94990361 -0.26387304
vn 0.00000000 0.99556196 -0.09410831
vn 0.00000000 0.96455741 -0.26387304
vn -0.17287752 0.98043716 -0.09410831
vn -0.16749364 0.94990361 -0.26387304
vn -0.34050223 0.93552226 -0.09410831
vn -0.32989806 0.90638751 -0.26387304
vn -0.49778098 0.86218196 -0.09410831
vn -0.48227870 0.83533120 -0.26387304
vn -0.63993490 0.76264471 -0.09410831
vn -0.62000555 0.73889387 -0.26387304
vn -0.76264471 0.63993490 -0.09410831
vn -0.73889387 0.62000555 -0.26387304
vn -0.86218196 0.49778098 -0.09410831
vn -0.83533120 0.48227870 -0.26387304
vn -0.93552226 0.34050223 -0.09410831
vn -0.90638751 0.32989806 -0.26387304
vn -0.98043716 0.17287752 -0.09410831
vn -0.94990361 0.16749364 -0.26387304
vn -0.90482706 0 -0.42577928
vn -0.89108068 -0.15712157 -0.42577928
vn -0.85025930 -0.30946907 -0.42577928
vn -0.78360319 -0.45241353 -0.42577928
vn -0.69313776 -0.58161163 -0.42577928
vn -0.58161163 -0.69313776 -0.42577928
vn -0.45241353 -0.78360319 -0.42577928
vn -0.30946907 -0.85025930 -0.42577928
vn -0.15712157 -0.89108068 -0.42577928
vn -0.00000000 -0.90482706 -0.42577928
vn 0.15712157 -0.89108068 -0.42577928
vn 0.30946907 -0.85025930 -0.42577928
vn 0.45241353 -0.78360319 -0.42577928
vn 0.58161163 -0.69313776 -0.42577928
vn 0.69313776 -0.58161163 -0.42577928
vn 0.78360319 -0.45241353 -0.42577928
vn 0.85025930 -0.30946907 -0.42577928
vn 0.89108068 -0.15712157 -0.42577928
vn 0.90482706 -0.00000000 -0.42577928
vn 0.89108068 0.15712157 -0.42577928
vn 0.85025930 0.30946907 -0.42577928
vn 0.78360319 0.45241353 -0.42577928
vn 0.69313776 0.58161163 -0.42577928
vn 0.58161163 0.69313776 -0.42577928
vn 0.45241353 0.78360319 -0.42577928
vn 0.30946907 0.85025930 -0.42577928
vn 0.15712157 0.89108068 -0.42577928
vn 0.00000000 0.90482706 -0.42577928
vn -0.15712157 0.89108068 -0.42577928
vn -0.30946907 0.85025930 -0.42577928
vn -0.45241353 0.78360319 -0.42577928
vn -0.58161163 0.69313776 -0.42577928
vn -0.69313776 0.58161163 -0.42577928
vn -0.78360319 0.45241353 -0.42577928
vn -0.85025930 0.30946907 -0.42577928
vn -0.89108068 0.15712157 -0.42577928
vn -0.81814975 0 -0.57500523
vn -0.80572021 -0.14207020 -0.57500523
vn -0.76880926 -0.27982369 -0.57500523
vn -0.70853841 -0.40907487 -0.57500523
vn -0.62673903 -0.52589649 -0.57500523
vn -0.52589649 -0.62673903 -0.57500523
vn -0.40907487 -0.70853841 -0.57500523
vn -0.27982369 -0.76880926 -0.57500523
vn -0.14207020 -0.80572021 -0.57500523
vn -0.00000000 -0.81814975 -0.57500523
vn 0.14207020 -0.80572021 -0.57500523
vn 0.27982369 -0.76880926 -0.57500523
vn 0.40907487 -0.70853841 -0.57500523
vn 0.52589649 -0.62673903 -0.57500523
vn 0.62673903 -0.52589649 -0.57500523
vn 0.70853841 -0.40907487 -0.57500523
vn 0.76880926 -0.27982369 -0.57500523
vn 0.80572021 -0.14207020 -0.57500523
vn 0.81814975 -0.00000000 -0.57500523
vn 0.80572021 0.14207020 -0.57500523
vn 0.76880926 0.27982369 -0.57500523
vn 0.70853841 0.40907487 -0.57500523
vn 0.62673903 0.52589649 -0.57500523
vn 0.52589649 0.62673903 -0.57500523
vn 0.40907487 0.70853841 -0.57500523
vn 0.27982369 0.76880926 -0.57500523
vn 0.14207020 0.80572021 -0.57500523
vn 0.00000000 0.81814975 -0.57500523
vn -0.14207020 0.80572021 -0.57500523
vn -0.27982369 0.76880926 -0.57500523
vn -0.40907487 0.70853841 -0.57500523
vn -0.52589649 0.62673903 -0.57500523
vn -0.62673903 0.52589649 -0.57500523
vn -0.70853841 0.40907487 -0.57500523
vn -0.76880926 0.27982369 -0.57500523
vn -0.80572021 0.14207020 -0.57500523
vn -0.70710677 0 -0.70710677
vn -0.69636422 -0.12278780 -0.70710677
vn -0.66446304 -0.24184476 -0.70710677
vn -0.61237246 -0.35355338 -0.70710677
vn -0.54167521 -0.45451948 -0.70710677
vn -0.45451948 -0.54167521 -0.70710677
vn -0.35355338 -0.61237246 -0.70710677
vn -0.24184476 -0.66446304 -0.70710677
vn -0.12278780 -0.69636422 -0.70710677
vn -0.00000000 -0.70710677 -0.70710677
vn 0.12278780 -0.69636422 -0.70710677
vn 0.24184476 -0.66446304 -0.70710677
vn 0.35355338 -0.61237246 -0.70710677
vn 0.45451948 -0.54167521 -0.70710677
vn 0.54167521 -0.45451948 -0.70710677
vn 0.61237246 -0.35355338 -0.70710677
vn 0.66446304 -0.24184476 -0.70710677
vn 0.69636422 -0.12278780 -0.70710677
vn 0.70710677 -0.00000000 -0.70710677
vn 0.69636422 0.12278780 -0.70710677
vn 0.66446304 0.24184476 -0.70710677
vn 0.61237246 0.35355338 -0.70710677
vn 0.54167521 0.45451948 -0.70710677
vn 0.45451948 0.54167521 -0.70710677
vn 0.35355338 0.61237246 -0.70710677
vn 0.24184476 0.66446304 -0.70710677
vn 0.12278780 0.69636422 -0.70710677
vn 0.00000000 0.70710677 -0.70710677
vn -0.12278780 0.69636422 -0.70710677
vn -0.24184476 0.66446304 -0.70710677
vn -0.35355338 0.61237246 -0.70710677
vn -0.45451948 0.54167521 -0.70710677
vn -0.54167521 0.45451948 -0.70710677
vn -0.61237246 0.35355338 -0.70710677
vn -0.66446304 0.24184476 -0.70710677
vn -0.69636422 0.12278780 -0.70710677
vn -0.57500523 0 -0.81814975
vn -0.56626964 -0.09984861 -0.81814975
vn -0.54032820 -0.19666338 -0.81814975
vn -0.49796915 -0.28750262 -0.81814975
vn -0.44047958 -0.36960626 -0.81814975
vn -0.36960626 -0.44047958 -0.81814975
vn -0.28750262 -0.49796915 -0.81814975
vn -0.19666338 -0.54032820 -0.81814975
vn -0.09984861 -0.56626964 -0.81814975
vn -0.00000000 -0.57500523 -0.81814975
vn 0.09984861 -0.56626964 -0.81814975
vn 0.19666338 -0.54032820 -0.81814975
vn 0.28750262 -0.49796915 -0.81814975
vn 0.36960626 -0.44047958 -0.81814975
vn 0.44047958 -0.36960626 -0.81814975
vn 0.49796915 -0.28750262 -0.81814975
vn 0.54032820 -0.19666338 -0.81814975
vn 0.56626964 -0.09984861 -0.81814975
vn 0.57500523 -0.00000000 -0.81814975
vn 0.56626964 0.09984861 -0.81814975
vn 0.54032820 0.19666338 -0.81814975
vn 0.49796915 0.28750262 -0.81814975
vn 0.44047958 0.36960626 -0.81814975
vn 0.36960626 0.44047958 -0.81814975
vn 0.28750262 0.49796915 -0.81814975
vn 0.19666338 0.54032820 -0.81814975
vn 0.09984861 0.56626964 -0.81814975
vn 0.00000000 0.57500523 -0.81814975
vn -0.09984861 0.56626964 -0.81814975
vn -0.19666338 0.54032820 -0.81814975
vn -0.28750262 0.49796915 -0.81814975
vn -0.36960626 0.44047958 -0.81814975
vn -0.44047958 0.36960626 -0.81814975
vn -0.49796915 0.28750262 -0.81814975
vn -0.54032820 0.19666338 -0.81814975
vn -0.56626964 0.09984861 -0.81814975
vn -0.42577928 0 -0.90482706
vn -0.41931075 -0.07393580 -0.90482706
vn -0.40010166 -0.14562510 -0.90482706
vn -0.36873567 -0.21288964 -0.90482706
vn -0.32616585 -0.27368566 -0.90482706
vn -0.27368566 -0.32616585 -0.90482706
vn -0.21288964 -0.36873567 -0.90482706
vn -0.14562510 -0.40010166 -0.90482706
vn -0.07393580 -0.41931075 -0.90482706
vn -0.00000000 -0.42577928 -0.90482706
vn 0.07393580 -0.41931075 -0.90482706
vn 0.14562510 -0.40010166 -0.90482706
vn 0.21288964 -0.36873567 -0.90482706
vn 0.27368566 -0.32616585 -0.90482706
vn 0.32616585 -0.27368566 -0.90482706
vn 0.36873567 -0.21288964 -0.90482706
vn 0.40010166 -0.14562510 -0.90482706
vn 0.41931075 -0.07393580 -0.90482706
vn 0.42577928 -0.00000000 -0.90482706
vn 0.41931075 0.07393580 -0.90482706
vn 0.40010166 0.14562510 -0.90482706
vn 0.36873567 0.21288964 -0.90482706
vn 0.32616585 0.27368566 -0.90482706
vn 0.27368566 0.32616585 -0.90482706
vn 0.21288964 0.36873567 -0.90482706
vn 0.14562510 0.40010166 -0.90482706
vn 0.07393580 0.41931075 -0.90482706
vn 0.00000000 0.42577928 -0.90482706
vn -0.07393580 0.41931075 -0.90482706
vn -0.14562510 0.40010166 -0.90482706
vn -0.21288964 0.36873567 -0.90482706
vn -0.27368566 0.32616585 -0.90482706
vn -0.32616585 0.27368566 -0.90482706
vn -0.36873567 0.21288964 -0.90482706
vn -0.40010166 0.14562510 -0.90482706
vn -0.41931075 0.07393580 -0.90482706
vn -0.26387304 0 -0.96455741
vn -0.25986421 -0.04582107 -0.96455741
vn -0.24795955 -0.09024990 -0.96455741
vn -0.22852077 -0.13193652 -0.96455741
vn -0.20213848 -0.16961433 -0.96455741
vn -0.16961433 -0.20213848 -0.96455741
vn -0.13193652 -0.22852077 -0.96455741
vn -0.09024990 -0.24795955 -0.96455741
vn -0.04582107 -0.25986421 -0.96455741
vn -0.00000000 -0.26387304 -0.96455741
vn 0.04582107 -0.25986421 -0.96455741
vn 0.09024990 -0.24795955 -0.96455741
vn 0.13193652 -0.22852077 -0.96455741
vn 0.16961433 -0.20213848 -0.96455741
vn 0.20213848 -0.16961433 -0.96455741
vn 0.22852077 -0.13193652 -0.96455741
vn 0.24795955 -0.09024990 -0.96455741
vn 0.25986421 -0.04582107 -0.96455741
vn 0.26387304 -0.00000000 -0.96455741
vn 0.25986421 0.04582107 -0.96455741
vn 0.24795955 0.09024990 -0.96455741
vn 0.22852077 0.13193652 -0.96455741
vn 0.20213848 0.16961433 -0.96455741
vn 0.16961433 0.20213848 -0.96455741
vn 0.13193652 0.22852077 -0.96455741
vn 0.09024990 0.24795955 -0.96455741
vn 0.04582107 0.25986421 -0.96455741
vn 0.00000000 0.26387304 -0.96455741
vn -0.04582107 0.25986421 -0.96455741
vn -0.09024990 0.24795955 -0.96455741
vn -0.13193652 0.22852077 -0.96455741
vn -0.16961433 0.20213848 -0.96455741
vn -0.20213848 0.16961433 -0.96455741
vn -0.22852077 0.13193652 -0.96455741
vn -0.24795955 0.09024990 -0.96455741
vn -0.25986421 0.04582107 -0.96455741
vn -0.09410831 0 -0.99556196
vn -0.09267860 -0.01634174 -0.99556196
vn -0.08843289 -0.03218694 -0.99556196
vn -0.08150019 -0.04705416 -0.99556196
vn -0.07209115 -0.06049166 -0.99556196
vn -0.06049166 -0.07209115 -0.99556196
vn -0.04705416 -0.08150019 -0.99556196
vn -0.03218694 -0.08843289 -0.99556196
vn -0.01634174 -0.09267860 -0.99556196
vn -0.00000000 -0.09410831 -0.99556196
vn 0.01634174 -0.09267860 -0.99556196
vn 0.03218694 -0.08843289 -0.99556196
vn 0.04705416 -0.08150019 -0.99556196
vn 0.06049166 -0.07209115 -0.99556196
vn 0.07209115 -0.06049166 -0.99556196
vn 0.08150019 -0.04705416 -0.99556196
vn 0.08843289 -0.03218694 -0.99556196
vn 0.09267860 -0.01634174 -0.99556196
vn 0.09410831 -0.00000000 -0.99556196
vn 0.09267860 0.01634174 -0.99556196
vn 0.08843289 0.03218694 -0.99556196
vn 0.08150019 0.04705416 -0.99556196
vn 0.07209115 0.06049166 -0.99556196
vn 0.06049166 0.07209115 -0.99556196
vn 0.04705416 0.08150019 -0.99556196
vn 0.03218694 0.08843289 -0.99556196
vn 0.01634174 0.09267860 -0.99556196
vn 0.00000000 0.09410831 -0.99556196
vn -0.01634174 0.09267860 -0.99556196
vn -0.03218694 0.08843289 -0.99556196
vn -0.04705416 0.08150019 -0.99556196
vn -0.06049166 0.07209115 -0.99556196
vn -0.07209115 0.06049166 -0.99556196
vn -0.08150019 0.04705416 -0.99556196
vn -0.08843289 0.03218694 -0.99556196
vn -0.09267860 0.01634174 -0.99556196
vn 0.00000000 -0.00000000 -1
vn 0.00000000 -0.00000000 -1
vn 0.00000000 -0.00000000 -1
vn 0.00000000 -0.00000000 -1
vn 0.00000000 -0.00000000 -1
vn 0.00000000 -0.00000000 -1
vn 0.00000000 -0.00000000 -1
vn 0.00000000 -0.00000000 -1
vn 0.00000000 -0.00000000 -1
vn 0.00000000 -0.00000000 -1
vn 0.00000000 -0.00000000 -1
vn 0.00000000 -0.00000000 -1
vn 0.00000000 -0.00000000 -1
vn 0.00000000 -0.00000000 -1
vn 0.00000000 -0.00000000 -1
vn 0.00000000 -0.00000000 -1
vn 0.00000000 -0.00000000 -1
vn 0.00000000 -0.00000000 -1
vn 0.00000000 -0.00000000 -1
vn 0.00000000 -0.00000000 -1
vn 0.00000000 -0.00000000 -1
vn 0.00000000 -0.00000000 -1
vn 0.00000000 -0.00000000 -1
vn 0.00000000 -0.00000000 -1
vn 0.00000000 -0.00000000 -1
vn 0.00000000 -0.00000000 -1
vn 0.00000000 -0.00000000 -1
vn 0.00000000 -0.00000000 -1
vn 0.00000000 -0.00000000 -1
vn 0.00000000 -0.00000000 -1
vn 0.00000000 -0.00000000 -1
vn 0.00000000 -0.00000000 -1
vn 0.00000000 -0.00000000 -1
vn 0.00000000 -0.00000000 -1
vn 0.00000000 -0.00000000 -1
vn 0.00000000 -0.00000000 -1
vn 1 -0.00000000 0
vn 0.98480773 0.17364818 0.00000000
vn 0.93969262 0.34202015 0
vn 0.86602539 0.50000000 0
vn 0.76604444 0.64278764 0
vn 0.64278764 0.76604444 0
vn 0.50000000 0.86602539 0
vn 0.34202015 0.93969262 0
vn 0.17364818 0.98480773 0
vn 0.00000000 1 0
vn -0.17364818 0.98480773 0
vn -0.34202015 0.93969262 0
vn -0.50000000 0.86602539 0
vn -0.64278764 0.76604444 0
vn -0.76604444 0.64278764 0
vn -0.86602539 0.50000000 0
vn -0.93969262 0.34202015 0
vn -0.98480773 0.17364818 0
vn -1 0 0
vn -0.98480773 -0.17364818 0.00000000
vn -0.93969262 -0.34202015 0
vn -0.86602539 -0.50000000 0
vn -0.76604444 -0.64278764 0
vn -0.64278764 -0.76604444 0
vn -0.50000000 -0.86602539 0
vn -0.34202015 -0.93969262 0
vn -0.17364818 -0.98480773 0
vn -0.00000000 -1 0
vn 0.17364818 -0.98480773 0
vn 0.34202015 -0.93969262 0
vn 0.50000000 -0.86602539 0
vn 0.64278764 -0.76604444 0
vn 0.76604444 -0.64278764 0
vn 0.86602539 -0.50000000 0
vn 0.93969262 -0.34202015 0
vn 0.98480773 -0.17364818 0
vn 0 0 -1
vn 0 0 -1
vn 0 0 -1
vn 0 0 -1
vn 0 0 -1
vn 0 0 -1
vn 0 0 -1
vn 0 0 -1
vn -0.26387304 0 0.96455741
vn -0.09410831 0 0.99556196
vn -0.09267860 -0.01634174 0.99556196
vn -0.25986421 -0.04582107 0.96455741
vn -0.08843289 -0.03218694 0.99556196
vn -0.24795955 -0.09024990 0.96455741
vn -0.08150019 -0.04705416 0.99556196
vn -0.22852077 -0.13193652 0.96455741
vn -0.07209115 -0.06049166 0.99556196
vn -0.20213848 -0.16961433 0.96455741
vn -0.06049166 -0.07209115 0.99556196
vn -0.16961433 -0.20213848 0.96455741
vn -0.04705416 -0.08150019 0.99556196
vn -0.13193652 -0.22852077 0.96455741
vn -0.03218694 -0.08843289 0.99556196
vn -0.09024990 -0.24795955 0.96455741
vn -0.01634174 -0.09267860 0.99556196
vn -0.04582107 -0.25986421 0.96455741
vn -0.00000000 -0.09410831 0.99556196
vn -0.00000000 -0.26387304 0.96455741
vn 0.01634174 -0.09267860 0.99556196
vn 0.04582107 -0.25986421 0.96455741
vn 0.03218694 -0.08843289 0.99556196
vn 0.09024990 -0.24795955 0.96455741
vn 0.04705416 -0.08150019 0.99556196
vn 0.13193652 -0.22852077 0.96455741
vn 0.06049166 -0.07209115 0.99556196
vn 0.16961433 -0.20213848 0.96455741
vn 0.07209115 -0.06049166 0.99556196
vn 0.20213848 -0.16961433 0.96455741
vn 0.08150019 -0.04705416 0.99556196
vn 0.22852077 -0.13193652 0.96455741
vn 0.08843289 -0.03218694 0.99556196
vn 0.24795955 -0.09024990 0.96455741
vn 0.09267860 -0.01634174 0.99556196
vn 0.25986421 -0.04582107 0.96455741
vn 0.09410831 -0.00000000 0.99556196
vn 0.26387304 -0.00000000 0.96455741
vn 0.09267860 0.01634174 0.99556196
vn 0.25986421 0.04582107 0.96455741
vn 0.08843289 0.03218694 0.99556196
vn 0.24795955 0.09024990 0.96455741
vn 0.08150019 0.04705416 0.99556196
vn 0.22852077 0.13193652 0.96455741
vn 0.07209115 0.06049166 0.99556196
vn 0.20213848 0.16961433 0.96455741
vn 0.06049166 0.07209115 0.99556196
vn 0.16961433 0.20213848 0.96455741
vn 0.04705416 0.08150019 0.99556196
vn 0.13193652 0.22852077 0.96455741
vn 0.03218694 0.08843289 0.99556196
vn 0.09024990 0.24795955 0.96455741
vn 0.01634174 0.09267860 0.99556196
vn 0.04582107 0.25986421 0.96455741
vn 0.00000000 0.09410831 0.99556196
vn 0.00000000 0.26387304 0.96455741
vn -0.01634174 0.09267860 0.99556196
vn -0.04582107 0.25986421 0.96455741
vn -0.03218694 0.08843289 0.99556196
vn -0.09024990 0.24795955 0.96455741
vn -0.04705416 0.08150019 0.99556196
vn -0.13193652 0.22852077 0.96455741
vn -0.06049166 0.07209115 0.99556196
vn -0.16961433 0.20213848 0.96455741
vn -0.07209115 0.06049166 0.99556196
vn -0.20213848 0.16961433 0.96455741
vn -0.08150019 0.04705416 0.99556196
vn -0.22852077 0.13193652 0.96455741
vn -0.08843289 0.03218694 0.99556196
vn -0.24795955 0.09024990 0.96455741
vn -0.09267860 0.01634174 0.99556196
vn -0.25986421 0.04582107 0.96455741
vn -0.42577928 0 0.90482706
vn -0.41931075 -0.07393580 0.90482706
vn -0.40010166 -0.14562510 0.90482706
vn -0.36873567 -0.21288964 0.90482706
vn -0.32616585 -0.27368566 0.90482706
vn -0.27368566 -0.32616585 0.90482706
vn -0.21288964 -0.36873567 0.90482706
vn -0.14562510 -0.40010166 0.90482706
vn -0.07393580 -0.41931075 0.90482706
vn -0.00000000 -0.42577928 0.90482706
vn 0.07393580 -0.41931075 0.90482706
vn 0.14562510 -0.40010166 0.90482706
vn 0.21288964 -0.36873567 0.90482706
vn 0.27368566 -0.32616585 0.90482706
vn 0.32616585 -0.27368566 0.90482706
vn 0.36873567 -0.21288964 0.90482706
vn 0.40010166 -0.14562510 0.90482706
vn 0.41931075 -0.07393580 0.90482706
vn 0.42577928 -0.00000000 0.90482706
vn 0.41931075 0.07393580 0.90482706
vn 0.40010166 0.14562510 0.90482706
vn 0.36873567 0.21288964 0.90482706
vn 0.32616585 0.27368566 0.90482706
vn 0.27368566 0.32616585 0.90482706
vn 0.21288964 0.36873567 0.90482706
vn 0.14562510 0.40010166 0.90482706
vn 0.07393580 0.41931075 0.90482706
vn 0.00000000 0.42577928 0.90482706
vn -0.07393580 0.41931075 0.90482706
vn -0.14562510 0.40010166 0.90482706
vn -0.21288964 0.36873567 0.90482706
vn -0.27368566 0.32616585 0.90482706
vn -0.32616585 0.27368566 0.90482706
vn -0.36873567 0.21288964 0.90482706
vn -0.40010166 0.14562510 0.90482706
vn -0.41931075 0.07393580 0.90482706
vn -0.57500523 0 0.81814975
vn -0.56626964 -0.09984861 0.81814975
vn -0.54032820 -0.19666338 0.81814975
vn -0.49796915 -0.28750262 0.81814975
vn -0.44047958 -0.36960626 0.81814975
vn -0.36960626 -0.44047958 0.81814975
vn -0.28750262 -0.49796915 0.81814975
vn -0.19666338 -0.54032820 0.81814975
vn -0.09984861 -0.56626964 0.81814975
vn -0.00000000 -0.57500523 0.81814975
vn 0.09984861 -0.56626964 0.81814975
vn 0.19666338 -0.54032820 0.81814975
vn 0.28750262 -0.49796915 0.81814975
vn 0.36960626 -0.44047958 0.81814975
vn 0.44047958 -0.36960626 0.81814975
vn 0.49796915 -0.28750262 0.81814975
vn 0.54032820 -0.19666338 0.81814975
vn 0.56626964 -0.09984861 0.81814975
vn 0.57500523 -0.00000000 0.81814975
vn 0.56626964 0.09984861 0.81814975
vn 0.54032820 0.19666338 0.81814975
vn 0.49796915 0.28750262 0.81814975
vn 0.44047958 0.36960626 0.81814975
vn 0.36960626 0.44047958 0.81814975
vn 0.28750262 0.49796915 0.81814975
vn 0.19666338 0.54032820 0.81814975
vn 0.09984861 0.56626964 0.81814975
vn 0.00000000 0.57500523 0.81814975
vn -0.09984861 0.56626964 0.81814975
vn -0.19666338 0.54032820 0.81814975
vn -0.28750262 0.49796915 0.81814975
vn -0.36960626 0.44047958 0.81814975
vn -0.44047958 0.36960626 0.81814975
vn -0.49796915 0.28750262 0.81814975
vn -0.54032820 0.19666338 0.81814975
vn -0.56626964 0.09984861 0.81814975
vn -0.70710677 0 0.70710677
vn -0.69636422 -0.12278780 0.70710677
vn -0.66446304 -0.24184476 0.70710677
vn -0.61237246 -0.35355338 0.70710677
vn -0.54167521 -0.45451948 0.70710677
vn -0.45451948 -0.54167521 0.70710677
vn -0.35355338 -0.61237246 0.70710677
vn -0.24184476 -0.66446304 0.70710677
vn -0.12278780 -0.69636422 0.70710677
vn -0.00000000 -0.70710677 0.70710677
vn 0.12278780 -0.69636422 0.70710677
vn 0.24184476 -0.66446304 0.70710677
vn 0.35355338 -0.61237246 0.70710677
vn 0.45451948 -0.54167521 0.70710677
vn 0.54167521 -0.45451948 0.70710677
vn 0.61237246 -0.35355338 0.70710677
vn 0.66446304 -0.24184476 0.70710677
vn 0.69636422 -0.12278780 0.70710677
vn 0.70710677 -0.00000000 0.70710677
vn 0.69636422 0.12278780 0.70710677
vn 0.66446304 0.24184476 0.70710677
vn 0.61237246 0.35355338 0.70710677
vn 0.54167521 0.45451948 0.70710677
vn 0.45451948 0.54167521 0.70710677
vn 0.35355338 0.61237246 0.70710677
vn 0.24184476 0.66446304 0.70710677
vn 0.12278780 0.69636422 0.70710677
vn 0.00000000 0.70710677 0.70710677
vn -0.12278780 0.69636422 0.70710677
vn -0.24184476 0.66446304 0.70710677
vn -0.35355338 0.61237246 0.70710677
vn -0.45451948 0.54167521 0.70710677
vn -0.54167521 0.45451948 0.70710677
vn -0.61237246 0.35355338 0.70710677
vn -0.66446304 0.24184476 0.70710677
vn -0.69636422 0.12278780 0.70710677
vn -0.81814975 0 0.57500523
vn -0.80572021 -0.14207020 0.57500523
vn -0.76880926 -0.27982369 0.57500523
vn -0.70853841 -0.40907487 0.57500523
vn -0.62673903 -0.52589649 0.57500523
vn -0.52589649 -0.62673903 0.57500523
vn -0.40907487 -0.70853841 0.57500523
vn -0.27982369 -0.76880926 0.57500523
vn -0.14207020 -0.80572021 0.57500523
vn -0.00000000 -0.81814975 0.57500523
vn 0.14207020 -0.80572021 0.57500523
vn 0.27982369 -0.76880926 0.57500523
vn 0.40907487 -0.70853841 0.57500523
vn 0.52589649 -0.62673903 0.57500523
vn 0.62673903 -0.52589649 0.57500523
vn 0.70853841 -0.40907487 0.57500523
vn 0.76880926 -0.27982369 0.57500523
vn 0.80572021 -0.14207020 0.57500523
vn 0.81814975 -0.00000000 0.57500523
vn 0.80572021 0.14207020 0.57500523
vn 0.76880926 0.27982369 0.57500523
vn 0.70853841 0.40907487 0.57500523
vn 0.62673903 0.52589649 0.57500523
vn 0.52589649 0.62673903 0.57500523
vn 0.40907487 0.70853841 0.57500523
vn 0.27982369 0.76880926 0.57500523
vn 0.14207020 0.80572021 0.57500523
vn 0.00000000 0.81814975 0.57500523
vn -0.14207020 0.80572021 0.57500523
vn -0.27982369 0.76880926 0.57500523
vn -0.40907487 0.70853841 0.57500523
vn -0.52589649 0.62673903 0.57500523
vn -0.62673903 0.52589649 0.57500523
vn -0.70853841 0.40907487 0.57500523
vn -0.76880926 0.27982369 0.57500523
vn -0.80572021 0.14207020 0.57500523
vn -0.90482706 0 0.42577928
vn -0.89108068 -0.15712157 0.42577928
vn -0.85025930 -0.30946907 0.42577928
vn -0.78360319 -0.45241353 0.42577928
vn -0.69313776 -0.58161163 0.42577928
vn -0.58161163 -0.69313776 0.42577928
vn -0.45241353 -0.78360319 0.42577928
vn -0.30946907 -0.85025930 0.42577928
vn -0.15712157 -0.89108068 0.42577928
vn -0.00000000 -0.90482706 0.42577928
vn 0.15712157 -0.89108068 0.42577928
vn 0.30946907 -0.85025930 0.42577928
vn 0.45241353 -0.78360319 0.42577928
vn 0.58161163 -0.69313776 0.42577928
vn 0.69313776 -0.58161163 0.42577928
vn 0.78360319 -0.45241353 0.42577928
vn 0.85025930 -0.30946907 0.42577928
vn 0.89108068 -0.15712157 0.42577928
vn 0.90482706 -0.00000000 0.42577928
vn 0.89108068 0.15712157 0.42577928
vn 0.85025930 0.30946907 0.42577928
vn 0.78360319 0.45241353 0.42577928
vn 0.69313776 0.58161163 0.42577928
vn 0.58161163 0.69313776 0.42577928
vn 0.45241353 0.78360319 0.42577928
vn 0.30946907 0.85025930 0.42577928
vn 0.15712157 0.89108068 0.42577928
vn 0.00000000 0.90482706 0.42577928
vn -0.15712157 0.89108068 0.42577928
vn -0.30946907 0.85025930 0.42577928
vn -0.45241353 0.78360319 0.42577928
vn -0.58161163 0.69313776 0.42577928
vn -0.69313776 0.58161163 0.42577928
vn -0.78360319 0.45241353 0.42577928
vn -0.85025930 0.30946907 0.42577928
vn -0.89108068 0.15712157 0.42577928
vn -0.96455741 0 0.26387304
vn -0.94990361 -0.16749364 0.26387304
vn -0.90638751 -0.32989806 0.26387304
vn -0.83533120 -0.48227870 0.26387304
vn -0.73889387 -0.62000555 0.26387304
vn -0.62000555 -0.73889387 0.26387304
vn -0.48227870 -0.83533120 0.26387304
vn -0.32989806 -0.90638751 0.26387304
vn -0.16749364 -0.94990361 0.26387304
vn -0.00000000 -0.96455741 0.26387304
vn 0.16749364 -0.94990361 0.26387304
vn 0.32989806 -0.90638751 0.26387304
vn 0.48227870 -0.83533120 0.26387304
vn 0.62000555 -0.73889387 0.26387304
vn 0.73889387 -0.62000555 0.26387304
vn 0.83533120 -0.48227870 0.26387304
vn 0.90638751 -0.32989806 0.26387304
vn 0.94990361 -0.16749364 0.26387304
vn 0.96455741 -0.00000000 0.26387304
vn 0.94990361 0.16749364 0.26387304
vn 0.90638751 0.32989806 0.26387304
vn 0.83533120 0.48227870 0.26387304
vn 0.73889387 0.62000555 0.26387304
vn 0.62000555 0.73889387 0.26387304
vn 0.48227870 0.83533120 0.26387304
vn 0.32989806 0.90638751 0.26387304
vn 0.16749364 0.94990361 0.26387304
vn 0.00000000 0.96455741 0.26387304
vn -0.16749364 0.94990361 0.26387304
vn -0.32989806 0.90638751 0.26387304
vn -0.48227870 0.83533120 0.26387304
vn -0.62000555 0.73889387 0.26387304
vn -0.73889387 0.62000555 0.26387304
vn -0.83533120 0.48227870 0.26387304
vn -0.90638751 0.32989806 0.26387304
vn -0.94990361 0.16749364 0.26387304
vn -0.99556196 0 0.09410831
vn -0.98043716 -0.17287752 0.09410831
vn -0.93552226 -0.34050223 0.09410831
vn -0.86218196 -0.49778098 0.09410831
vn -0.76264471 -0.63993490 0.09410831
vn -0.63993490 -0.76264471 0.09410831
vn -0.49778098 -0.86218196 0.09410831
vn -0.34050223 -0.93552226 0.09410831
vn -0.17287752 -0.98043716 0.09410831
vn -0.00000000 -0.99556196 0.09410831
vn 0.17287752 -0.98043716 0.09410831
vn 0.34050223 -0.93552226 0.09410831
vn 0.49778098 -0.86218196 0.09410831
vn 0.63993490 -0.76264471 0.09410831
vn 0.76264471 -0.63993490 0.09410831
vn 0.86218196 -0.49778098 0.09410831
vn 0.93552226 -0.34050223 0.09410831
vn 0.98043716 -0.17287752 0.09410831
vn 0.99556196 -0.00000000 0.09410831
vn 0.98043716 0.17287752 0.09410831
vn 0.93552226 0.34050223 0.09410831
vn 0.86218196 0.49778098 0.09410831
vn 0.76264471 0.63993490 0.09410831
vn 0.63993490 0.76264471 0.09410831
vn 0.49778098 0.86218196 0.09410831
vn 0.34050223 0.93552226 0.09410831
vn 0.17287752 0.98043716 0.09410831
vn 0.00000000 0.99556196 0.09410831
vn -0.17287752 0.98043716 0.09410831
vn -0.34050223 0.93552226 0.09410831
vn -0.49778098 0.86218196 0.09410831
vn -0.63993490 0.76264471 0.09410831
vn -0.76264471 0.63993490 0.09410831
vn -0.86218196 0.49778098 0.09410831
vn -0.93552226 0.34050223 0.09410831
vn -0.98043716 0.17287752 0.09410831
vn -0.98480773 0.17364818 0.00000000
vn -0.93969262 0.34202015 0
vn -0.86602539 0.50000000 0
vn -0.76604444 0.64278764 0
vn -0.64278764 0.76604444 0
vn -0.50000000 0.86602539 0
vn -0.34202015 0.93969262 0
vn -0.17364818 0.98480773 0
vn 0.00000000 1 0
vn 0.17364818 0.98480773 0
vn 0.34202015 0.93969262 0
vn 0.50000000 0.86602539 0
vn 0.64278764 0.76604444 0
vn 0.76604444 0.64278764 0
vn 0.86602539 0.50000000 0
vn 0.93969262 0.34202015 0
vn 0.98480773 0.17364818 0
vn 1 -0.00000000 0
vn 0 0 1
vn 0 0 1
vn 0 0 1
vn 0 0 1
vn 0 0 1
vn 0 0 1
vn 0 0 1
vn 0 0 1
vn 0 0 1
vn 0 0 1
vn 0 0 1
vn 0 0 1
vn 0 0 1
vn 0 0 1
vn 0 0 1
vn 0 0 1
vn 0 0 1
vn 0 0 1
vn 0 0 1
vn 0 0 1
vn 0 0 1
vn 0 0 1
vn 0 0 1
vn 0 0 1
vn 0 0 1
vn 0 0 1
vn 0 0 1
vn 0 0 1
vn 0 0 1
vn 0 0 1
vn 0 0 1
vn 0 0 1
vn 0 0 1
vn 0 0 1
vn 0 0 1
vn 0 0 1
vn 0 0 1
vn 0 0 1
vn 0 0 1
vn 0 0 1
vn 0 0 1
vn 0 0 1
vn 0 0 1
vn 0 0 1
vn 0.98480773 -0.17364818 0.00000000
vn 0.93969262 -0.34202015 0
vn 0.86602539 -0.50000000 0
vn 0.76604444 -0.64278764 0
vn 0.64278764 -0.76604444 0
vn 0.50000000 -0.86602539 0
vn 0.34202015 -0.93969262 0
vn 0.17364818 -0.98480773 0
vn -0.00000000 -1 0
vn -0.17364818 -0.98480773 0
vn -0.34202015 -0.93969262 0
vn -0.50000000 -0.86602539 0
vn -0.64278764 -0.76604444 0
vn -0.76604444 -0.64278764 0
vn -0.86602539 -0.50000000 0
vn -0.93969262 -0.34202015 0
vn -0.98480773 -0.17364818 0
vn -1 0 0
vn 0 0 -1
vn 0 0 -1
vn 0 0 -1
vn 0 0 -1
vn 0 0 -1
vn 0 0 -1
vn 0 0 -1
vn 0 0 -1
vn 0 0 -1
vn 0 0 -1
vn 0 0 -1
vn 0 0 -1
vn 0 0 -1
vn 0 0 -1
vn 0 0 -1
vn 0 0 -1
vn 0 0 -1
vn 0 0 -1
vn 0 0 -1
vn 0 0 -1
vn 0 0 -1
vn 0 0 -1
vn 0 0 -1
vn 0 0 -1
vn 0 0 -1
vn 0 0 -1
vn 0 0 -1
vn 0 0 -1
vn 0 0 -1
vn 0 0 -1
vn 0 0 -1
vn 0 0 -1
vn 0 0 -1
vn 0 0 -1
vn 0 0 -1
vn 0 0 -1
vn 0 0 -1
vn 0 0 -1
vn 0 0 -1
vn 0 0 -1
vn 0 0 -1
vn 0 0 -1
vn 0 0 -1
vn 0 0 -1
vn 0 0 -1
vn 0 0 -1
vn 0 0 -1
vn 0 0 -1
vn 0 0 -1
vn 0 0 -1
vn 0 0 -1
vn 0 0 -1
vn 0 0 -1
vn 0 0 -1
vn 0 0 -1
vn 0 0 -1
vn 0 0 -1
vn 0 0 -1
vn 0 0 -1
vn 0 0 -1
vn 0 0 -1
vn 0 0 -1
vn 0 0 -1
vn 0 0 -1
vn 0 0 -1
vn 0 0 -1
vn 0 0 -1
vn 0 0 -1
vn 0 0 -1
vn 0 0 -1
vn 0 0 -1
vn 0 0 -1
vn 0 0 -1
vn 0 0 -1
vn 0 0 -1
vn 0 0 -1
vn 0 0 -1
vn 0 0 -1
vn 0 0 -1
vn 0 0 -1
vn 0 0 -1
vn 0 0 -1
vn 0 0 -1
vn 0 0 -1
vn 0 0 -1
vn 0 0 -1
vn 0 0 -1
vn 0 0 -1
vn 0 0 -1
vn 0 0 -1
vn 0 0 -1
vn 0 0 -1
vn 0 0 -1
vn 0 0 -1
vn 0 0 -1
vn 0 0 -1
vn 0 0 -1
vn 0 0 -1
vn 0 0 -1
vn 0 0 -1
vn 0 0 -1
vn 0 0 -1
vn 0 0 -1
vn 0 0 -1
vn 0 0 -1
vn 0 0 -1
vn 0 0 -1
vn 0 0 -1
vn 0 0 -1
vn 0 0 -1
vn 0 0 -1
vn 0 0 -1
vn 0 0 -1
vn 0 0 -1
vn 0 0 -1
vn 0 0 -1
vn 0 0 -1
vn 0 0 -1
vn 0 0 -1
vn 0 0 -1
vn 0 0 -1
vn 0 0 -1
vn 0 0 -1
vn 0 0 -1
vn 0 0 -1
vn 0 0 -1
vn 0 0 -1
vn 0 0 -1
vn 0 0 -1
vn 0 0 -1
vn 0 0 -1
vn 0 0 -1
vn 0 0 -1
vn 0 0 -1
vn 0 0 -1
vn 0 0 -1
vn 0 0 -1
vn 0 0 -1
vn 0 0 -1
vn 0 0 -1
vn 0 0 -1
vn 0 0 -1
vn 0 0 -1
vn 0 0 -1
vn 0 0 -1
vn 0 0 -1
vn 0 0 -1
vn 0 0 -1
vn 0 0 -1
vn 0 0 -1
vn 0 0 -1
vn 0 0 -1
vn 0 0 1
vn 0 0 1
vn 0 0 1
vn 0 0 1
vn 0 0 1
vn 0 0 1
vn 0 0 1
vn 0 0 1
vn 0 0 1
vn 0 0 1
vn 0 0 1
vn 0 0 1
vn 0 0 1
vn 0 0 1
vn 0 0 1
vn 0 0 1
vn 0 0 1
vn 0 0 1
vn 0 0 1
vn 0 0 1
vn 0 0 1
vn 0 0 1
vn 0 0 1
vn 0 0 1
vn 0 0 1
vn 0 0 1
vn 0 0 1
vn 0 0 1
vn 0 0 1
vn 0 0 1
vn 0 0 1
vn 0 0 1
vn 0 0 1
vn 0 0 1
vn 0 0 1
vn 0 0 1
vn 0 0 1
vn 0 0 1
vn 0 0 1
vn 0 0 1
vn 0 0 1
vn 0 0 1
vn 0 0 1
vn 0 0 1
vn 0 0 1
vn 0 0 1
vn 0 0 1
vn 0 0 1
vn 0 0 1
vn 0 0 1
vn 0 0 1
vn 0 0 1
vn 0 0 1
vn 0 0 1
vn 0 0 1
vn 0 0 1
vn 0 0 1
vn 0 0 1
vn 0 0 1
vn 0 0 1
vn 0 0 1
vn 0 0 1
vn 0 0 1
vn 0 0 1
vn 0 0 1
vn 0 0 1
vn 0 0 1
vn 0 0 1
vn 0 0 1
vn 0 0 1
vn 0 0 1
vn 0 0 1
vn 0 0 1
vn 0 0 1
vn 0 0 1
vn 0 0 1
vn 0 0 1
vn 0 0 1
vn 0 0 1
vn 0 0 1
vn 0 0 1
vn 0 0 1
vn 0 0 1
vn 0 0 1
vn 0 0 1
vn 0 0 1
vn 0 0 1
vn 0 0 1
vn 0 0 1
vn 0 0 1
vn 0 0 1
vn 0 0 1
vn 0 0 1
vn 0 0 1
vn 0 0 1
vn 0 0 1
vn 0 0 1
vn 0 0 1
vn 0 0 1
vn 0 0 1
vn 0 0 1
vn 0 0 1
vn 0 0 1
vn 0 0 1
vn 0 0 1
vn 0 0 1
vn 0 0 1
vn 0 0 1
vn 0 0 1
vn 0 0 1
vn 0 0 1
vn 0 0 1
vn 0 0 1
vn 0 0 1
vn 0 0 1
vn 0 0 1
vn 0 0 1
vn 0 0 1
vn 0 0 1
vn 0 0 1
vn 0 0 1
vn 0 0 1
vn 0 0 1
vn 0 0 1
vn 0 0 1
vn 0 0 1
vn 0 0 1
vn 0 0 1
vn 0 0 1
vn 0 0 1
vn 0 0 1
vn 0 0 1
vn 0 0 1
vn 0 0 1
vn 0 0 1
vn 0 0 1
vn 0 0 1
vn 0 0 1
vn 0 0 1
vn 0 0 1
vn 0 0 1
vn 0 0 1
vn 0 0 1
vn 0 0 1
vn 0 0 1
vn 0 0 1
vn 0 0 1
vn 0 0 1
vn 0 0 1
vn 0 0 1
vn 0 0 1
vn 0 0 1
vn 0.26387304 0 -0.96455741
vn 0.09410831 0 -0.99556196
vn 0.09267860 0.01634174 -0.99556196
vn 0.25986421 0.04582107 -0.96455741
vn 0.08843289 0.03218694 -0.99556196
vn 0.24795955 0.09024990 -0.96455741
vn 0.08150019 0.04705416 -0.99556196
vn 0.22852077 0.13193652 -0.96455741
vn 0.07209115 0.06049166 -0.99556196
vn 0.20213848 0.16961433 -0.96455741
vn 0.06049166 0.07209115 -0.99556196
vn 0.16961433 0.20213848 -0.96455741
vn 0.04705416 0.08150019 -0.99556196
vn 0.13193652 0.22852077 -0.96455741
vn 0.03218694 0.08843289 -0.99556196
vn 0.09024990 0.24795955 -0.96455741
vn 0.01634174 0.09267860 -0.99556196
vn 0.04582107 0.25986421 -0.96455741
vn 0.00000000 0.09410831 -0.99556196
vn 0.00000000 0.26387304 -0.96455741
vn -0.01634174 0.09267860 -0.99556196
vn -0.04582107 0.25986421 -0.96455741
vn -0.03218694 0.08843289 -0.99556196
vn -0.09024990 0.24795955 -0.96455741
vn -0.04705416 0.08150019 -0.99556196
vn -0.13193652 0.22852077 -0.96455741
vn -0.06049166 0.07209115 -0.99556196
vn -0.16961433 0.20213848 -0.96455741
vn -0.07209115 0.06049166 -0.99556196
vn -0.20213848 0.16961433 -0.96455741
vn -0.08150019 0.04705416 -0.99556196
vn -0.22852077 0.13193652 -0.96455741
vn -0.08843289 0.03218694 -0.99556196
vn -0.24795955 0.09024990 -0.96455741
vn -0.09267860 0.01634174 -0.99556196
vn -0.25986421 0.04582107 -0.96455741
vn -0.09410831 0.00000000 -0.99556196
vn -0.26387304 0.00000000 -0.96455741
vn -0.09267860 -0.01634174 -0.99556196
vn -0.25986421 -0.04582107 -0.96455741
vn -0.08843289 -0.03218694 -0.99556196
vn -0.24795955 -0.09024990 -0.96455741
vn -0.08150019 -0.04705416 -0.99556196
vn -0.22852077 -0.13193652 -0.96455741
vn -0.07209115 -0.06049166 -0.99556196
vn -0.20213848 -0.16961433 -0.96455741
vn -0.06049166 -0.07209115 -0.99556196
vn -0.16961433 -0.20213848 -0.96455741
vn -0.04705416 -0.08150019 -0.99556196
vn -0.13193652 -0.22852077 -0.96455741
vn -0.03218694 -0.08843289 -0.99556196
vn -0.09024990 -0.24795955 -0.96455741
vn -0.01634174 -0.09267860 -0.99556196
vn -0.04582107 -0.25986421 -0.96455741
vn -0.00000000 -0.09410831 -0.99556196
vn -0.00000000 -0.26387304 -0.96455741
vn 0.01634174 -0.09267860 -0.99556196
vn 0.04582107 -0.25986421 -0.96455741
vn 0.03218694 -0.08843289 -0.99556196
vn 0.09024990 -0.24795955 -0.96455741
vn 0.04705416 -0.08150019 -0.99556196
vn 0.13193652 -0.22852077 -0.96455741
vn 0.06049166 -0.07209115 -0.99556196
vn 0.16961433 -0.20213848 -0.96455741
vn 0.07209115 -0.06049166 -0.99556196
vn 0.20213848 -0.16961433 -0.96455741
vn 0.08150019 -0.04705416 -0.99556196
vn 0.22852077 -0.13193652 -0.96455741
vn 0.08843289 -0.03218694 -0.99556196
vn 0.24795955 -0.09024990 -0.96455741
vn 0.09267860 -0.01634174 -0.99556196
vn 0.25986421 -0.04582107 -0.96455741
vn 0.42577928 0 -0.90482706
vn 0.41931075 0.07393580 -0.90482706
vn 0.40010166 0.14562510 -0.90482706
vn 0.36873567 0.21288964 -0.90482706
vn 0.32616585 0.27368566 -0.90482706
vn 0.27368566 0.32616585 -0.90482706
vn 0.21288964 0.36873567 -0.90482706
vn 0.14562510 0.40010166 -0.90482706
vn 0.07393580 0.41931075 -0.90482706
vn 0.00000000 0.42577928 -0.90482706
vn -0.07393580 0.41931075 -0.90482706
vn -0.14562510 0.40010166 -0.90482706
vn -0.21288964 0.36873567 -0.90482706
vn -0.27368566 0.32616585 -0.90482706
vn -0.32616585 0.27368566 -0.90482706
vn -0.36873567 0.21288964 -0.90482706
vn -0.40010166 0.14562510 -0.90482706
vn -0.41931075 0.07393580 -0.90482706
vn -0.42577928 0.00000000 -0.90482706
vn -0.41931075 -0.07393580 -0.90482706
vn -0.40010166 -0.14562510 -0.90482706
vn -0.36873567 -0.21288964 -0.90482706
vn -0.32616585 -0.27368566 -0.90482706
vn -0.27368566 -0.32616585 -0.90482706
vn -0.21288964 -0.36873567 -0.90482706
vn -0.14562510 -0.40010166 -0.90482706
vn -0.07393580 -0.41931075 -0.90482706
vn -0.00000000 -0.42577928 -0.90482706
vn 0.07393580 -0.41931075 -0.90482706
vn 0.14562510 -0.40010166 -0.90482706
vn 0.21288964 -0.36873567 -0.90482706
vn 0.27368566 -0.32616585 -0.90482706
vn 0.32616585 -0.27368566 -0.90482706
vn 0.36873567 -0.21288964 -0.90482706
vn 0.40010166 -0.14562510 -0.90482706
vn 0.41931075 -0.07393580 -0.90482706
vn 0.57500523 0 -0.81814975
vn 0.56626964 0.09984861 -0.81814975
vn 0.54032820 0.19666338 -0.81814975
vn 0.49796915 0.28750262 -0.81814975
vn 0.44047958 0.36960626 -0.81814975
vn 0.36960626 0.44047958 -0.81814975
vn 0.28750262 0.49796915 -0.81814975
vn 0.19666338 0.54032820 -0.81814975
vn 0.09984861 0.56626964 -0.81814975
vn 0.00000000 0.57500523 -0.81814975
vn -0.09984861 0.56626964 -0.81814975
vn -0.19666338 0.54032820 -0.81814975
vn -0.28750262 0.49796915 -0.81814975
vn -0.36960626 0.44047958 -0.81814975
vn -0.44047958 0.36960626 -0.81814975
vn -0.49796915 0.28750262 -0.81814975
vn -0.54032820 0.19666338 -0.81814975
vn -0.56626964 0.09984861 -0.81814975
vn -0.57500523 0.00000000 -0.81814975
vn -0.56626964 -0.09984861 -0.81814975
vn -0.54032820 -0.19666338 -0.81814975
vn -0.49796915 -0.28750262 -0.81814975
vn -0.44047958 -0.36960626 -0.81814975
vn -0.36960626 -0.44047958 -0.81814975
vn -0.28750262 -0.49796915 -0.81814975
vn -0.19666338 -0.54032820 -0.81814975
vn -0.09984861 -0.56626964 -0.81814975
vn -0.00000000 -0.57500523 -0.81814975
vn 0.09984861 -0.56626964 -0.81814975
vn 0.19666338 -0.54032820 -0.81814975
vn 0.28750262 -0.49796915 -0.81814975
vn 0.36960626 -0.44047958 -0.81814975
vn 0.44047958 -0.36960626 -0.81814975
vn 0.49796915 -0.28750262 -0.81814975
vn 0.54032820 -0.19666338 -0.81814975
vn 0.56626964 -0.09984861 -0.81814975
vn 0.70710677 0 -0.70710677
vn 0.69636422 0.12278780 -0.70710677
vn 0.66446304 0.24184476 -0.70710677
vn 0.61237246 0.35355338 -0.70710677
vn 0.54167521 0.45451948 -0.70710677
vn 0.45451948 0.54167521 -0.70710677
vn 0.35355338 0.61237246 -0.70710677
vn 0.24184476 0.66446304 -0.70710677
vn 0.12278780 0.69636422 -0.70710677
vn 0.00000000 0.70710677 -0.70710677
vn -0.12278780 0.69636422 -0.70710677
vn -0.24184476 0.66446304 -0.70710677
vn -0.35355338 0.61237246 -0.70710677
vn -0.45451948 0.54167521 -0.70710677
vn -0.54167521 0.45451948 -0.70710677
vn -0.61237246 0.35355338 -0.70710677
vn -0.66446304 0.24184476 -0.70710677
vn -0.69636422 0.12278780 -0.70710677
vn -0.70710677 0.00000000 -0.70710677
vn -0.69636422 -0.12278780 -0.70710677
vn -0.66446304 -0.24184476 -0.70710677
vn -0.61237246 -0.35355338 -0.70710677
vn -0.54167521 -0.45451948 -0.70710677
vn -0.45451948 -0.54167521 -0.70710677
vn -0.35355338 -0.61237246 -0.70710677
vn -0.24184476 -0.66446304 -0.70710677
vn -0.12278780 -0.69636422 -0.70710677
vn -0.00000000 -0.70710677 -0.70710677
vn 0.12278780 -0.69636422 -0.70710677
vn 0.24184476 -0.66446304 -0.70710677
vn 0.35355338 -0.61237246 -0.70710677
vn 0.45451948 -0.54167521 -0.70710677
vn 0.54167521 -0.45451948 -0.70710677
vn 0.61237246 -0.35355338 -0.70710677
vn 0.66446304 -0.24184476 -0.70710677
vn 0.69636422 -0.12278780 -0.70710677
vn 0.81814975 0 -0.57500523
vn 0.80572021 0.14207020 -0.57500523
vn 0.76880926 0.27982369 -0.57500523
vn 0.70853841 0.40907487 -0.57500523
vn 0.62673903 0.52589649 -0.57500523
vn 0.52589649 0.62673903 -0.57500523
vn 0.40907487 0.70853841 -0.57500523
vn 0.27982369 0.76880926 -0.57500523
vn 0.14207020 0.80572021 -0.57500523
vn 0.00000000 0.81814975 -0.57500523
vn -0.14207020 0.80572021 -0.57500523
vn -0.27982369 0.76880926 -0.57500523
vn -0.40907487 0.70853841 -0.57500523
vn -0.52589649 0.62673903 -0.57500523
vn -0.62673903 0.52589649 -0.57500523
vn -0.70853841 0.40907487 -0.57500523
vn -0.76880926 0.27982369 -0.57500523
vn -0.80572021 0.14207020 -0.57500523
vn -0.81814975 0.00000000 -0.57500523
vn -0.80572021 -0.14207020 -0.57500523
vn -0.76880926 -0.27982369 -0.57500523
vn -0.70853841 -0.40907487 -0.57500523
vn -0.62673903 -0.52589649 -0.57500523
vn -0.52589649 -0.62673903 -0.57500523
vn -0.40907487 -0.70853841 -0.57500523
vn -0.27982369 -0.76880926 -0.57500523
vn -0.14207020 -0.80572021 -0.57500523
vn -0.00000000 -0.81814975 -0.57500523
vn 0.14207020 -0.80572021 -0.57500523
vn 0.27982369 -0.76880926 -0.57500523
vn 0.40907487 -0.70853841 -0.57500523
vn 0.52589649 -0.62673903 -0.57500523
vn 0.62673903 -0.52589649 -0.57500523
vn 0.70853841 -0.40907487 -0.57500523
vn 0.76880926 -0.27982369 -0.57500523
vn 0.80572021 -0.14207020 -0.57500523
vn 0.90482706 0 -0.42577928
vn 0.89108068 0.15712157 -0.42577928
vn 0.85025930 0.30946907 -0.42577928
vn 0.78360319 0.45241353 -0.42577928
vn 0.69313776 0.58161163 -0.42577928
vn 0.58161163 0.69313776 -0.42577928
vn 0.45241353 0.78360319 -0.42577928
vn 0.30946907 0.85025930 -0.42577928
vn 0.15712157 0.89108068 -0.42577928
vn 0.00000000 0.90482706 -0.42577928
vn -0.15712157 0.89108068 -0.42577928
vn -0.30946907 0.85025930 -0.42577928
vn -0.45241353 0.78360319 -0.42577928
vn -0.58161163 0.69313776 -0.42577928
vn -0.69313776 0.58161163 -0.42577928
vn -0.78360319 0.45241353 -0.42577928
vn -0.85025930 0.30946907 -0.42577928
vn -0.89108068 0.15712157 -0.42577928
vn -0.90482706 0.00000000 -0.42577928
vn -0.89108068 -0.15712157 -0.42577928
vn -0.85025930 -0.30946907 -0.42577928
vn -0.78360319 -0.45241353 -0.42577928
vn -0.69313776 -0.58161163 -0.42577928
vn -0.58161163 -0.69313776 -0.42577928
vn -0.45241353 -0.78360319 -0.42577928
vn -0.30946907 -0.85025930 -0.42577928
vn -0.15712157 -0.89108068 -0.42577928
vn -0.00000000 -0.90482706 -0.42577928
vn 0.15712157 -0.89108068 -0.42577928
vn 0.30946907 -0.85025930 -0.42577928
vn 0.45241353 -0.78360319 -0.42577928
vn 0.58161163 -0.69313776 -0.42577928
vn 0.69313776 -0.58161163 -0.42577928
vn 0.78360319 -0.45241353 -0.42577928
vn 0.85025930 -0.30946907 -0.42577928
vn 0.89108068 -0.15712157 -0.42577928
vn 0.96455741 0 -0.26387304
vn 0.94990361 0.16749364 -0.26387304
vn 0.90638751 0.32989806 -0.26387304
vn 0.83533120 0.48227870 -0.26387304
vn 0.73889387 0.62000555 -0.26387304
vn 0.62000555 0.73889387 -0.26387304
vn 0.48227870 0.83533120 -0.26387304
vn 0.32989806 0.90638751 -0.26387304
vn 0.16749364 0.94990361 -0.26387304
vn 0.00000000 0.96455741 -0.26387304
vn -0.16749364 0.94990361 -0.26387304
vn -0.32989806 0.90638751 -0.26387304
vn -0.48227870 0.83533120 -0.26387304
vn -0.62000555 0.73889387 -0.26387304
vn -0.73889387 0.62000555 -0.26387304
vn -0.83533120 0.48227870 -0.26387304
vn -0.90638751 0.32989806 -0.26387304
vn -0.94990361 0.16749364 -0.26387304
vn -0.96455741 0.00000000 -0.26387304
vn -0.94990361 -0.16749364 -0.26387304
vn -0.90638751 -0.32989806 -0.26387304
vn -0.83533120 -0.48227870 -0.26387304
vn -0.73889387 -0.62000555 -0.26387304
vn -0.62000555 -0.73889387 -0.26387304
vn -0.48227870 -0.83533120 -0.26387304
vn -0.32989806 -0.90638751 -0.26387304
vn -0.16749364 -0.94990361 -0.26387304
vn -0.00000000 -0.96455741 -0.26387304
vn 0.16749364 -0.94990361 -0.26387304
vn 0.32989806 -0.90638751 -0.26387304
vn 0.48227870 -0.83533120 -0.26387304
vn 0.62000555 -0.73889387 -0.26387304
vn 0.73889387 -0.62000555 -0.26387304
vn 0.83533120 -0.48227870 -0.26387304
vn 0.90638751 -0.32989806 -0.26387304
vn 0.94990361 -0.16749364 -0.26387304
vn 0.99556196 0 -0.09410831
vn 0.98043716 0.17287752 -0.09410831
vn 0.93552226 0.34050223 -0.09410831
vn 0.86218196 0.49778098 -0.09410831
vn 0.76264471 0.63993490 -0.09410831
vn 0.63993490 0.76264471 -0.09410831
vn 0.49778098 0.86218196 -0.09410831
vn 0.34050223 0.93552226 -0.09410831
vn 0.17287752 0.98043716 -0.09410831
vn 0.00000000 0.99556196 -0.09410831
vn -0.17287752 0.98043716 -0.09410831
vn -0.34050223 0.93552226 -0.09410831
vn -0.49778098 0.86218196 -0.09410831
vn -0.63993490 0.76264471 -0.09410831
vn -0.76264471 0.63993490 -0.09410831
vn -0.86218196 0.49778098 -0.09410831
vn -0.93552226 0.34050223 -0.09410831
vn -0.98043716 0.17287752 -0.09410831
vn -0.99556196 0.00000000 -0.09410831
vn -0.98043716 -0.17287752 -0.09410831
vn -0.93552226 -0.34050223 -0.09410831
vn -0.86218196 -0.49778098 -0.09410831
vn -0.76264471 -0.63993490 -0.09410831
vn -0.63993490 -0.76264471 -0.09410831
vn -0.49778098 -0.86218196 -0.09410831
vn -0.34050223 -0.93552226 -0.09410831
vn -0.17287752 -0.98043716 -0.09410831
vn -0.00000000 -0.99556196 -0.09410831
vn 0.17287752 -0.98043716 -0.09410831
vn 0.34050223 -0.93552226 -0.09410831
vn 0.49778098 -0.86218196 -0.09410831
vn 0.63993490 -0.76264471 -0.09410831
vn 0.76264471 -0.63993490 -0.09410831
vn 0.86218196 -0.49778098 -0.09410831
vn 0.93552226 -0.34050223 -0.09410831
vn 0.98043716 -0.17287752 -0.09410831
vn 0.98480773 -0.17364818 0
vn 0.93969262 -0.34202015 0
vn 0.86602539 -0.50000000 0
vn 0.76604444 -0.64278764 0
vn 0.64278764 -0.76604444 0
vn 0.50000000 -0.86602539 0
vn 0.34202015 -0.93969262 0
vn 0.17364818 -0.98480773 0
vn -0.00000000 -1 0
vn -0.17364818 -0.98480773 0
vn -0.34202015 -0.93969262 0
vn -0.50000000 -0.86602539 0
vn -0.64278764 -0.76604444 0
vn -0.76604444 -0.64278764 0
vn -0.86602539 -0.50000000 0
vn -0.93969262 -0.34202015 0
vn -0.98480773 -0.17364818 0
vn -1 0.00000000 0
vn 0 0 -1
vn 0 0 -1
vn 0 0 -1
vn 0 0 -1
vn 0 0 -1
vn 0 0 -1
vn 0 0 -1
vn 0 0 -1
vn 0 0 -1
vn 0 0 -1
vn 0 0 -1
vn 0 0 -1
vn 0 0 -1
vn 0 0 -1
vn 0 0 -1
vn 0 0 -1
vn 0 0 -1
vn 0 0 -1
vn 0 0 -1
vn 0 0 -1
vn 0 0 -1
vn 0 0 -1
vn 0 0 -1
vn 0 0 -1
vn 0 0 -1
vn 0 0 -1
vn 0 0 -1
vn 0 0 -1
vn 0 0 -1
vn 0 0 -1
vn 0 0 -1
vn 0 0 -1
vn 0 0 -1
vn 0 0 -1
vn 0 0 -1
vn 0 0 -1
vn 0 0 -1
vn 0 0 -1
vn 0 0 -1
vn 0 0 -1
vn 0 0 -1
vn 0 0 -1
vn 0 0 -1
vn 0 0 -1
vn 0 0 -1
vn 0 0 -1
vn 0 0 -1
vn 0 0 -1
vn 0 0 -1
vn 0 0 -1
vn 0 0 -1
vn 0 0 -1
vn 0 0 -1
vn 0 0 -1
vn 0 0 -1
vn 0 0 -1
vn 0 0 -1
vn 0 0 -1
vn 0 0 -1
vn 0 0 -1
vn 0 0 -1
vn 0 0 -1
vn 0 0 -1
vn 0 0 -1
vn 0 0 -1
vn 0 0 -1
vn 0 0 -1
vn 0 0 -1
vn -0.98480773 0.17364818 0
vn -0.93969262 0.34202015 0
vn -0.86602539 0.50000000 0
vn -0.76604444 0.64278764 0
vn -0.64278764 0.76604444 0
vn -0.50000000 0.86602539 0
vn -0.34202015 0.93969262 0
vn -0.17364818 0.98480773 0
vn 0.00000000 1 0
vn 0.17364818 0.98480773 0
vn 0.34202015 0.93969262 0
vn 0.50000000 0.86602539 0
vn 0.64278764 0.76604444 0
vn 0.76604444 0.64278764 0
vn 0.86602539 0.50000000 0
vn 0.93969262 0.34202015 0
vn 0.98480773 0.17364818 0
vn 1 0 0
vn 0.96455741 0 0.26387304
vn 0.99556196 0 0.09410831
vn 0.98043716 0.17287752 0.09410831
vn 0.94990361 0.16749364 0.26387304
vn 0.93552226 0.34050223 0.09410831
vn 0.90638751 0.32989806 0.26387304
vn 0.86218196 0.49778098 0.09410831
vn 0.83533120 0.48227870 0.26387304
vn 0.76264471 0.63993490 0.09410831
vn 0.73889387 0.62000555 0.26387304
vn 0.63993490 0.76264471 0.09410831
vn 0.62000555 0.73889387 0.26387304
vn 0.49778098 0.86218196 0.09410831
vn 0.48227870 0.83533120 0.26387304
vn 0.34050223 0.93552226 0.09410831
vn 0.32989806 0.90638751 0.26387304
vn 0.17287752 0.98043716 0.09410831
vn 0.16749364 0.94990361 0.26387304
vn 0.00000000 0.99556196 0.09410831
vn 0.00000000 0.96455741 0.26387304
vn -0.17287752 0.98043716 0.09410831
vn -0.16749364 0.94990361 0.26387304
vn -0.34050223 0.93552226 0.09410831
vn -0.32989806 0.90638751 0.26387304
vn -0.49778098 0.86218196 0.09410831
vn -0.48227870 0.83533120 0.26387304
vn -0.63993490 0.76264471 0.09410831
vn -0.62000555 0.73889387 0.26387304
vn -0.76264471 0.63993490 0.09410831
vn -0.73889387 0.62000555 0.26387304
vn -0.86218196 0.49778098 0.09410831
vn -0.83533120 0.48227870 0.26387304
vn -0.93552226 0.34050223 0.09410831
vn -0.90638751 0.32989806 0.26387304
vn -0.98043716 0.17287752 0.09410831
vn -0.94990361 0.16749364 0.26387304
vn -0.99556196 0.00000000 0.09410831
vn -0.96455741 0.00000000 0.26387304
vn -0.98043716 -0.17287752 0.09410831
vn -0.94990361 -0.16749364 0.26387304
vn -0.93552226 -0.34050223 0.09410831
vn -0.90638751 -0.32989806 0.26387304
vn -0.86218196 -0.49778098 0.09410831
vn -0.83533120 -0.48227870 0.26387304
vn -0.76264471 -0.63993490 0.09410831
vn -0.73889387 -0.62000555 0.26387304
vn -0.63993490 -0.76264471 0.09410831
vn -0.62000555 -0.73889387 0.26387304
vn -0.49778098 -0.86218196 0.09410831
vn -0.48227870 -0.83533120 0.26387304
vn -0.34050223 -0.93552226 0.09410831
vn -0.32989806 -0.90638751 0.26387304
vn -0.17287752 -0.98043716 0.09410831
vn -0.16749364 -0.94990361 0.26387304
vn -0.00000000 -0.99556196 0.09410831
vn -0.00000000 -0.96455741 0.26387304
vn 0.17287752 -0.98043716 0.09410831
vn 0.16749364 -0.94990361 0.26387304
vn 0.34050223 -0.93552226 0.09410831
vn 0.32989806 -0.90638751 0.26387304
vn 0.49778098 -0.86218196 0.09410831
vn 0.48227870 -0.83533120 0.26387304
vn 0.63993490 -0.76264471 0.09410831
vn 0.62000555 -0.73889387 0.26387304
vn 0.76264471 -0.63993490 0.09410831
vn 0.73889387 -0.62000555 0.26387304
vn 0.86218196 -0.49778098 0.09410831
vn 0.83533120 -0.48227870 0.26387304
vn 0.93552226 -0.34050223 0.09410831
vn 0.90638751 -0.32989806 0.26387304
vn 0.98043716 -0.17287752 0.09410831
vn 0.94990361 -0.16749364 0.26387304
vn 0.90482706 0 0.42577928
vn 0.89108068 0.15712157 0.42577928
vn 0.85025930 0.30946907 0.42577928
vn 0.78360319 0.45241353 0.42577928
vn 0.69313776 0.58161163 0.42577928
vn 0.58161163 0.69313776 0.42577928
vn 0.45241353 0.78360319 0.42577928
vn 0.30946907 0.85025930 0.42577928
vn 0.15712157 0.89108068 0.42577928
vn 0.00000000 0.90482706 0.42577928
vn -0.15712157 0.89108068 0.42577928
vn -0.30946907 0.85025930 0.42577928
vn -0.45241353 0.78360319 0.42577928
vn -0.58161163 0.69313776 0.42577928
vn -0.69313776 0.58161163 0.42577928
vn -0.78360319 0.45241353 0.42577928
vn -0.85025930 0.30946907 0.42577928
vn -0.89108068 0.15712157 0.42577928
vn -0.90482706 0.00000000 0.42577928
vn -0.89108068 -0.15712157 0.42577928
vn -0.85025930 -0.30946907 0.42577928
vn -0.78360319 -0.45241353 0.42577928
vn -0.69313776 -0.58161163 0.42577928
vn -0.58161163 -0.69313776 0.42577928
vn -0.45241353 -0.78360319 0.42577928
vn -0.30946907 -0.85025930 0.42577928
vn -0.15712157 -0.89108068 0.42577928
vn -0.00000000 -0.90482706 0.42577928
vn 0.15712157 -0.89108068 0.42577928
vn 0.30946907 -0.85025930 0.42577928
vn 0.45241353 -0.78360319 0.42577928
vn 0.58161163 -0.69313776 0.42577928
vn 0.69313776 -0.58161163 0.42577928
vn 0.78360319 -0.45241353 0.42577928
vn 0.85025930 -0.30946907 0.42577928
vn 0.89108068 -0.15712157 0.42577928
vn 0.81814975 0 0.57500523
vn 0.80572021 0.14207020 0.57500523
vn 0.76880926 0.27982369 0.57500523
vn 0.70853841 0.40907487 0.57500523
vn 0.62673903 0.52589649 0.57500523
vn 0.52589649 0.62673903 0.57500523
vn 0.40907487 0.70853841 0.57500523
vn 0.27982369 0.76880926 0.57500523
vn 0.14207020 0.80572021 0.57500523
vn 0.00000000 0.81814975 0.57500523
vn -0.14207020 0.80572021 0.57500523
vn -0.27982369 0.76880926 0.57500523
vn -0.40907487 0.70853841 0.57500523
vn -0.52589649 0.62673903 0.57500523
vn -0.62673903 0.52589649 0.57500523
vn -0.70853841 0.40907487 0.57500523
vn -0.76880926 0.27982369 0.57500523
vn -0.80572021 0.14207020 0.57500523
vn -0.81814975 0.00000000 0.57500523
vn -0.80572021 -0.14207020 0.57500523
vn -0.76880926 -0.27982369 0.57500523
vn -0.70853841 -0.40907487 0.57500523
vn -0.62673903 -0.52589649 0.57500523
vn -0.52589649 -0.62673903 0.57500523
vn -0.40907487 -0.70853841 0.57500523
vn -0.27982369 -0.76880926 0.57500523
vn -0.14207020 -0.80572021 0.57500523
vn -0.00000000 -0.81814975 0.57500523
vn 0.14207020 -0.80572021 0.57500523
vn 0.27982369 -0.76880926 0.57500523
vn 0.40907487 -0.70853841 0.57500523
vn 0.52589649 -0.62673903 0.57500523
vn 0.62673903 -0.52589649 0.57500523
vn 0.70853841 -0.40907487 0.57500523
vn 0.76880926 -0.27982369 0.57500523
vn 0.80572021 -0.14207020 0.57500523
vn 0.70710677 0 0.70710677
vn 0.69636422 0.12278780 0.70710677
vn 0.66446304 0.24184476 0.70710677
vn 0.61237246 0.35355338 0.70710677
vn 0.54167521 0.45451948 0.70710677
vn 0.45451948 0.54167521 0.70710677
vn 0.35355338 0.61237246 0.70710677
vn 0.24184476 0.66446304 0.70710677
vn 0.12278780 0.69636422 0.70710677
vn 0.00000000 0.70710677 0.70710677
vn -0.12278780 0.69636422 0.70710677
vn -0.24184476 0.66446304 0.70710677
vn -0.35355338 0.61237246 0.70710677
vn -0.45451948 0.54167521 0.70710677
vn -0.54167521 0.45451948 0.70710677
vn -0.61237246 0.35355338 0.70710677
vn -0.66446304 0.24184476 0.70710677
vn -0.69636422 0.12278780 0.70710677
vn -0.70710677 0.00000000 0.70710677
vn -0.69636422 -0.12278780 0.70710677
vn -0.66446304 -0.24184476 0.70710677
vn -0.61237246 -0.35355338 0.70710677
vn -0.54167521 -0.45451948 0.70710677
vn -0.45451948 -0.54167521 0.70710677
vn -0.35355338 -0.61237246 0.70710677
vn -0.24184476 -0.66446304 0.70710677
vn -0.12278780 -0.69636422 0.70710677
vn -0.00000000 -0.70710677 0.70710677
vn 0.12278780 -0.69636422 0.70710677
vn 0.24184476 -0.66446304 0.70710677
vn 0.35355338 -0.61237246 0.70710677
vn 0.45451948 -0.54167521 0.70710677
vn 0.54167521 -0.45451948 0.70710677
vn 0.61237246 -0.35355338 0.70710677
vn 0.66446304 -0.24184476 0.70710677
vn 0.69636422 -0.12278780 0.70710677
vn 0.57500523 0 0.81814975
vn 0.56626964 0.09984861 0.81814975
vn 0.54032820 0.19666338 0.81814975
vn 0.49796915 0.28750262 0.81814975
vn 0.44047958 0.36960626 0.81814975
vn 0.36960626 0.44047958 0.81814975
vn 0.28750262 0.49796915 0.81814975
vn 0.19666338 0.54032820 0.81814975
vn 0.09984861 0.56626964 0.81814975
vn 0.00000000 0.57500523 0.81814975
vn -0.09984861 0.56626964 0.81814975
vn -0.19666338 0.54032820 0.81814975
vn -0.28750262 0.49796915 0.81814975
vn -0.36960626 0.44047958 0.81814975
vn -0.44047958 0.36960626 0.81814975
vn -0.49796915 0.28750262 0.81814975
vn -0.54032820 0.19666338 0.81814975
vn -0.56626964 0.09984861 0.81814975
vn -0.57500523 0.00000000 0.81814975
vn -0.56626964 -0.09984861 0.81814975
vn -0.54032820 -0.19666338 0.81814975
vn -0.49796915 -0.28750262 0.81814975
vn -0.44047958 -0.36960626 0.81814975
vn -0.36960626 -0.44047958 0.81814975
vn -0.28750262 -0.49796915 0.81814975
vn -0.19666338 -0.54032820 0.81814975
vn -0.09984861 -0.56626964 0.81814975
vn -0.00000000 -0.57500523 0.81814975
vn 0.09984861 -0.56626964 0.81814975
vn 0.19666338 -0.54032820 0.81814975
vn 0.28750262 -0.49796915 0.81814975
vn 0.36960626 -0.44047958 0.81814975
vn 0.44047958 -0.36960626 0.81814975
vn 0.49796915 -0.28750262 0.81814975
vn 0.54032820 -0.19666338 0.81814975
vn 0.56626964 -0.09984861 0.81814975
vn 0.42577928 0 0.90482706
vn 0.41931075 0.07393580 0.90482706
vn 0.40010166 0.14562510 0.90482706
vn 0.36873567 0.21288964 0.90482706
vn 0.32616585 0.27368566 0.90482706
vn 0.27368566 0.32616585 0.90482706
vn 0.21288964 0.36873567 0.90482706
vn 0.14562510 0.40010166 0.90482706
vn 0.07393580 0.41931075 0.90482706
vn 0.00000000 0.42577928 0.90482706
vn -0.07393580 0.41931075 0.90482706
vn -0.14562510 0.40010166 0.90482706
vn -0.21288964 0.36873567 0.90482706
vn -0.27368566 0.32616585 0.90482706
vn -0.32616585 0.27368566 0.90482706
vn -0.36873567 0.21288964 0.90482706
vn -0.40010166 0.14562510 0.90482706
vn -0.41931075 0.07393580 0.90482706
vn -0.42577928 0.00000000 0.90482706
vn -0.41931075 -0.07393580 0.90482706
vn -0.40010166 -0.14562510 0.90482706
vn -0.36873567 -0.21288964 0.90482706
vn -0.32616585 -0.27368566 0.90482706
vn -0.27368566 -0.32616585 0.90482706
vn -0.21288964 -0.36873567 0.90482706
vn -0.14562510 -0.40010166 0.90482706
vn -0.07393580 -0.41931075 0.90482706
vn -0.00000000 -0.42577928 0.90482706
vn 0.07393580 -0.41931075 0.90482706
vn 0.14562510 -0.40010166 0.90482706
vn 0.21288964 -0.36873567 0.90482706
vn 0.27368566 -0.32616585 0.90482706
vn 0.32616585 -0.27368566 0.90482706
vn 0.36873567 -0.21288964 0.90482706
vn 0.40010166 -0.14562510 0.90482706
vn 0.41931075 -0.07393580 0.90482706
vn 0.26387304 0 0.96455741
vn 0.25986421 0.04582107 0.96455741
vn 0.24795955 0.09024990 0.96455741
vn 0.22852077 0.13193652 0.96455741
vn 0.20213848 0.16961433 0.96455741
vn 0.16961433 0.20213848 0.96455741
vn 0.13193652 0.22852077 0.96455741
vn 0.09024990 0.24795955 0.96455741
vn 0.04582107 0.25986421 0.96455741
vn 0.00000000 0.26387304 0.96455741
vn -0.04582107 0.25986421 0.96455741
vn -0.09024990 0.24795955 0.96455741
vn -0.13193652 0.22852077 0.96455741
vn -0.16961433 0.20213848 0.96455741
vn -0.20213848 0.16961433 0.96455741
vn -0.22852077 0.13193652 0.96455741
vn -0.24795955 0.09024990 0.96455741
vn -0.25986421 0.04582107 0.96455741
vn -0.26387304 0.00000000 0.96455741
vn -0.25986421 -0.04582107 0.96455741
vn -0.24795955 -0.09024990 0.96455741
vn -0.22852077 -0.13193652 0.96455741
vn -0.20213848 -0.16961433 0.96455741
vn -0.16961433 -0.20213848 0.96455741
vn -0.13193652 -0.22852077 0.96455741
vn -0.09024990 -0.24795955 0.96455741
vn -0.04582107 -0.25986421 0.96455741
vn -0.00000000 -0.26387304 0.96455741
vn 0.04582107 -0.25986421 0.96455741
vn 0.09024990 -0.24795955 0.96455741
vn 0.13193652 -0.22852077 0.96455741
vn 0.16961433 -0.20213848 0.96455741
vn 0.20213848 -0.16961433 0.96455741
vn 0.22852077 -0.13193652 0.96455741
vn 0.24795955 -0.09024990 0.96455741
vn 0.25986421 -0.04582107 0.96455741
vn 0.09410831 0 0.99556196
vn 0.09267860 0.01634174 0.99556196
vn 0.08843289 0.03218694 0.99556196
vn 0.08150019 0.04705416 0.99556196
vn 0.07209115 0.06049166 0.99556196
vn 0.06049166 0.07209115 0.99556196
vn 0.04705416 0.08150019 0.99556196
vn 0.03218694 0.08843289 0.99556196
vn 0.01634174 0.09267860 0.99556196
vn 0.00000000 0.09410831 0.99556196
vn -0.01634174 0.09267860 0.99556196
vn -0.03218694 0.08843289 0.99556196
vn -0.04705416 0.08150019 0.99556196
vn -0.06049166 0.07209115 0.99556196
vn -0.07209115 0.06049166 0.99556196
vn -0.08150019 0.04705416 0.99556196
vn -0.08843289 0.03218694 0.99556196
vn -0.09267860 0.01634174 0.99556196
vn -0.09410831 0.00000000 0.99556196
vn -0.09267860 -0.01634174 0.99556196
vn -0.08843289 -0.03218694 0.99556196
vn -0.08150019 -0.04705416 0.99556196
vn -0.07209115 -0.06049166 0.99556196
vn -0.06049166 -0.07209115 0.99556196
vn -0.04705416 -0.08150019 0.99556196
vn -0.03218694 -0.08843289 0.99556196
vn -0.01634174 -0.09267860 0.99556196
vn -0.00000000 -0.09410831 0.99556196
vn 0.01634174 -0.09267860 0.99556196
vn 0.03218694 -0.08843289 0.99556196
vn 0.04705416 -0.08150019 0.99556196
vn 0.06049166 -0.07209115 0.99556196
vn 0.07209115 -0.06049166 0.99556196
vn 0.08150019 -0.04705416 0.99556196
vn 0.08843289 -0.03218694 0.99556196
vn 0.09267860 -0.01634174 0.99556196
vn 0.00000000 -0.00000000 1
vn 0.00000000 -0.00000000 1
vn 0.00000000 -0.00000000 1
vn 0.00000000 -0.00000000 1
vn 0.00000000 -0.00000000 1
vn 0.00000000 -0.00000000 1
vn 0.00000000 -0.00000000 1
vn 0.00000000 -0.00000000 1
vn 0.00000000 -0.00000000 1
vn 0.00000000 -0.00000000 1
vn 0.00000000 -0.00000000 1
vn 0.00000000 -0.00000000 1
vn 0.00000000 -0.00000000 1
vn 0.00000000 -0.00000000 1
vn 0.00000000 -0.00000000 1
vn 0.00000000 -0.00000000 1
vn 0.00000000 -0.00000000 1
vn 0.00000000 -0.00000000 1
vn 0.00000000 -0.00000000 1
vn 0.00000000 -0.00000000 1
vn 0.00000000 -0.00000000 1
vn 0.00000000 -0.00000000 1
vn 0.00000000 -0.00000000 1
vn 0.00000000 -0.00000000 1
vn 0.00000000 -0.00000000 1
vn 0.00000000 -0.00000000 1
vn 0.00000000 -0.00000000 1
vn 0.00000000 -0.00000000 1
vn 0.00000000 -0.00000000 1
vn 0.00000000 -0.00000000 1
vn 0.00000000 -0.00000000 1
vn 0.00000000 -0.00000000 1
vn 0.00000000 -0.00000000 1
vn 0.00000000 -0.00000000 1
vn 0.00000000 -0.00000000 1
vn 0.00000000 -0.00000000 1
vn 0.00000000 -0.00000000 1
vn 0.00000000 -0.00000000 1
vn 0.00000000 -0.00000000 1
vn 0.00000000 -0.00000000 1
vn 0.00000000 -0.00000000 1
vn 0.00000000 -0.00000000 1
vn 0.00000000 -0.00000000 1
vn 0.00000000 -0.00000000 1
vn 0.00000000 -0.00000000 1
vn 0.00000000 -0.00000000 1
vn 0.00000000 -0.00000000 1
vn 0.00000000 -0.00000000 1
vn 0.00000000 -0.00000000 1
vn 0.00000000 -0.00000000 1
vn 0.00000000 -0.00000000 1
vn 0.00000000 -0.00000000 1
vn 0.00000000 -0.00000000 1
vn 0.00000000 -0.00000000 1
vn 0.00000000 -0.00000000 1
vn 0.00000000 -0.00000000 1
vn 0.00000000 -0.00000000 1
vn 0.00000000 -0.00000000 1
vn 0.00000000 -0.00000000 1
vn 0.00000000 -0.00000000 1
vn -1 0.00000000 0
vn -0.98480773 -0.17364818 0
vn -0.93969262 -0.34202015 0
vn -0.86602539 -0.50000000 0
vn -0.76604444 -0.64278764 0
vn -0.64278764 -0.76604444 0
vn -0.50000000 -0.86602539 0
vn -0.34202015 -0.93969262 0
vn -0.17364818 -0.98480773 0
vn -0.00000000 -1 0
vn 0.17364818 -0.98480773 0
vn 0.34202015 -0.93969262 0
vn 0.50000000 -0.86602539 0
vn 0.64278764 -0.76604444 0
vn 0.76604444 -0.64278764 0
vn 0.86602539 -0.50000000 0
vn 0.93969262 -0.34202015 0
vn 0.98480773 -0.17364818 0
vn 1 0 0
vn 0.98480773 0.17364818 0
vn 0.93969262 0.34202015 0
vn 0.86602539 0.50000000 0
vn 0.76604444 0.64278764 0
vn 0.64278764 0.76604444 0
vn 0.50000000 0.86602539 0
vn 0.34202015 0.93969262 0
vn 0.17364818 0.98480773 0
vn 0.00000000 1 0
vn -0.17364818 0.98480773 0
vn -0.34202015 0.93969262 0
vn -0.50000000 0.86602539 0
vn -0.64278764 0.76604444 0
vn -0.76604444 0.64278764 0
vn -0.86602539 0.50000000 0
vn -0.93969262 0.34202015 0
vn -0.98480773 0.17364818 0
vn -0.00000000 -0.00000000 1
vn -0.00000000 -0.00000000 1
vn -0.00000000 -0.00000000 1
vn -0.00000000 -0.00000000 1
vn -0.00000000 -0.00000000 1
vn -0.00000000 -0.00000000 1
vn -0.00000000 -0.00000000 1
vn -0.00000000 -0.00000000 1
vn -1 0 0
vn -1 0 0
vn -0.98480773 -0.17364818 0
vn -1 0 0
vn -0.98480773 -0.17364818 0
vn -1 0 0
vn -0.98480773 -0.17364818 0
vn -1 0 0
vn -0.98480773 -0.17364818 0
vn -1 0 0
vn -0.98480773 -0.17364818 0
vn -0.93969262 -0.34202015 0
vn -0.93969262 -0.34202015 0
vn -0.93969262 -0.34202015 0
vn -0.93969262 -0.34202015 0
vn -0.98480773 -0.17364818 0
vn -0.93969262 -0.34202015 0
vn -0.86602539 -0.50000000 0
vn -0.86602539 -0.50000000 0
vn -0.86602539 -0.50000000 0
vn -0.86602539 -0.50000000 0
vn -0.93969262 -0.34202015 0
vn -0.86602539 -0.50000000 0
vn -0.76604444 -0.64278764 0
vn -0.76604444 -0.64278764 0
vn -0.76604444 -0.64278764 0
vn -0.76604444 -0.64278764 0
vn -0.86602539 -0.50000000 0
vn -0.76604444 -0.64278764 0
vn -0.64278764 -0.76604444 0
vn -0.64278764 -0.76604444 0
vn -0.64278764 -0.76604444 0
vn -0.64278764 -0.76604444 0
vn -0.76604444 -0.64278764 0
vn -0.64278764 -0.76604444 0
vn -0.50000000 -0.86602539 0
vn -0.50000000 -0.86602539 0
vn -0.50000000 -0.86602539 0
vn -0.50000000 -0.86602539 0
vn -0.64278764 -0.76604444 0
vn -0.50000000 -0.86602539 0
vn -0.34202015 -0.93969262 0
vn -0.34202015 -0.93969262 0
vn -0.34202015 -0.93969262 0
vn -0.34202015 -0.93969262 0
vn -0.50000000 -0.86602539 0
vn -0.34202015 -0.93969262 0
vn -0.17364818 -0.98480773 0
vn -0.17364818 -0.98480773 0
vn -0.17364818 -0.98480773 0
vn -0.17364818 -0.98480773 0
vn -0.34202015 -0.93969262 0
vn -0.17364818 -0.98480773 0
vn -0.00000000 -1 0
vn -0.00000000 -1 0
vn -0.00000000 -1 0
vn -0.00000000 -1 0
vn -0.17364818 -0.98480773 0
vn -0.00000000 -1 0
vn 0.17364818 -0.98480773 0
vn 0.17364818 -0.98480773 0
vn 0.17364818 -0.98480773 0
vn 0.17364818 -0.98480773 0
vn -0.00000000 -1 0
vn 0.17364818 -0.98480773 0
vn 0.34202015 -0.93969262 0
vn 0.34202015 -0.93969262 0
vn 0.34202015 -0.93969262 0
vn 0.34202015 -0.93969262 0
vn 0.17364818 -0.98480773 0
vn 0.34202015 -0.93969262 0
vn 0.50000000 -0.86602539 0
vn 0.50000000 -0.86602539 0
vn 0.50000000 -0.86602539 0
vn 0.50000000 -0.86602539 0
vn 0.34202015 -0.93969262 0
vn 0.50000000 -0.86602539 0
vn 0.64278764 -0.76604444 0
vn 0.64278764 -0.76604444 0
vn 0.64278764 -0.76604444 0
vn 0.64278764 -0.76604444 0
vn 0.50000000 -0.86602539 0
vn 0.64278764 -0.76604444 0
vn 0.76604444 -0.64278764 0
vn 0.76604444 -0.64278764 0
vn 0.76604444 -0.64278764 0
vn 0.76604444 -0.64278764 0
vn 0.64278764 -0.76604444 0
vn 0.76604444 -0.64278764 0
vn 0.86602539 -0.50000000 0
vn 0.86602539 -0.50000000 0
vn 0.86602539 -0.50000000 0
vn 0.86602539 -0.50000000 0
vn 0.76604444 -0.64278764 0
vn 0.86602539 -0.50000000 0
vn 0.93969262 -0.34202015 0
vn 0.93969262 -0.34202015 0
vn 0.93969262 -0.34202015 0
vn 0.93969262 -0.34202015 0
vn 0.86602539 -0.50000000 0
vn 0.93969262 -0.34202015 0
vn 0.98480773 -0.17364818 0
vn 0.98480773 -0.17364818 0
vn 0.98480773 -0.17364818 0
vn 0.98480773 -0.17364818 0
vn 0.93969262 -0.34202015 0
vn 0.98480773 -0.17364818 0
vn 1 -0.00000000 0
vn 1 -0.00000000 0
vn 1 -0.00000000 0
vn 1 -0.00000000 0
vn 0.98480773 -0.17364818 0
vn 1 -0.00000000 0
vn 0.98480773 0.17364818 0
vn 0.98480773 0.17364818 0
vn 0.98480773 0.17364818 0
vn 0.98480773 0.17364818 0
vn 1 -0.00000000 0
vn 0.98480773 0.17364818 0
vn 0.93969262 0.34202015 0
vn 0.93969262 0.34202015 0
vn 0.93969262 0.34202015 0
vn 0.93969262 0.34202015 0
vn 0.98480773 0.17364818 0
vn 0.93969262 0.34202015 0
vn 0.86602539 0.50000000 0
vn 0.86602539 0.50000000 0
vn 0.86602539 0.50000000 0
vn 0.86602539 0.50000000 0
vn 0.93969262 0.34202015 0
vn 0.86602539 0.50000000 0
vn 0.76604444 0.64278764 0
vn 0.76604444 0.64278764 0
vn 0.76604444 0.64278764 0
vn 0.76604444 0.64278764 0
vn 0.86602539 0.50000000 0
vn 0.76604444 0.64278764 0
vn 0.64278764 0.76604444 0
vn 0.64278764 0.76604444 0
vn 0.64278764 0.76604444 0
vn 0.64278764 0.76604444 0
vn 0.76604444 0.64278764 0
vn 0.64278764 0.76604444 0
vn 0.50000000 0.86602539 0
vn 0.50000000 0.86602539 0
vn 0.50000000 0.86602539 0
vn 0.50000000 0.86602539 0
vn 0.64278764 0.76604444 0
vn 0.50000000 0.86602539 0
vn 0.34202015 0.93969262 0
vn 0.34202015 0.93969262 0
vn 0.34202015 0.93969262 0
vn 0.34202015 0.93969262 0
vn 0.50000000 0.86602539 0
vn 0.34202015 0.93969262 0
vn 0.17364818 0.98480773 0
vn 0.17364818 0.98480773 0
vn 0.17364818 0.98480773 0
vn 0.17364818 0.98480773 0
vn 0.34202015 0.93969262 0
vn 0.17364818 0.98480773 0
vn 0.00000000 1 0
vn 0.00000000 1 0
vn 0.00000000 1 0
vn 0.00000000 1 0
vn 0.17364818 0.98480773 0
vn 0.00000000 1 0
vn -0.17364818 0.98480773 0
vn -0.17364818 0.98480773 0
vn -0.17364818 0.98480773 0
vn -0.17364818 0.98480773 0
vn 0.00000000 1 0
vn -0.17364818 0.98480773 0
vn -0.34202015 0.93969262 0
vn -0.34202015 0.93969262 0
vn -0.34202015 0.93969262 0
vn -0.34202015 0.93969262 0
vn -0.17364818 0.98480773 0
vn -0.34202015 0.93969262 0
vn -0.50000000 0.86602539 0
vn -0.50000000 0.86602539 0
vn -0.50000000 0.86602539 0
vn -0.50000000 0.86602539 0
vn -0.34202015 0.93969262 0
vn -0.50000000 0.86602539 0
vn -0.64278764 0.76604444 0
vn -0.64278764 0.76604444 0
vn -0.64278764 0.76604444 0
vn -0.64278764 0.76604444 0
vn -0.50000000 0.86602539 0
vn -0.64278764 0.76604444 0
vn -0.76604444 0.64278764 0
vn -0.76604444 0.64278764 0
vn -0.76604444 0.64278764 0
vn -0.76604444 0.64278764 0
vn -0.64278764 0.76604444 0
vn -0.76604444 0.64278764 0
vn -0.86602539 0.50000000 0
vn -0.86602539 0.50000000 0
vn -0.86602539 0.50000000 0
vn -0.86602539 0.50000000 0
vn -0.76604444 0.64278764 0
vn -0.86602539 0.50000000 0
vn -0.93969262 0.34202015 0
vn -0.93969262 0.34202015 0
vn -0.93969262 0.34202015 0
vn -0.93969262 0.34202015 0
vn -0.86602539 0.50000000 0
vn -0.93969262 0.34202015 0
vn -0.98480773 0.17364818 0
vn -0.98480773 0.17364818 0
vn -0.98480773 0.17364818 0
vn -0.98480773 0.17364818 0
vn -0.93969262 0.34202015 0
vn -0.98480773 0.17364818 0
vn -0.98480773 0.17364818 0
vn 0 0 -1
vn 0 0 -1
vn 0 0 -1
vn 0 0 -1
vn 0 0 -1
vn 0 0 -1
vn 0 0 -1
vn 0 0 -1
vn 0 0 -1
vn 0 0 -1
vn 0 0 -1
vn 0 0 -1
vn 0 0 -1
vn 0 0 -1
vn 0 0 -1
vn 0 0 -1
vn 0 0 -1
vn 0 0 -1
vn 0 0 -1
vn 0 0 -1
vn 0 0 -1
vn 0 0 -1
vn 0 0 -1
vn 0 0 -1
vn 0 0 -1
vn 0 0 -1
vn 0 0 -1
vn 0 0 -1
vn 0 0 -1
vn 0 0 -1
vn 0 0 -1
vn 0 0 -1
vn 0 0 -1
vn 0 0 -1
vn 0 0 -1
vn 0 0 -1
vn 0 0 -1
vn 0 0 -1
vn 0 0 -1
vn 0 0 -1
vn 0 0 -1
vn 0 0 -1
vn 0 0 -1
vn 0 0 -1
vn 0 0 -1
vn 0 0 -1
vn 0 0 -1
vn 0 0 -1
vn 0 0 -1
vn 0 0 -1
vn 0 0 -1
vn 0 0 -1
vn 0 0 -1
vn 0 0 -1
vn 0 0 -1
vn 0 0 -1
vn 0 0 -1
vn 0 0 -1
vn 0 0 -1
vn 0 0 -1
vn 0 0 -1
vn 0 0 -1
vn 0 0 -1
vn 0 0 -1
vn 0 0 -1
vn 0 0 -1
vn 0 0 -1
vn 0 0 -1
vn 0 0 -1
vn 0 0 -1
vn 0 0 -1
vn 0 0 -1
vn 0 0 -1
vn 0 0 -1
vn 0 0 -1
vn 0 0 -1
vn 0 0 -1
vn 0 0 -1
vn 0 0 -1
vn 0 0 -1
vn 0 0 -1
vn 0 0 -1
vn 0 0 -1
vn 0 0 -1
vn 0 0 -1
vn 0 0 -1
vn 0 0 -1
vn 0 0 -1
vn 0 0 -1
vn 0 0 -1
vn 0 0 -1
vn 0 0 -1
vn 0 0 -1
vn 0 0 -1
vn 0 0 -1
vn 0 0 -1
vn 0 0 -1
vn 0 0 -1
vn 0 0 -1
vn 0 0 -1
vn 0 0 -1
vn 0 0 -1
vn 0 0 -1
vn 0 0 -1
vn 0 0 -1
vn 0 0 -1
vn 0 0 -1
vn 0 0 -1
vn 0 0 -1
vn 0 0 -1
vn 0 0 -1
vn 0 0 -1
vn 0 0 -1
vn 0 0 -1
vn 0 0 -1
vn 0 0 -1
vn 0 0 -1
vn 0 0 -1
vn 0 0 -1
vn 0 0 -1
vn 0 0 -1
vn 0 0 -1
vn 0 0 -1
vn 0 0 -1
vn 0 0 -1
vn 0 0 -1
vn 0 0 -1
vn 0 0 -1
vn 0 0 -1
vn 0 0 -1
vn 0 0 -1
vn 0 0 -1
vn 0 0 -1
vn 0 0 -1
vn 0 0 -1
vn 0 0 -1
vn 0 0 -1
vn 0 0 -1
vn 0 0 -1
vn 0 0 -1
vn 0 0 -1
vn 0 0 -1
vn 0 0 -1
vn 0 0 -1
vn 0 0 -1
vn 0 0 -1
vn 0 0 -1
vn 0 0 -1
vn 0 0 -1
vn 0 0 -1
vn 0 0 -1
vn 0 0 -1
vn 0.98480773 -0.17364818 0
vn 1 -0.00000000 0
vn 1 -0.00000000 0
vn 0.98480773 -0.17364818 0
vn 1 -0.00000000 0
vn 0.98480773 -0.17364818 0
vn 1 -0.00000000 0
vn 0.98480773 -0.17364818 0
vn 1 -0.00000000 0
vn 0.98480773 -0.17364818 0
vn 1 -0.00000000 0
vn 0.93969262 -0.34202015 0
vn 0.98480773 -0.17364818 0
vn 0.93969262 -0.34202015 0
vn 0.93969262 -0.34202015 0
vn 0.93969262 -0.34202015 0
vn 0.93969262 -0.34202015 0
vn 0.86602539 -0.50000000 0
vn 0.93969262 -0.34202015 0
vn 0.86602539 -0.50000000 0
vn 0.86602539 -0.50000000 0
vn 0.86602539 -0.50000000 0
vn 0.86602539 -0.50000000 0
vn 0.86602539 -0.50000000 0
vn 0.76859057 -0.63974100 0
vn 0.76604444 -0.64278764 0
vn 0.76604444 -0.64278764 0
vn 0.76604444 -0.64278764 0
vn 0.76604444 -0.64278764 0
vn 0.76859057 -0.63974100 0
vn 0.76604444 -0.64278764 0
vn 0.64278764 -0.76604444 0
vn 0.76604444 -0.64278764 0
vn 0.64278764 -0.76604444 0
vn 0.64278764 -0.76604444 0
vn 0.64278764 -0.76604444 0
vn 0.64278764 -0.76604444 0
vn 0.50000000 -0.86602539 0
vn 0.63974100 -0.76859057 0
vn 0.64278764 -0.76604444 0
vn 0.50000000 -0.86602539 0
vn 0.50000000 -0.86602539 0
vn 0.50000000 -0.86602539 0
vn 0.50000000 -0.86602539 0
vn 0.63974100 -0.76859057 0
vn 0.34202015 -0.93969262 0
vn 0.50000000 -0.86602539 0
vn 0.34202015 -0.93969262 0
vn 0.34202015 -0.93969262 0
vn 0.34202015 -0.93969262 0
vn 0.34202015 -0.93969262 0
vn 0.17364818 -0.98480773 0
vn 0.34202015 -0.93969262 0
vn 0.17364818 -0.98480773 0
vn 0.17364818 -0.98480773 0
vn 0.17364818 -0.98480773 0
vn 0.17364818 -0.98480773 0
vn -0.00000000 -1 0
vn 0.17364818 -0.98480773 0
vn -0.00000000 -1 0
vn -0.00000000 -1 0
vn -0.00000000 -1 0
vn -0.00000000 -1 0
vn -0.17364818 -0.98480773 0
vn -0.00000000 -1 0
vn -0.17364818 -0.98480773 0
vn -0.17364818 -0.98480773 0
vn -0.17364818 -0.98480773 0
vn -0.17364818 -0.98480773 0
vn -0.34202015 -0.93969262 0
vn -0.17364818 -0.98480773 0
vn -0.34202015 -0.93969262 0
vn -0.34202015 -0.93969262 0
vn -0.34202015 -0.93969262 0
vn -0.34202015 -0.93969262 0
vn -0.50000000 -0.86602539 0
vn -0.34202015 -0.93969262 0
vn -0.50000000 -0.86602539 0
vn -0.50000000 -0.86602539 0
vn -0.50000000 -0.86602539 0
vn -0.50000000 -0.86602539 0
vn -0.50000000 -0.86602539 0
vn -0.63974100 -0.76859057 0
vn -0.64278764 -0.76604444 0
vn -0.64278764 -0.76604444 0
vn -0.64278764 -0.76604444 0
vn -0.64278764 -0.76604444 0
vn -0.63974100 -0.76859057 0
vn -0.64278764 -0.76604444 0
vn -0.76604444 -0.64278764 0
vn -0.64278764 -0.76604444 0
vn -0.76604444 -0.64278764 0
vn -0.76604444 -0.64278764 0
vn -0.76604444 -0.64278764 0
vn -0.76604444 -0.64278764 0
vn -0.86602539 -0.50000000 0
vn -0.76859057 -0.63974100 0
vn -0.76604444 -0.64278764 0
vn -0.86602539 -0.50000000 0
vn -0.86602539 -0.50000000 0
vn -0.86602539 -0.50000000 0
vn -0.86602539 -0.50000000 0
vn -0.76859057 -0.63974100 0
vn -0.93969262 -0.34202015 0
vn -0.86602539 -0.50000000 0
vn -0.93969262 -0.34202015 0
vn -0.93969262 -0.34202015 0
vn -0.93969262 -0.34202015 0
vn -0.93969262 -0.34202015 0
vn -0.98480773 -0.17364818 0
vn -0.93969262 -0.34202015 0
vn -0.98480773 -0.17364818 0
vn -0.98480773 -0.17364818 0
vn -0.98480773 -0.17364818 0
vn -0.98480773 -0.17364818 0
vn -1 0.00000000 0
vn -0.98480773 -0.17364818 0
vn -1 0.00000000 0
vn -1 0.00000000 0
vn -1 0.00000000 0
vn -1 0.00000000 0
vn -0.98480773 0.17364818 0
vn -1 0.00000000 0
vn -0.98480773 0.17364818 0
vn -0.98480773 0.17364818 0
vn -0.98480773 0.17364818 0
vn -0.98480773 0.17364818 0
vn -0.93969262 0.34202015 0
vn -0.98480773 0.17364818 0
vn -0.93969262 0.34202015 0
vn -0.93969262 0.34202015 0
vn -0.93969262 0.34202015 0
vn -0.93969262 0.34202015 0
vn -0.86602539 0.50000000 0
vn -0.93969262 0.34202015 0
vn -0.86602539 0.50000000 0
vn -0.86602539 0.50000000 0
vn -0.86602539 0.50000000 0
vn -0.86602539 0.50000000 0
vn -0.86602539 0.50000000 0
vn -0.76859057 0.63974100 0
vn -0.76604444 0.64278764 0
vn -0.76604444 0.64278764 0
vn -0.76604444 0.64278764 0
vn -0.76604444 0.64278764 0
vn -0.76859057 0.63974100 0
vn -0.76604444 0.64278764 0
vn -0.64278764 0.76604444 0
vn -0.76604444 0.64278764 0
vn -0.64278764 0.76604444 0
vn -0.64278764 0.76604444 0
vn -0.64278764 0.76604444 0
vn -0.64278764 0.76604444 0
vn -0.50000000 0.86602539 0
vn -0.63974100 0.76859057 0
vn -0.64278764 0.76604444 0
vn -0.50000000 0.86602539 0
vn -0.50000000 0.86602539 0
vn -0.50000000 0.86602539 0
vn -0.50000000 0.86602539 0
vn -0.63974100 0.76859057 0
vn -0.34202015 0.93969262 0
vn -0.50000000 0.86602539 0
vn -0.34202015 0.93969262 0
vn -0.34202015 0.93969262 0
vn -0.34202015 0.93969262 0
vn -0.34202015 0.93969262 0
vn -0.17364818 0.98480773 0
vn -0.34202015 0.93969262 0
vn -0.17364818 0.98480773 0
vn -0.17364818 0.98480773 0
vn -0.17364818 0.98480773 0
vn -0.17364818 0.98480773 0
vn 0.00000000 1 0
vn -0.17364818 0.98480773 0
vn 0.00000000 1 0
vn 0.00000000 1 0
vn 0.00000000 1 0
vn 0.00000000 1 0
vn 0.17364818 0.98480773 0
vn 0.00000000 1 0
vn 0.17364818 0.98480773 0
vn 0.17364818 0.98480773 0
vn 0.17364818 0.98480773 0
vn 0.17364818 0.98480773 0
vn 0.34202015 0.93969262 0
vn 0.17364818 0.98480773 0
vn 0.34202015 0.93969262 0
vn 0.34202015 0.93969262 0
vn 0.34202015 0.93969262 0
vn 0.34202015 0.93969262 0
vn 0.50000000 0.86602539 0
vn 0.34202015 0.93969262 0
vn 0.50000000 0.86602539 0
vn 0.50000000 0.86602539 0
vn 0.50000000 0.86602539 0
vn 0.50000000 0.86602539 0
vn 0.50000000 0.86602539 0
vn 0.63974100 0.76859057 0
vn 0.64278764 0.76604444 0
vn 0.64278764 0.76604444 0
vn 0.64278764 0.76604444 0
vn 0.64278764 0.76604444 0
vn 0.63974100 0.76859057 0
vn 0.64278764 0.76604444 0
vn 0.76604444 0.64278764 0
vn 0.64278764 0.76604444 0
vn 0.76604444 0.64278764 0
vn 0.76604444 0.64278764 0
vn 0.76604444 0.64278764 0
vn 0.76604444 0.64278764 0
vn 0.86602539 0.50000000 0
vn 0.76859057 0.63974100 0
vn 0.76604444 0.64278764 0
vn 0.86602539 0.50000000 0
vn 0.86602539 0.50000000 0
vn 0.86602539 0.50000000 0
vn 0.86602539 0.50000000 0
vn 0.76859057 0.63974100 0
vn 0.93969262 0.34202015 0
vn 0.86602539 0.50000000 0
vn 0.93969262 0.34202015 0
vn 0.93969262 0.34202015 0
vn 0.93969262 0.34202015 0
vn 0.93969262 0.34202015 0
vn 0.98480773 0.17364818 0
vn 0.93969262 0.34202015 0
vn 0.98480773 0.17364818 0
vn 0.98480773 0.17364818 0
vn 0.98480773 0.17364818 0
vn 0.98480773 0.17364818 0
vn 0.98480773 0.17364818 0
vn -1 0 0
vn -1 0 0
vn -0.98480773 -0.17364818 0
vn -1 0 0
vn -0.98480773 -0.17364818 0
vn -1 0 0
vn -0.98480773 -0.17364818 0
vn -1 0 0
vn -0.98480773 -0.17364818 0
vn -1 0 0
vn -0.98480773 -0.17364818 0
vn -0.93969262 -0.34202015 0
vn -0.97918737 -0.20295832 0
vn -0.93969262 -0.34202015 0
vn -0.93969262 -0.34202015 0
vn -0.93969262 -0.34202015 0
vn -0.93969262 -0.34202015 0
vn -0.97918737 -0.20295832 0
vn -0.86602539 -0.50000000 0
vn -0.91372168 -0.40634060 0
vn -0.93969262 -0.34202015 0
vn -0.86602539 -0.50000000 0
vn -0.86602539 -0.50000000 0
vn -0.86602539 -0.50000000 0
vn -0.86602539 -0.50000000 0
vn -0.91372168 -0.40634060 0
vn -0.86602539 -0.50000000 0
vn -0.81266558 -0.58273035 0
vn -0.76604444 -0.64278764 0
vn -0.79329735 -0.60883439 0
vn -0.76604444 -0.64278764 0
vn -0.76604444 -0.64278764 0
vn -0.76604444 -0.64278764 0
vn -0.81266558 -0.58273035 0
vn -0.79329735 -0.60883439 0
vn -0.76604444 -0.64278764 0
vn -0.76604444 -0.64278764 0
vn -0.64278764 -0.76604444 0
vn -0.64278764 -0.76604444 0
vn -0.64278764 -0.76604444 0
vn -0.64278764 -0.76604444 0
vn -0.64278764 -0.76604444 0
vn -0.50000000 -0.86602539 0
vn -0.58273035 -0.81266558 0
vn -0.60883439 -0.79329735 0
vn -0.50000000 -0.86602539 0
vn -0.50000000 -0.86602539 0
vn -0.58273035 -0.81266558 0
vn -0.60883439 -0.79329735 0
vn -0.50000000 -0.86602539 0
vn -0.50000000 -0.86602539 0
vn -0.50000000 -0.86602539 0
vn -0.40634060 -0.91372168 0
vn -0.34202015 -0.93969262 0
vn -0.34202015 -0.93969262 0
vn -0.34202015 -0.93969262 0
vn -0.34202015 -0.93969262 0
vn -0.40634060 -0.91372168 0
vn -0.34202015 -0.93969262 0
vn -0.34202015 -0.93969262 0
vn -0.20295832 -0.97918737 0
vn -0.17364818 -0.98480773 0
vn -0.17364818 -0.98480773 0
vn -0.17364818 -0.98480773 0
vn -0.17364818 -0.98480773 0
vn -0.20295832 -0.97918737 0
vn -0.17364818 -0.98480773 0
vn -0.17364818 -0.98480773 0
vn -0.00000000 -1 0
vn -0.00000000 -1 0
vn -0.00000000 -1 0
vn -0.00000000 -1 0
vn -0.00000000 -1 0
vn 0.17364818 -0.98480773 0
vn 0.17364818 -0.98480773 0
vn 0.17364818 -0.98480773 0
vn 0.17364818 -0.98480773 0
vn -0.00000000 -1 0
vn 0.17364818 -0.98480773 0
vn 0.34202015 -0.93969262 0
vn 0.20295832 -0.97918737 0
vn 0.34202015 -0.93969262 0
vn 0.34202015 -0.93969262 0
vn 0.34202015 -0.93969262 0
vn 0.34202015 -0.93969262 0
vn 0.20295832 -0.97918737 0
vn 0.50000000 -0.86602539 0
vn 0.40634060 -0.91372168 0
vn 0.34202015 -0.93969262 0
vn 0.50000000 -0.86602539 0
vn 0.50000000 -0.86602539 0
vn 0.50000000 -0.86602539 0
vn 0.50000000 -0.86602539 0
vn 0.40634060 -0.91372168 0
vn 0.50000000 -0.86602539 0
vn 0.58273035 -0.81266558 0
vn 0.64278764 -0.76604444 0
vn 0.60883439 -0.79329735 0
vn 0.64278764 -0.76604444 0
vn 0.64278764 -0.76604444 0
vn 0.64278764 -0.76604444 0
vn 0.58273035 -0.81266558 0
vn 0.60883439 -0.79329735 0
vn 0.64278764 -0.76604444 0
vn 0.64278764 -0.76604444 0
vn 0.76604444 -0.64278764 0
vn 0.76604444 -0.64278764 0
vn 0.76604444 -0.64278764 0
vn 0.76604444 -0.64278764 0
vn 0.76604444 -0.64278764 0
vn 0.86602539 -0.50000000 0
vn 0.81266558 -0.58273035 0
vn 0.79329735 -0.60883439 0
vn 0.86602539 -0.50000000 0
vn 0.86602539 -0.50000000 0
vn 0.81266558 -0.58273035 0
vn 0.79329735 -0.60883439 0
vn 0.86602539 -0.50000000 0
vn 0.86602539 -0.50000000 0
vn 0.86602539 -0.50000000 0
vn 0.91372168 -0.40634060 0
vn 0.93969262 -0.34202015 0
vn 0.93969262 -0.34202015 0
vn 0.93969262 -0.34202015 0
vn 0.93969262 -0.34202015 0
vn 0.91372168 -0.40634060 0
vn 0.93969262 -0.34202015 0
vn 0.93969262 -0.34202015 0
vn 0.97918737 -0.20295832 0
vn 0.98480773 -0.17364818 0
vn 0.98480773 -0.17364818 0
vn 0.98480773 -0.17364818 0
vn 0.98480773 -0.17364818 0
vn 0.97918737 -0.20295832 0
vn 0.98480773 -0.17364818 0
vn 0.98480773 -0.17364818 0
vn 1 -0.00000000 0
vn 1 -0.00000000 0
vn 1 -0.00000000 0
vn 1 -0.00000000 0
vn 1 -0.00000000 0
vn 0.98480773 0.17364818 0
vn 0.98480773 0.17364818 0
vn 0.98480773 0.17364818 0
vn 0.98480773 0.17364818 0
vn 1 -0.00000000 0
vn 0.98480773 0.17364818 0
vn 0.93969262 0.34202015 0
vn 0.97918737 0.20295832 0
vn 0.93969262 0.34202015 0
vn 0.93969262 0.34202015 0
vn 0.93969262 0.34202015 0
vn 0.93969262 0.34202015 0
vn 0.97918737 0.20295832 0
vn 0.86602539 0.50000000 0
vn 0.91372168 0.40634060 0
vn 0.93969262 0.34202015 0
vn 0.86602539 0.50000000 0
vn 0.86602539 0.50000000 0
vn 0.86602539 0.50000000 0
vn 0.86602539 0.50000000 0
vn 0.91372168 0.40634060 0
vn 0.76604444 0.64278764 0
vn 0.81266558 0.58273035 0
vn 0.79329735 0.60883439 0
vn 0.86602539 0.50000000 0
vn 0.76604444 0.64278764 0
vn 0.76604444 0.64278764 0
vn 0.76604444 0.64278764 0
vn 0.81266558 0.58273035 0
vn 0.79329735 0.60883439 0
vn 0.76604444 0.64278764 0
vn 0.76604444 0.64278764 0
vn 0.64278764 0.76604444 0
vn 0.64278764 0.76604444 0
vn 0.64278764 0.76604444 0
vn 0.64278764 0.76604444 0
vn 0.64278764 0.76604444 0
vn 0.50000000 0.86602539 0
vn 0.58273035 0.81266558 0
vn 0.60883439 0.79329735 0
vn 0.50000000 0.86602539 0
vn 0.50000000 0.86602539 0
vn 0.58273035 0.81266558 0
vn 0.60883439 0.79329735 0
vn 0.50000000 0.86602539 0
vn 0.50000000 0.86602539 0
vn 0.50000000 0.86602539 0
vn 0.40634060 0.91372168 0
vn 0.34202015 0.93969262 0
vn 0.34202015 0.93969262 0
vn 0.34202015 0.93969262 0
vn 0.34202015 0.93969262 0
vn 0.40634060 0.91372168 0
vn 0.34202015 0.93969262 0
vn 0.34202015 0.93969262 0
vn 0.20295832 0.97918737 0
vn 0.17364818 0.98480773 0
vn 0.17364818 0.98480773 0
vn 0.17364818 0.98480773 0
vn 0.17364818 0.98480773 0
vn 0.20295832 0.97918737 0
vn 0.17364818 0.98480773 0
vn 0.17364818 0.98480773 0
vn 0.00000000 1 0
vn 0.00000000 1 0
vn 0.00000000 1 0
vn 0.00000000 1 0
vn 0.00000000 1 0
vn -0.17364818 0.98480773 0
vn -0.17364818 0.98480773 0
vn -0.17364818 0.98480773 0
vn -0.17364818 0.98480773 0
vn 0.00000000 1 0
vn -0.17364818 0.98480773 0
vn -0.34202015 0.93969262 0
vn -0.20295832 0.97918737 0
vn -0.34202015 0.93969262 0
vn -0.34202015 0.93969262 0
vn -0.34202015 0.93969262 0
vn -0.34202015 0.93969262 0
vn -0.20295832 0.97918737 0
vn -0.50000000 0.86602539 0
vn -0.40634060 0.91372168 0
vn -0.34202015 0.93969262 0
vn -0.50000000 0.86602539 0
vn -0.50000000 0.86602539 0
vn -0.50000000 0.86602539 0
vn -0.50000000 0.86602539 0
vn -0.40634060 0.91372168 0
vn -0.64278764 0.76604444 0
vn -0.58273035 0.81266558 0
vn -0.60883439 0.79329735 0
vn -0.50000000 0.86602539 0
vn -0.64278764 0.76604444 0
vn -0.64278764 0.76604444 0
vn -0.64278764 0.76604444 0
vn -0.58273035 0.81266558 0
vn -0.60883439 0.79329735 0
vn -0.64278764 0.76604444 0
vn -0.64278764 0.76604444 0
vn -0.76604444 0.64278764 0
vn -0.76604444 0.64278764 0
vn -0.76604444 0.64278764 0
vn -0.76604444 0.64278764 0
vn -0.76604444 0.64278764 0
vn -0.86602539 0.50000000 0
vn -0.81266558 0.58273035 0
vn -0.79329735 0.60883439 0
vn -0.86602539 0.50000000 0
vn -0.86602539 0.50000000 0
vn -0.81266558 0.58273035 0
vn -0.79329735 0.60883439 0
vn -0.86602539 0.50000000 0
vn -0.86602539 0.50000000 0
vn -0.86602539 0.50000000 0
vn -0.91372168 0.40634060 0
vn -0.93969262 0.34202015 0
vn -0.93969262 0.34202015 0
vn -0.93969262 0.34202015 0
vn -0.93969262 0.34202015 0
vn -0.91372168 0.40634060 0
vn -0.93969262 0.34202015 0
vn -0.93969262 0.34202015 0
vn -0.97918737 0.20295832 0
vn -0.98480773 0.17364818 0
vn -0.98480773 0.17364818 0
vn -0.98480773 0.17364818 0
vn -0.98480773 0.17364818 0
vn -0.97918737 0.20295832 0
vn -0.98480773 0.17364818 0
vn -0.98480773 0.17364818 0
vn -0.76604444 0.64278764 0
vn -0.17364818 0.98480773 0
vn 0.64278764 0.76604444 0
vn 0.98480773 0.17364818 0
vn 0.76604444 -0.64278764 0
vn 0.17364818 -0.98480773 0
vn -0.64278764 -0.76604444 0
vn -0.98480773 -0.17364818 0
vn 0 0 1
vn 0 0 1
vn 0 0 1
vn 0 0 1
vn 0 0 1
vn 0 0 1
vn 0 0 1
vn 0 0 1
vn 0 0 1
vn 0 0 1
vn 0 0 1
vn 0 0 1
vn 0 0 1
vn 0 0 1
vn 0 0 1
vn 0 0 1
vn 0 0 1
vn 0 0 1
vn 0 0 1
vn 0 0 1
vn 0 0 1
vn 0 0 1
vn 0 0 1
vn 0 0 1
vn 0 0 1
vn 0 0 1
vn 0 0 1
vn 0 0 1
vn 0 0 1
vn 0 0 1
vn 0 0 1
vn 0 0 1
vn 0 0 1
vn 0 0 1
vn 0 0 1
vn 0 0 1
vn 0 0 1
vn 0 0 1
vn 0 0 1
vn 0 0 1
vn 0 0 1
vn 0 0 1
vn 0 0 1
vn 0 0 1
vn 0 0 1
vn 0 0 1
vn 0 0 1
vn 0 0 1
vn 0 0 1
vn 0 0 1
vn 0 0 1
vn 0 0 1
vn 0 0 1
vn 0 0 1
vn 0 0 1
vn 0 0 1
vn 0 0 1
vn 0 0 1
vn 0 0 1
vn 0 0 1
vn 0 0 1
vn 0 0 1
vn 0 0 1
vn 0 0 1
vn 0 0 1
vn 0 0 1
vn 0 0 1
vn 0 0 1
vn 0 0 1
vn 0 0 1
vn 0 0 1
vn 0 0 1
vn 0 0 1
vn 0 0 1
vn 0 0 1
vn 0 0 1
vn 0 0 1
vn 0 0 1
vn 0 0 1
vn 0 0 1
vn 0 0 1
vn 0 0 1
vn 0 0 1
vn 0 0 1
vn 0 0 1
vn 0 0 1
vn 0 0 1
vn 0 0 1
vn 0 0 1
vn 0 0 1
vn 0 0 1
vn 0 0 1
vn 0 0 1
vn 0 0 1
vn 0 0 1
vn 0 0 1
vn 0 0 1
vn 0 0 1
vn 0 0 1
vn 0 0 1
vn 0 0 1
vn 0 0 1
vn 0 0 1
vn 0 0 1
vn 0 0 1
vn 0 0 1
vn 0 0 1
vn 0 0 1
vn 0 0 1
vn 0 0 1
vn 0 0 1
vn 0 0 1
vn 0 0 1
vn 0 0 1
vn 0 0 1
vn 0 0 1
vn 0 0 1
vn 0 0 1
vn 0 0 1
vn 0 0 1
vn 0 0 1
vn 0 0 1
vn 0 0 1
vn 0 0 1
vn 0 0 1
vn 0 0 1
vn 0 0 1
vn 0 0 1
vn 0 0 1
vn 0 0 1
vn 0 0 1
vn 0 0 1
vn 0 0 1
vn 0 0 1
vn 0 0 1
vn 0 0 1
vn 0 0 1
vn 0 0 1
vn 0 0 1
vn 0 0 1
vn 0 0 1
vn 0 0 1
vn 0 0 1
vn 0 0 1
vn 0 0 1
vn 0 0 1
vn 0 0 1
vn 0 0 1
vn 0 0 1
vn 0 0 1
vn 0 0 1
vn 0 0 1
f 1/1/1 2/2/2 3/3/3
f 4/4/4 5/5/5 2/2/2
f 6/6/6 7/7/7 5/5/5
f 8/8/8 9/9/9 7/7/7
f 10/10/10 11/11/11 9/9/9
f 12/12/12 1/1/1 13/13/13
f 14/14/14 4/4/4 1/1/1
f 15/15/15 6/6/6 4/4/4
f 16/16/16 8/8/8 6/6/6
f 17/17/17 10/10/10 8/8/8
f 18/18/18 12/12/12 19/19/19
f 20/20/20 14/14/14 12/12/12
f 21/21/21 15/15/15 14/14/14
f 22/22/22 16/16/16 15/15/15
f 23/23/23 17/17/17 16/16/16
f 24/24/24 18/18/18 25/25/25
f 26/26/26 20/20/20 18/18/18
f 27/27/27 21/21/21 20/20/20
f 28/28/28 22/22/22 21/21/21
f 29/29/29 23/23/23 22/22/22
f 30/30/30 24/24/24 31/31/31
f 32/32/32 26/26/26 24/24/24
f 33/33/33 27/27/27 26/26/26
f 34/34/34 28/28/28 27/27/27
f 35/35/35 29/29/29 28/28/28
f 36/36/36 30/30/30 37/37/37
f 38/38/38 32/32/32 30/30/30
f 39/39/39 33/33/33 32/32/32
f 40/40/40 34/34/34 33/33/33
f 41/41/41 35/35/35 34/34/34
f 42/42/42 36/36/36 43/43/43
f 44/44/44 38/38/38 36/36/36
f 45/45/45 39/39/39 38/38/38
f 46/46/46 40/40/40 39/39/39
f 47/47/47 41/41/41 40/40/40
f 48/48/48 42/42/42 49/49/49
f 50/50/50 44/44/44 42/42/42
f 51/51/51 45/45/45 44/44/44
f 52/52/52 46/46/46 45/45/45
f 53/53/53 47/47/47 46/46/46
f 54/54/54 48/48/48 55/55/55
f 56/56/56 50/50/50 48/48/48
f 57/57/57 51/51/51 50/50/50
f 58/58/58 52/52/52 51/51/51
f 59/59/59 53/53/53 52/52/52
f 60/60/60 54/54/54 61/61/61
f 62/62/62 56/56/56 54/54/54
f 63/63/63 57/57/57 56/56/56
f 64/64/64 58/58/58 57/57/57
f 65/65/65 59/59/59 58/58/58
f 66/66/66 60/60/60 67/67/67
f 68/68/68 62/62/62 60/60/60
f 69/69/69 63/63/63 62/62/62
f 70/70/70 64/64/64 63/63/63
f 71/71/71 65/65/65 64/64/64
f 72/72/72 66/66/66 73/73/73
f 74/74/74 68/68/68 66/66/66
f 75/75/75 69/69/69 68/68/68
f 76/76/76 70/70/70 69/69/69
f 77/77/77 71/71/71 70/70/70
f 78/78/78 72/72/72 79/79/79
f 80/80/80 74/74/74 72/72/72
f 81/81/81 75/75/75 74/74/74
f 82/82/82 76/76/76 75/75/75
f 83/83/83 77/77/77 76/76/76
f 84/84/84 78/78/78 85/85/85
f 86/86/86 80/80/80 78/78/78
f 87/87/87 81/81/81 80/80/80
f 88/88/88 82/82/82 81/81/81
f 89/89/89 83/83/83 82/82/82
f 90/90/90 84/84/84 91/91/91
f 92/92/92 86/86/86 84/84/84
f 93/93/93 87/87/87 86/86/86
f 94/94/94 88/88/88 87/87/87
f 95/95/95 89/89/89 88/88/88
f 96/96/96 90/90/90 97/97/97
f 98/98/98 92/92/92 90/90/90
f 99/99/99 93/93/93 92/92/92
f 100/100/100 94/94/94 93/93/93
f 101/101/101 95/95/95 94/94/94
f 102/102/102 96/96/96 103/103/103
f 104/104/104 98/98/98 96/96/96
f 105/105/105 99/99/99 98/98/98
f 106/106/106 100/100/100 99/99/99
f 107/107/107 101/101/101 100/100/100
f 108/108/108 102/102/102 109/109/109
f 110/110/110 104/104/104 102/102/102
f 111/111/111 105/105/105 104/104/104
f 112/112/112 106/106/106 105/105/105
f 113/113/113 107/107/107 106/106/106
f 114/114/114 108/108/108 115/115/115
f 116/116/116 110/110/110 108/108/108
f 117/117/117 111/111/111 110/110/110
f 118/118/118 112/112/112 111/111/111
f 119/119/119 113/113/113 112/112/112
f 120/120/120 114/114/114 121/121/121
f 122/122/122 116/116/116 114/114/114
f 123/123/123 117/117/117 116/116/116
f 124/124/124 118/118/118 117/117/117
f 125/125/125 119/119/119 118/118/118
f 126/126/126 120/120/120 127/127/127
f 128/128/128 122/122/122 120/120/120
f 129/129/129 123/123/123 122/122/122
f 130/130/130 124/124/124 123/123/123
f 131/131/131 125/125/125 124/124/124
f 132/132/132 126/126/126 133/133/133
f 134/134/134 128/128/128 126/126/126
f 135/135/135 129/129/129 128/128/128
f 136/136/136 130/130/130 129/129/129
f 137/137/137 131/131/131 130/130/130
f 138/138/138 132/132/132 139/139/139
f 140/140/140 134/134/134 132/132/132
f 141/141/141 135/135/135 134/134/134
f 142/142/142 136/136/136 135/135/135
f 143/143/143 137/137/137 136/136/136
f 144/144/144 138/138/138 145/145/145
f 146/146/146 140/140/140 138/138/138
f 147/147/147 141/141/141 140/140/140
f 148/148/148 142/142/142 141/141/141
f 149/149/149 143/143/143 142/142/142
f 150/150/150 144/144/144 151/151/151
f 152/152/152 146/146/146 144/144/144
f 153/153/153 147/147/147 146/146/146
f 154/154/154 148/148/148 147/147/147
f 155/155/155 149/149/149 148/148/148
f 156/156/156 150/150/150 157/157/157
f 158/158/158 152/152/152 150/150/150
f 159/159/159 153/153/153 152/152/152
f 160/160/160 154/154/154 153/153/153
f 161/161/161 155/155/155 154/154/154
f 162/162/162 156/156/156 163/163/163
f 164/164/164 158/158/158 156/156/156
f 165/165/165 159/159/159 158/158/158
f 166/166/166 160/160/160 159/159/159
f 167/167/167 161/161/161 160/160/160
f 168/168/168 162/162/162 169/169/169
f 170/170/170 164/164/164 162/162/162
f 171/171/171 165/165/165 164/164/164
f 172/172/172 166/166/166 165/165/165
f 173/173/173 167/167/167 166/166/166
f 174/174/174 168/168/168 175/175/175
f 176/176/176 170/170/170 168/168/168
f 177/177/177 171/171/171 170/170/170
f 178/178/178 172/172/172 171/171/171
f 179/179/179 173/173/173 172/172/172
f 180/180/180 174/174/174 181/181/181
f 182/182/182 176/176/176 174/174/174
f 183/183/183 177/177/177 176/176/176
f 184/184/184 178/178/178 177/177/177
f 185/185/185 179/179/179 178/178/178
f 186/186/186 180/180/180 187/187/187
f 188/188/188 182/182/182 180/180/180
f 189/189/189 183/183/183 182/182/182
f 190/190/190 184/184/184 183/183/183
f 191/191/191 185/185/185 184/184/184
f 192/192/192 186/186/186 193/193/193
f 194/194/194 188/188/188 186/186/186
f 195/195/195 189/189/189 188/188/188
f 196/196/196 190/190/190 189/189/189
f 197/197/197 191/191/191 190/190/190
f 198/198/198 192/192/192 199/199/199
f 200/200/200 194/194/194 192/192/192
f 201/201/201 195/195/195 194/194/194
f 202/202/202 196/196/196 195/195/195
f 203/203/203 197/197/197 196/196/196
f 204/204/204 198/198/198 205/205/205
f 206/206/206 200/200/200 198/198/198
f 207/207/207 201/201/201 200/200/200
f 208/208/208 202/202/202 201/201/201
f 209/209/209 203/203/203 202/202/202
f 210/210/210 204/204/204 211/211/211
f 212/212/212 206/206/206 204/204/204
f 213/213/213 207/207/207 206/206/206
f 214/214/214 208/208/208 207/207/207
f 215/215/215 209/209/209 208/208/208
f 2/2/2 210/210/210 216/216/216
f 5/5/5 212/212/212 210/210/210
f 7/7/7 213/213/213 212/212/212
f 9/9/9 214/214/214 213/213/213
f 11/11/11 215/215/215 214/214/214
f 214/214/214 9/9/9 11/11/11
f 213/213/213 7/7/7 9/9/9
f 212/212/212 5/5/5 7/7/7
f 210/210/210 2/2/2 5/5/5
f 216/216/216 3/3/3 2/2/2
f 208/208/208 214/214/214 215/215/215
f 207/207/207 213/213/213 214/214/214
f 206/206/206 212/212/212 213/213/213
f 204/204/204 210/210/210 212/212/212
f 211/211/211 216/216/216 210/210/210
f 202/202/202 208/208/208 209/209/209
f 201/201/201 207/207/207 208/208/208
f 200/200/200 206/206/206 207/207/207
f 198/198/198 204/204/204 206/206/206
f 205/205/205 211/211/211 204/204/204
f 196/196/196 202/202/202 203/203/203
f 195/195/195 201/201/201 202/202/202
f 194/194/194 200/200/200 201/201/201
f 192/192/192 198/198/198 200/200/200
f 199/199/199 205/205/205 198/198/198
f 190/190/190 196/196/196 197/197/197
f 189/189/189 195/195/195 196/196/196
f 188/188/188 194/194/194 195/195/195
f 186/186/186 192/192/192 194/194/194
f 193/193/193 199/199/199 192/192/192
f 184/184/184 190/190/190 191/191/191
f 183/183/183 189/189/189 190/190/190
f 182/182/182 188/188/188 189/189/189
f 180/180/180 186/186/186 188/188/188
f 187/187/187 193/193/193 186/186/186
f 178/178/178 184/184/184 185/185/185
f 177/177/177 183/183/183 184/184/184
f 176/176/176 182/182/182 183/183/183
f 174/174/174 180/180/180 182/182/182
f 181/181/181 187/187/187 180/180/180
f 172/172/172 178/178/178 179/179/179
f 171/171/171 177/177/177 178/178/178
f 170/170/170 176/176/176 177/177/177
f 168/168/168 174/174/174 176/176/176
f 175/175/175 181/181/181 174/174/174
f 166/166/166 172/172/172 173/173/173
f 165/165/165 171/171/171 172/172/172
f 164/164/164 170/170/170 171/171/171
f 162/162/162 168/168/168 170/170/170
f 169/169/169 175/175/175 168/168/168
f 160/160/160 166/166/166 167/167/167
f 159/159/159 165/165/165 166/166/166
f 158/158/158 164/164/164 165/165/165
f 156/156/156 162/162/162 164/164/164
f 163/163/163 169/169/169 162/162/162
f 154/154/154 160/160/160 161/161/161
f 153/153/153 159/159/159 160/160/160
f 152/152/152 158/158/158 159/159/159
f 150/150/150 156/156/156 158/158/158
f 157/157/157 163/163/163 156/156/156
f 148/148/148 154/154/154 155/155/155
f 147/147/147 153/153/153 154/154/154
f 146/146/146 152/152/152 153/153/153
f 144/144/144 150/150/150 152/152/152
f 151/151/151 157/157/157 150/150/150
f 142/142/142 148/148/148 149/149/149
f 141/141/141 147/147/147 148/148/148
f 140/140/140 146/146/146 147/147/147
f 138/138/138 144/144/144 146/146/146
f 145/145/145 151/151/151 144/144/144
f 136/136/136 142/142/142 143/143/143
f 135/135/135 141/141/141 142/142/142
f 134/134/134 140/140/140 141/141/141
f 132/132/132 138/138/138 140/140/140
f 139/139/139 145/145/145 138/138/138
f 130/130/130 136/136/136 137/137/137
f 129/129/129 135/135/135 136/136/136
f 128/128/128 134/134/134 135/135/135
f 126/126/126 132/132/132 134/134/134
f 133/133/133 139/139/139 132/132/132
f 124/124/124 130/130/130 131/131/131
f 123/123/123 129/129/129 130/130/130
f 122/122/122 128/128/128 129/129/129
f 120/120/120 126/126/126 128/128/128
f 127/127/127 133/133/133 126/126/126
f 118/118/118 124/124/124 125/125/125
f 117/117/117 123/123/123 124/124/124
f 116/116/116 122/122/122 123/123/123
f 114/114/114 120/120/120 122/122/122
f 121/121/121 127/127/127 120/120/120
f 112/112/112 118/118/118 119/119/119
f 111/111/111 117/117/117 118/118/118
f 110/110/110 116/116/116 117/117/117
f 108/108/108 114/114/114 116/116/116
f 115/115/115 121/121/121 114/114/114
f 106/106/106 112/112/112 113/113/113
f 105/105/105 111/111/111 112/112/112
f 104/104/104 110/110/110 111/111/111
f 102/102/102 108/108/108 110/110/110
f 109/109/109 115/115/115 108/108/108
f 100/100/100 106/106/106 107/107/107
f 99/99/99 105/105/105 106/106/106
f 98/98/98 104/104/104 105/105/105
f 96/96/96 102/102/102 104/104/104
f 103/103/103 109/109/109 102/102/102
f 94/94/94 100/100/100 101/101/101
f 93/93/93 99/99/99 100/100/100
f 92/92/92 98/98/98 99/99/99
f 90/90/90 96/96/96 98/98/98
f 97/97/97 103/103/103 96/96/96
f 88/88/88 94/94/94 95/95/95
f 87/87/87 93/93/93 94/94/94
f 86/86/86 92/92/92 93/93/93
f 84/84/84 90/90/90 92/92/92
f 91/91/91 97/97/97 90/90/90
f 82/82/82 88/88/88 89/89/89
f 81/81/81 87/87/87 88/88/88
f 80/80/80 86/86/86 87/87/87
f 78/78/78 84/84/84 86/86/86
f 85/85/85 91/91/91 84/84/84
f 76/76/76 82/82/82 83/83/83
f 75/75/75 81/81/81 82/82/82
f 74/74/74 80/80/80 81/81/81
f 72/72/72 78/78/78 80/80/80
f 79/79/79 85/85/85 78/78/78
f 70/70/70 76/76/76 77/77/77
f 69/69/69 75/75/75 76/76/76
f 68/68/68 74/74/74 75/75/75
f 66/66/66 72/72/72 74/74/74
f 73/73/73 79/79/79 72/72/72
f 64/64/64 70/70/70 71/71/71
f 63/63/63 69/69/69 70/70/70
f 62/62/62 68/68/68 69/69/69
f 60/60/60 66/66/66 68/68/68
f 67/67/67 73/73/73 66/66/66
f 58/58/58 64/64/64 65/65/65
f 57/57/57 63/63/63 64/64/64
f 56/56/56 62/62/62 63/63/63
f 54/54/54 60/60/60 62/62/62
f 61/61/61 67/67/67 60/60/60
f 52/52/52 58/58/58 59/59/59
f 51/51/51 57/57/57 58/58/58
f 50/50/50 56/56/56 57/57/57
f 48/48/48 54/54/54 56/56/56
f 55/55/55 61/61/61 54/54/54
f 46/46/46 52/52/52 53/53/53
f 45/45/45 51/51/51 52/52/52
f 44/44/44 50/50/50 51/51/51
f 42/42/42 48/48/48 50/50/50
f 49/49/49 55/55/55 48/48/48
f 40/40/40 46/46/46 47/47/47
f 39/39/39 45/45/45 46/46/46
f 38/38/38 44/44/44 45/45/45
f 36/36/36 42/42/42 44/44/44
f 43/43/43 49/49/49 42/42/42
f 34/34/34 40/40/40 41/41/41
f 33/33/33 39/39/39 40/40/40
f 32/32/32 38/38/38 39/39/39
f 30/30/30 36/36/36 38/38/38
f 37/37/37 43/43/43 36/36/36
f 28/28/28 34/34/34 35/35/35
f 27/27/27 33/33/33 34/34/34
f 26/26/26 32/32/32 33/33/33
f 24/24/24 30/30/30 32/32/32
f 31/31/31 37/37/37 30/30/30
f 22/22/22 28/28/28 29/29/29
f 21/21/21 27/27/27 28/28/28
f 20/20/20 26/26/26 27/27/27
f 18/18/18 24/24/24 26/26/26
f 25/25/25 31/31/31 24/24/24
f 16/16/16 22/22/22 23/23/23
f 15/15/15 21/21/21 22/22/22
f 14/14/14 20/20/20 21/21/21
f 12/12/12 18/18/18 20/20/20
f 19/19/19 25/25/25 18/18/18
f 8/8/8 16/16/16 17/17/17
f 6/6/6 15/15/15 16/16/16
f 4/4/4 14/14/14 15/15/15
f 1/1/1 12/12/12 14/14/14
f 13/13/13 19/19/19 12/12/12
f 9/9/9 8/8/8 10/10/10
f 7/7/7 6/6/6 8/8/8
f 5/5/5 4/4/4 6/6/6
f 2/2/2 1/1/1 4/4/4
f 3/3/3 13/13/13 1/1/1
f 217/217/217 218/218/218 219/219/219
f 220/220/220 219/219/219 221/221/221
f 222/222/222 221/221/221 223/223/223
f 224/224/224 223/223/223 225/225/225
f 226/226/226 225/225/225 227/227/227
f 228/228/228 227/227/227 229/229/229
f 230/230/230 229/229/229 231/231/231
f 232/232/232 231/231/231 233/233/233
f 234/234/234 233/233/233 235/235/235
f 236/236/236 235/235/235 237/237/237
f 238/238/238 237/237/237 239/239/239
f 240/240/240 239/239/239 241/241/241
f 242/242/242 241/241/241 243/243/243
f 244/244/244 243/243/243 245/245/245
f 246/246/246 245/245/245 247/247/247
f 248/248/248 247/247/247 249/249/249
f 250/250/250 249/249/249 251/251/251
f 252/252/252 251/251/251 253/253/253
f 254/254/254 253/253/253 255/255/255
f 256/256/256 255/255/255 257/257/257
f 258/258/258 257/257/257 259/259/259
f 260/260/260 259/259/259 261/261/261
f 262/262/262 261/261/261 263/263/263
f 264/264/264 263/263/263 265/265/265
f 266/266/266 265/265/265 267/267/267
f 268/268/268 267/267/267 269/269/269
f 270/270/270 269/269/269 271/271/271
f 272/272/272 271/271/271 273/273/273
f 274/274/274 273/273/273 275/275/275
f 276/276/276 275/275/275 277/277/277
f 278/278/278 277/277/277 279/279/279
f 280/280/280 279/279/279 281/281/281
f 282/282/282 281/281/281 283/283/283
f 284/284/284 283/283/283 285/285/285
f 286/286/286 285/285/285 287/287/287
f 288/288/288 287/287/287 218/218/218
f 289/289/289 217/217/217 220/220/220
f 290/290/290 220/220/220 222/222/222
f 291/291/291 222/222/222 224/224/224
f 292/292/292 224/224/224 226/226/226
f 293/293/293 226/226/226 228/228/228
f 294/294/294 228/228/228 230/230/230
f 295/295/295 230/230/230 232/232/232
f 296/296/296 232/232/232 234/234/234
f 297/297/297 234/234/234 236/236/236
f 298/298/298 236/236/236 238/238/238
f 299/299/299 238/238/238 240/240/240
f 300/300/300 240/240/240 242/242/242
f 301/301/301 242/242/242 244/244/244
f 302/302/302 244/244/244 246/246/246
f 303/303/303 246/246/246 248/248/248
f 304/304/304 248/248/248 250/250/250
f 305/305/305 250/250/250 252/252/252
f 306/306/306 252/252/252 254/254/254
f 307/307/307 254/254/254 256/256/256
f 308/308/308 256/256/256 258/258/258
f 309/309/309 258/258/258 260/260/260
f 310/310/310 260/260/260 262/262/262
f 311/311/311 262/262/262 264/264/264
f 312/312/312 264/264/264 266/266/266
f 313/313/313 266/266/266 268/268/268
f 314/314/314 268/268/268 270/270/270
f 315/315/315 270/270/270 272/272/272
f 316/316/316 272/272/272 274/274/274
f 317/317/317 274/274/274 276/276/276
f 318/318/318 276/276/276 278/278/278
f 319/319/319 278/278/278 280/280/280
f 320/320/320 280/280/280 282/282/282
f 321/321/321 282/282/282 284/284/284
f 322/322/322 284/284/284 286/286/286
f 323/323/323 286/286/286 288/288/288
f 324/324/324 288/288/288 217/217/217
f 325/325/325 289/289/289 290/290/290
f 326/326/326 290/290/290 291/291/291
f 327/327/327 291/291/291 292/292/292
f 328/328/328 292/292/292 293/293/293
f 329/329/329 293/293/293 294/294/294
f 330/330/330 294/294/294 295/295/295
f 331/331/331 295/295/295 296/296/296
f 332/332/332 296/296/296 297/297/297
f 333/333/333 297/297/297 298/298/298
f 334/334/334 298/298/298 299/299/299
f 335/335/335 299/299/299 300/300/300
f 336/336/336 300/300/300 301/301/301
f 337/337/337 301/301/301 302/302/302
f 338/338/338 302/302/302 303/303/303
f 339/339/339 303/303/303 304/304/304
f 340/340/340 304/304/304 305/305/305
f 341/341/341 305/305/305 306/306/306
f 342/342/342 306/306/306 307/307/307
f 343/343/343 307/307/307 308/308/308
f 344/344/344 308/308/308 309/309/309
f 345/345/345 309/309/309 310/310/310
f 346/346/346 310/310/310 311/311/311
f 347/347/347 311/311/311 312/312/312
f 348/348/348 312/312/312 313/313/313
f 349/349/349 313/313/313 314/314/314
f 350/350/350 314/314/314 315/315/315
f 351/351/351 315/315/315 316/316/316
f 352/352/352 316/316/316 317/317/317
f 353/353/353 317/317/317 318/318/318
f 354/354/354 318/318/318 319/319/319
f 355/355/355 319/319/319 320/320/320
f 356/356/356 320/320/320 321/321/321
f 357/357/357 321/321/321 322/322/322
f 358/358/358 322/322/322 323/323/323
f 359/359/359 323/323/323 324/324/324
f 360/360/360 324/324/324 289/289/289
f 361/361/361 325/325/325 326/326/326
f 362/362/362 326/326/326 327/327/327
f 363/363/363 327/327/327 328/328/328
f 364/364/364 328/328/328 329/329/329
f 365/365/365 329/329/329 330/330/330
f 366/366/366 330/330/330 331/331/331
f 367/367/367 331/331/331 332/332/332
f 368/368/368 332/332/332 333/333/333
f 369/369/369 333/333/333 334/334/334
f 370/370/370 334/334/334 335/335/335
f 371/371/371 335/335/335 336/336/336
f 372/372/372 336/336/336 337/337/337
f 373/373/373 337/337/337 338/338/338
f 374/374/374 338/338/338 339/339/339
f 375/375/375 339/339/339 340/340/340
f 376/376/376 340/340/340 341/341/341
f 377/377/377 341/341/341 342/342/342
f 378/378/378 342/342/342 343/343/343
f 379/379/379 343/343/343 344/344/344
f 380/380/380 344/344/344 345/345/345
f 381/381/381 345/345/345 346/346/346
f 382/382/382 346/346/346 347/347/347
f 383/383/383 347/347/347 348/348/348
f 384/384/384 348/348/348 349/349/349
f 385/385/385 349/349/349 350/350/350
f 386/386/386 350/350/350 351/351/351
f 387/387/387 351/351/351 352/352/352
f 388/388/388 352/352/352 353/353/353
f 389/389/389 353/353/353 354/354/354
f 390/390/390 354/354/354 355/355/355
f 391/391/391 355/355/355 356/356/356
f 392/392/392 356/356/356 357/357/357
f 393/393/393 357/357/357 358/358/358
f 394/394/394 358/358/358 359/359/359
f 395/395/395 359/359/359 360/360/360
f 396/396/396 360/360/360 325/325/325
f 397/397/397 361/361/361 362/362/362
f 398/398/398 362/362/362 363/363/363
f 399/399/399 363/363/363 364/364/364
f 400/400/400 364/364/364 365/365/365
f 401/401/401 365/365/365 366/366/366
f 402/402/402 366/366/366 367/367/367
f 403/403/403 367/367/367 368/368/368
f 404/404/404 368/368/368 369/369/369
f 405/405/405 369/369/369 370/370/370
f 406/406/406 370/370/370 371/371/371
f 407/407/407 371/371/371 372/372/372
f 408/408/408 372/372/372 373/373/373
f 409/409/409 373/373/373 374/374/374
f 410/410/410 374/374/374 375/375/375
f 411/411/411 375/375/375 376/376/376
f 412/412/412 376/376/376 377/377/377
f 413/413/413 377/377/377 378/378/378
f 414/414/414 378/378/378 379/379/379
f 415/415/415 379/379/379 380/380/380
f 416/416/416 380/380/380 381/381/381
f 417/417/417 381/381/381 382/382/382
f 418/418/418 382/382/382 383/383/383
f 419/419/419 383/383/383 384/384/384
f 420/420/420 384/384/384 385/385/385
f 421/421/421 385/385/385 386/386/386
f 422/422/422 386/386/386 387/387/387
f 423/423/423 387/387/387 388/388/388
f 424/424/424 388/388/388 389/389/389
f 425/425/425 389/389/389 390/390/390
f 426/426/426 390/390/390 391/391/391
f 427/427/427 391/391/391 392/392/392
f 428/428/428 392/392/392 393/393/393
f 429/429/429 393/393/393 394/394/394
f 430/430/430 394/394/394 395/395/395
f 431/431/431 395/395/395 396/396/396
f 432/432/432 396/396/396 361/361/361
f 433/433/433 397/397/397 398/398/398
f 434/434/434 398/398/398 399/399/399
f 435/435/435 399/399/399 400/400/400
f 436/436/436 400/400/400 401/401/401
f 437/437/437 401/401/401 402/402/402
f 438/438/438 402/402/402 403/403/403
f 439/439/439 403/403/403 404/404/404
f 440/440/440 404/404/404 405/405/405
f 441/441/441 405/405/405 406/406/406
f 442/442/442 406/406/406 407/407/407
f 443/443/443 407/407/407 408/408/408
f 444/444/444 408/408/408 409/409/409
f 445/445/445 409/409/409 410/410/410
f 446/446/446 410/410/410 411/411/411
f 447/447/447 411/411/411 412/412/412
f 448/448/448 412/412/412 413/413/413
f 449/449/449 413/413/413 414/414/414
f 450/450/450 414/414/414 415/415/415
f 451/451/451 415/415/415 416/416/416
f 452/452/452 416/416/416 417/417/417
f 453/453/453 417/417/417 418/418/418
f 454/454/454 418/418/418 419/419/419
f 455/455/455 419/419/419 420/420/420
f 456/456/456 420/420/420 421/421/421
f 457/457/457 421/421/421 422/422/422
f 458/458/458 422/422/422 423/423/423
f 459/459/459 423/423/423 424/424/424
f 460/460/460 424/424/424 425/425/425
f 461/461/461 425/425/425 426/426/426
f 462/462/462 426/426/426 427/427/427
f 463/463/463 427/427/427 428/428/428
f 464/464/464 428/428/428 429/429/429
f 465/465/465 429/429/429 430/430/430
f 466/466/466 430/430/430 431/431/431
f 467/467/467 431/431/431 432/432/432
f 468/468/468 432/432/432 397/397/397
f 469/469/469 433/433/433 434/434/434
f 470/470/470 434/434/434 435/435/435
f 471/471/471 435/435/435 436/436/436
f 472/472/472 436/436/436 437/437/437
f 473/473/473 437/437/437 438/438/438
f 474/474/474 438/438/438 439/439/439
f 475/475/475 439/439/439 440/440/440
f 476/476/476 440/440/440 441/441/441
f 477/477/477 441/441/441 442/442/442
f 478/478/478 442/442/442 443/443/443
f 479/479/479 443/443/443 444/444/444
f 480/480/480 444/444/444 445/445/445
f 481/481/481 445/445/445 446/446/446
f 482/482/482 446/446/446 447/447/447
f 483/483/483 447/447/447 448/448/448
f 484/484/484 448/448/448 449/449/449
f 485/485/485 449/449/449 450/450/450
f 486/486/486 450/450/450 451/451/451
f 487/487/487 451/451/451 452/452/452
f 488/488/488 452/452/452 453/453/453
f 489/489/489 453/453/453 454/454/454
f 490/490/490 454/454/454 455/455/455
f 491/491/491 455/455/455 456/456/456
f 492/492/492 456/456/456 457/457/457
f 493/493/493 457/457/457 458/458/458
f 494/494/494 458/458/458 459/459/459
f 495/495/495 459/459/459 460/460/460
f 496/496/496 460/460/460 461/461/461
f 497/497/497 461/461/461 462/462/462
f 498/498/498 462/462/462 463/463/463
f 499/499/499 463/463/463 464/464/464
f 500/500/500 464/464/464 465/465/465
f 501/501/501 465/465/465 466/466/466
f 502/502/502 466/466/466 467/467/467
f 503/503/503 467/467/467 468/468/468
f 504/504/504 468/468/468 433/433/433
f 505/505/505 469/469/469 470/470/470
f 506/506/506 470/470/470 471/471/471
f 507/507/507 471/471/471 472/472/472
f 508/508/508 472/472/472 473/473/473
f 509/509/509 473/473/473 474/474/474
f 510/510/510 474/474/474 475/475/475
f 511/511/511 475/475/475 476/476/476
f 512/512/512 476/476/476 477/477/477
f 513/513/513 477/477/477 478/478/478
f 514/514/514 478/478/478 479/479/479
f 515/515/515 479/479/479 480/480/480
f 516/516/516 480/480/480 481/481/481
f 517/517/517 481/481/481 482/482/482
f 518/518/518 482/482/482 483/483/483
f 519/519/519 483/483/483 484/484/484
f 520/520/520 484/484/484 485/485/485
f 521/521/521 485/485/485 486/486/486
f 522/522/522 486/486/486 487/487/487
f 523/523/523 487/487/487 488/488/488
f 524/524/524 488/488/488 489/489/489
f 525/525/525 489/489/489 490/490/490
f 526/526/526 490/490/490 491/491/491
f 527/527/527 491/491/491 492/492/492
f 528/528/528 492/492/492 493/493/493
f 529/529/529 493/493/493 494/494/494
f 530/530/530 494/494/494 495/495/495
f 531/531/531 495/495/495 496/496/496
f 532/532/532 496/496/496 497/497/497
f 533/533/533 497/497/497 498/498/498
f 534/534/534 498/498/498 499/499/499
f 535/535/535 499/499/499 500/500/500
f 536/536/536 500/500/500 501/501/501
f 537/537/537 501/501/501 502/502/502
f 538/538/538 502/502/502 503/503/503
f 539/539/539 503/503/503 504/504/504
f 540/540/540 504/504/504 469/469/469
f 541/541/541 522/522/522 523/523/523
f 542/542/542 521/521/521 522/522/522
f 543/543/543 520/520/520 521/521/521
f 520/520/520 543/543/543 544/544/544
f 544/544/544 519/519/519 520/520/520
f 545/545/545 518/518/518 519/519/519
f 517/517/517 518/518/518 546/546/546
f 518/518/518 545/545/545 546/546/546
f 547/547/547 516/516/516 517/517/517
f 548/548/548 515/515/515 516/516/516
f 549/549/549 514/514/514 515/515/515
f 550/550/550 513/513/513 514/514/514
f 551/551/551 512/512/512 513/513/513
f 552/552/552 511/511/511 512/512/512
f 511/511/511 552/552/552 553/553/553
f 553/553/553 510/510/510 511/511/511
f 554/554/554 509/509/509 510/510/510
f 508/508/508 509/509/509 555/555/555
f 509/509/509 554/554/554 555/555/555
f 556/556/556 507/507/507 508/508/508
f 557/557/557 506/506/506 507/507/507
f 558/558/558 505/505/505 506/506/506
f 559/559/559 540/540/540 505/505/505
f 560/560/560 539/539/539 540/540/540
f 561/561/561 538/538/538 539/539/539
f 538/538/538 561/561/561 562/562/562
f 562/562/562 537/537/537 538/538/538
f 563/563/563 536/536/536 537/537/537
f 535/535/535 536/536/536 564/564/564
f 536/536/536 563/563/563 564/564/564
f 565/565/565 534/534/534 535/535/535
f 566/566/566 533/533/533 534/534/534
f 567/567/567 532/532/532 533/533/533
f 568/568/568 531/531/531 532/532/532
f 569/569/569 530/530/530 531/531/531
f 570/570/570 529/529/529 530/530/530
f 529/529/529 570/570/570 571/571/571
f 571/571/571 528/528/528 529/529/529
f 572/572/572 527/527/527 528/528/528
f 526/526/526 527/527/527 573/573/573
f 527/527/527 572/572/572 573/573/573
f 574/574/574 525/525/525 526/526/526
f 575/575/575 524/524/524 525/525/525
f 576/576/576 523/523/523 524/524/524
f 253/253/253 3/577/577 216/578/578
f 255/255/255 216/578/578 211/579/579
f 257/257/257 211/579/579 205/580/580
f 259/259/259 205/580/580 199/581/581
f 261/261/261 199/581/581 193/582/582
f 263/263/263 193/582/582 187/583/583
f 265/265/265 187/583/583 181/584/584
f 267/267/267 181/584/584 175/585/585
f 269/269/269 175/585/585 169/586/586
f 271/271/271 169/586/586 163/587/587
f 273/273/273 163/587/587 157/588/588
f 275/275/275 157/588/588 151/589/589
f 277/277/277 151/589/589 145/590/590
f 279/279/279 145/590/590 139/591/591
f 281/281/281 139/591/591 133/592/592
f 283/283/283 133/592/592 127/593/593
f 285/285/285 127/593/593 121/594/594
f 287/287/287 121/594/594 115/595/595
f 218/218/218 115/595/595 109/596/596
f 219/219/219 109/596/596 103/597/597
f 221/221/221 103/597/597 97/598/598
f 223/223/223 97/598/598 91/599/599
f 225/225/225 91/599/599 85/600/600
f 227/227/227 85/600/600 79/601/601
f 229/229/229 79/601/601 73/602/602
f 231/231/231 73/602/602 67/603/603
f 233/233/233 67/603/603 61/604/604
f 235/235/235 61/604/604 55/605/605
f 237/237/237 55/605/605 49/606/606
f 239/239/239 49/606/606 43/607/607
f 241/241/241 43/607/607 37/608/608
f 243/243/243 37/608/608 31/609/609
f 245/245/245 31/609/609 25/610/610
f 247/247/247 25/610/610 19/611/611
f 249/249/249 19/611/611 13/612/612
f 251/251/251 13/612/612 3/577/577
f 3/577/577 253/253/253 251/251/251
f 13/612/612 251/251/251 249/249/249
f 19/611/611 249/249/249 247/247/247
f 25/610/610 247/247/247 245/245/245
f 31/609/609 245/245/245 243/243/243
f 37/608/608 243/243/243 241/241/241
f 43/607/607 241/241/241 239/239/239
f 49/606/606 239/239/239 237/237/237
f 55/605/605 237/237/237 235/235/235
f 61/604/604 235/235/235 233/233/233
f 67/603/603 233/233/233 231/231/231
f 73/602/602 231/231/231 229/229/229
f 79/601/601 229/229/229 227/227/227
f 85/600/600 227/227/227 225/225/225
f 91/599/599 225/225/225 223/223/223
f 97/598/598 223/223/223 221/221/221
f 103/597/597 221/221/221 219/219/219
f 109/596/596 219/219/219 218/218/218
f 115/595/595 218/218/218 287/287/287
f 121/594/594 287/287/287 285/285/285
f 127/593/593 285/285/285 283/283/283
f 133/592/592 283/283/283 281/281/281
f 139/591/591 281/281/281 279/279/279
f 145/590/590 279/279/279 277/277/277
f 151/589/589 277/277/277 275/275/275
f 157/588/588 275/275/275 273/273/273
f 163/587/587 273/273/273 271/271/271
f 169/586/586 271/271/271 269/269/269
f 175/585/585 269/269/269 267/267/267
f 181/584/584 267/267/267 265/265/265
f 187/583/583 265/265/265 263/263/263
f 193/582/582 263/263/263 261/261/261
f 199/581/581 261/261/261 259/259/259
f 205/580/580 259/259/259 257/257/257
f 211/579/579 257/257/257 255/255/255
f 216/578/578 255/255/255 253/253/253
f 524/524/524 575/575/575 576/576/576
f 525/525/525 574/574/574 575/575/575
f 526/526/526 577/613/613 574/574/574
f 573/573/573 577/613/613 526/526/526
f 528/528/528 578/614/614 572/572/572
f 571/571/571 578/614/614 528/528/528
f 530/530/530 569/569/569 570/570/570
f 531/531/531 568/568/568 569/569/569
f 532/532/532 567/567/567 568/568/568
f 533/533/533 566/566/566 567/567/567
f 534/534/534 565/565/565 566/566/566
f 535/535/535 579/615/615 565/565/565
f 564/564/564 579/615/615 535/535/535
f 537/537/537 580/616/616 563/563/563
f 562/562/562 580/616/616 537/537/537
f 539/539/539 560/560/560 561/561/561
f 540/540/540 559/559/559 560/560/560
f 505/505/505 558/558/558 559/559/559
f 506/506/506 557/557/557 558/558/558
f 507/507/507 556/556/556 557/557/557
f 508/508/508 581/617/617 556/556/556
f 555/555/555 581/617/617 508/508/508
f 510/510/510 582/618/618 554/554/554
f 553/553/553 582/618/618 510/510/510
f 512/512/512 551/551/551 552/552/552
f 513/513/513 550/550/550 551/551/551
f 514/514/514 549/549/549 550/550/550
f 515/515/515 548/548/548 549/549/549
f 516/516/516 547/547/547 548/548/548
f 517/517/517 583/619/619 547/547/547
f 546/546/546 583/619/619 517/517/517
f 519/519/519 584/620/620 545/545/545
f 544/544/544 584/620/620 519/519/519
f 521/521/521 542/542/542 543/543/543
f 522/522/522 541/541/541 542/542/542
f 523/523/523 576/576/576 541/541/541
f 469/469/469 505/505/505 540/540/540
f 504/504/504 540/540/540 539/539/539
f 503/503/503 539/539/539 538/538/538
f 502/502/502 538/538/538 537/537/537
f 501/501/501 537/537/537 536/536/536
f 500/500/500 536/536/536 535/535/535
f 499/499/499 535/535/535 534/534/534
f 498/498/498 534/534/534 533/533/533
f 497/497/497 533/533/533 532/532/532
f 496/496/496 532/532/532 531/531/531
f 495/495/495 531/531/531 530/530/530
f 494/494/494 530/530/530 529/529/529
f 493/493/493 529/529/529 528/528/528
f 492/492/492 528/528/528 527/527/527
f 491/491/491 527/527/527 526/526/526
f 490/490/490 526/526/526 525/525/525
f 489/489/489 525/525/525 524/524/524
f 488/488/488 524/524/524 523/523/523
f 487/487/487 523/523/523 522/522/522
f 486/486/486 522/522/522 521/521/521
f 485/485/485 521/521/521 520/520/520
f 484/484/484 520/520/520 519/519/519
f 483/483/483 519/519/519 518/518/518
f 482/482/482 518/518/518 517/517/517
f 481/481/481 517/517/517 516/516/516
f 480/480/480 516/516/516 515/515/515
f 479/479/479 515/515/515 514/514/514
f 478/478/478 514/514/514 513/513/513
f 477/477/477 513/513/513 512/512/512
f 476/476/476 512/512/512 511/511/511
f 475/475/475 511/511/511 510/510/510
f 474/474/474 510/510/510 509/509/509
f 473/473/473 509/509/509 508/508/508
f 472/472/472 508/508/508 507/507/507
f 471/471/471 507/507/507 506/506/506
f 470/470/470 506/506/506 505/505/505
f 433/433/433 469/469/469 504/504/504
f 468/468/468 504/504/504 503/503/503
f 467/467/467 503/503/503 502/502/502
f 466/466/466 502/502/502 501/501/501
f 465/465/465 501/501/501 500/500/500
f 464/464/464 500/500/500 499/499/499
f 463/463/463 499/499/499 498/498/498
f 462/462/462 498/498/498 497/497/497
f 461/461/461 497/497/497 496/496/496
f 460/460/460 496/496/496 495/495/495
f 459/459/459 495/495/495 494/494/494
f 458/458/458 494/494/494 493/493/493
f 457/457/457 493/493/493 492/492/492
f 456/456/456 492/492/492 491/491/491
f 455/455/455 491/491/491 490/490/490
f 454/454/454 490/490/490 489/489/489
f 453/453/453 489/489/489 488/488/488
f 452/452/452 488/488/488 487/487/487
f 451/451/451 487/487/487 486/486/486
f 450/450/450 486/486/486 485/485/485
f 449/449/449 485/485/485 484/484/484
f 448/448/448 484/484/484 483/483/483
f 447/447/447 483/483/483 482/482/482
f 446/446/446 482/482/482 481/481/481
f 445/445/445 481/481/481 480/480/480
f 444/444/444 480/480/480 479/479/479
f 443/443/443 479/479/479 478/478/478
f 442/442/442 478/478/478 477/477/477
f 441/441/441 477/477/477 476/476/476
f 440/440/440 476/476/476 475/475/475
f 439/439/439 475/475/475 474/474/474
f 438/438/438 474/474/474 473/473/473
f 437/437/437 473/473/473 472/472/472
f 436/436/436 472/472/472 471/471/471
f 435/435/435 471/471/471 470/470/470
f 434/434/434 470/470/470 469/469/469
f 397/397/397 433/433/433 468/468/468
f 432/432/432 468/468/468 467/467/467
f 431/431/431 467/467/467 466/466/466
f 430/430/430 466/466/466 465/465/465
f 429/429/429 465/465/465 464/464/464
f 428/428/428 464/464/464 463/463/463
f 427/427/427 463/463/463 462/462/462
f 426/426/426 462/462/462 461/461/461
f 425/425/425 461/461/461 460/460/460
f 424/424/424 460/460/460 459/459/459
f 423/423/423 459/459/459 458/458/458
f 422/422/422 458/458/458 457/457/457
f 421/421/421 457/457/457 456/456/456
f 420/420/420 456/456/456 455/455/455
f 419/419/419 455/455/455 454/454/454
f 418/418/418 454/454/454 453/453/453
f 417/417/417 453/453/453 452/452/452
f 416/416/416 452/452/452 451/451/451
f 415/415/415 451/451/451 450/450/450
f 414/414/414 450/450/450 449/449/449
f 413/413/413 449/449/449 448/448/448
f 412/412/412 448/448/448 447/447/447
f 411/411/411 447/447/447 446/446/446
f 410/410/410 446/446/446 445/445/445
f 409/409/409 445/445/445 444/444/444
f 408/408/408 444/444/444 443/443/443
f 407/407/407 443/443/443 442/442/442
f 406/406/406 442/442/442 441/441/441
f 405/405/405 441/441/441 440/440/440
f 404/404/404 440/440/440 439/439/439
f 403/403/403 439/439/439 438/438/438
f 402/402/402 438/438/438 437/437/437
f 401/401/401 437/437/437 436/436/436
f 400/400/400 436/436/436 435/435/435
f 399/399/399 435/435/435 434/434/434
f 398/398/398 434/434/434 433/433/433
f 361/361/361 397/397/397 432/432/432
f 396/396/396 432/432/432 431/431/431
f 395/395/395 431/431/431 430/430/430
f 394/394/394 430/430/430 429/429/429
f 393/393/393 429/429/429 428/428/428
f 392/392/392 428/428/428 427/427/427
f 391/391/391 427/427/427 426/426/426
f 390/390/390 426/426/426 425/425/425
f 389/389/389 425/425/425 424/424/424
f 388/388/388 424/424/424 423/423/423
f 387/387/387 423/423/423 422/422/422
f 386/386/386 422/422/422 421/421/421
f 385/385/385 421/421/421 420/420/420
f 384/384/384 420/420/420 419/419/419
f 383/383/383 419/419/419 418/418/418
f 382/382/382 418/418/418 417/417/417
f 381/381/381 417/417/417 416/416/416
f 380/380/380 416/416/416 415/415/415
f 379/379/379 415/415/415 414/414/414
f 378/378/378 414/414/414 413/413/413
f 377/377/377 413/413/413 412/412/412
f 376/376/376 412/412/412 411/411/411
f 375/375/375 411/411/411 410/410/410
f 374/374/374 410/410/410 409/409/409
f 373/373/373 409/409/409 408/408/408
f 372/372/372 408/408/408 407/407/407
f 371/371/371 407/407/407 406/406/406
f 370/370/370 406/406/406 405/405/405
f 369/369/369 405/405/405 404/404/404
f 368/368/368 404/404/404 403/403/403
f 367/367/367 403/403/403 402/402/402
f 366/366/366 402/402/402 401/401/401
f 365/365/365 401/401/401 400/400/400
f 364/364/364 400/400/400 399/399/399
f 363/363/363 399/399/399 398/398/398
f 362/362/362 398/398/398 397/397/397
f 325/325/325 361/361/361 396/396/396
f 360/360/360 396/396/396 395/395/395
f 359/359/359 395/395/395 394/394/394
f 358/358/358 394/394/394 393/393/393
f 357/357/357 393/393/393 392/392/392
f 356/356/356 392/392/392 391/391/391
f 355/355/355 391/391/391 390/390/390
f 354/354/354 390/390/390 389/389/389
f 353/353/353 389/389/389 388/388/388
f 352/352/352 388/388/388 387/387/387
f 351/351/351 387/387/387 386/386/386
f 350/350/350 386/386/386 385/385/385
f 349/349/349 385/385/385 384/384/384
f 348/348/348 384/384/384 383/383/383
f 347/347/347 383/383/383 382/382/382
f 346/346/346 382/382/382 381/381/381
f 345/345/345 381/381/381 380/380/380
f 344/344/344 380/380/380 379/379/379
f 343/343/343 379/379/379 378/378/378
f 342/342/342 378/378/378 377/377/377
f 341/341/341 377/377/377 376/376/376
f 340/340/340 376/376/376 375/375/375
f 339/339/339 375/375/375 374/374/374
f 338/338/338 374/374/374 373/373/373
f 337/337/337 373/373/373 372/372/372
f 336/336/336 372/372/372 371/371/371
f 335/335/335 371/371/371 370/370/370
f 334/334/334 370/370/370 369/369/369
f 333/333/333 369/369/369 368/368/368
f 332/332/332 368/368/368 367/367/367
f 331/331/331 367/367/367 366/366/366
f 330/330/330 366/366/366 365/365/365
f 329/329/329 365/365/365 364/364/364
f 328/328/328 364/364/364 363/363/363
f 327/327/327 363/363/363 362/362/362
f 326/326/326 362/362/362 361/361/361
f 289/289/289 325/325/325 360/360/360
f 324/324/324 360/360/360 359/359/359
f 323/323/323 359/359/359 358/358/358
f 322/322/322 358/358/358 357/357/357
f 321/321/321 357/357/357 356/356/356
f 320/320/320 356/356/356 355/355/355
f 319/319/319 355/355/355 354/354/354
f 318/318/318 354/354/354 353/353/353
f 317/317/317 353/353/353 352/352/352
f 316/316/316 352/352/352 351/351/351
f 315/315/315 351/351/351 350/350/350
f 314/314/314 350/350/350 349/349/349
f 313/313/313 349/349/349 348/348/348
f 312/312/312 348/348/348 347/347/347
f 311/311/311 347/347/347 346/346/346
f 310/310/310 346/346/346 345/345/345
f 309/309/309 345/345/345 344/344/344
f 308/308/308 344/344/344 343/343/343
f 307/307/307 343/343/343 342/342/342
f 306/306/306 342/342/342 341/341/341
f 305/305/305 341/341/341 340/340/340
f 304/304/304 340/340/340 339/339/339
f 303/303/303 339/339/339 338/338/338
f 302/302/302 338/338/338 337/337/337
f 301/301/301 337/337/337 336/336/336
f 300/300/300 336/336/336 335/335/335
f 299/299/299 335/335/335 334/334/334
f 298/298/298 334/334/334 333/333/333
f 297/297/297 333/333/333 332/332/332
f 296/296/296 332/332/332 331/331/331
f 295/295/295 331/331/331 330/330/330
f 294/294/294 330/330/330 329/329/329
f 293/293/293 329/329/329 328/328/328
f 292/292/292 328/328/328 327/327/327
f 291/291/291 327/327/327 326/326/326
f 290/290/290 326/326/326 325/325/325
f 217/217/217 289/289/289 324/324/324
f 288/288/288 324/324/324 323/323/323
f 286/286/286 323/323/323 322/322/322
f 284/284/284 322/322/322 321/321/321
f 282/282/282 321/321/321 320/320/320
f 280/280/280 320/320/320 319/319/319
f 278/278/278 319/319/319 318/318/318
f 276/276/276 318/318/318 317/317/317
f 274/274/274 317/317/317 316/316/316
f 272/272/272 316/316/316 315/315/315
f 270/270/270 315/315/315 314/314/314
f 268/268/268 314/314/314 313/313/313
f 266/266/266 313/313/313 312/312/312
f 264/264/264 312/312/312 311/311/311
f 262/262/262 311/311/311 310/310/310
f 260/260/260 310/310/310 309/309/309
f 258/258/258 309/309/309 308/308/308
f 256/256/256 308/308/308 307/307/307
f 254/254/254 307/307/307 306/306/306
f 252/252/252 306/306/306 305/305/305
f 250/250/250 305/305/305 304/304/304
f 248/248/248 304/304/304 303/303/303
f 246/246/246 303/303/303 302/302/302
f 244/244/244 302/302/302 301/301/301
f 242/242/242 301/301/301 300/300/300
f 240/240/240 300/300/300 299/299/299
f 238/238/238 299/299/299 298/298/298
f 236/236/236 298/298/298 297/297/297
f 234/234/234 297/297/297 296/296/296
f 232/232/232 296/296/296 295/295/295
f 230/230/230 295/295/295 294/294/294
f 228/228/228 294/294/294 293/293/293
f 226/226/226 293/293/293 292/292/292
f 224/224/224 292/292/292 291/291/291
f 222/222/222 291/291/291 290/290/290
f 220/220/220 290/290/290 289/289/289
f 218/218/218 217/217/217 288/288/288
f 287/287/287 288/288/288 286/286/286
f 285/285/285 286/286/286 284/284/284
f 283/283/283 284/284/284 282/282/282
f 281/281/281 282/282/282 280/280/280
f 279/279/279 280/280/280 278/278/278
f 277/277/277 278/278/278 276/276/276
f 275/275/275 276/276/276 274/274/274
f 273/273/273 274/274/274 272/272/272
f 271/271/271 272/272/272 270/270/270
f 269/269/269 270/270/270 268/268/268
f 267/267/267 268/268/268 266/266/266
f 265/265/265 266/266/266 264/264/264
f 263/263/263 264/264/264 262/262/262
f 261/261/261 262/262/262 260/260/260
f 259/259/259 260/260/260 258/258/258
f 257/257/257 258/258/258 256/256/256
f 255/255/255 256/256/256 254/254/254
f 253/253/253 254/254/254 252/252/252
f 251/251/251 252/252/252 250/250/250
f 249/249/249 250/250/250 248/248/248
f 247/247/247 248/248/248 246/246/246
f 245/245/245 246/246/246 244/244/244
f 243/243/243 244/244/244 242/242/242
f 241/241/241 242/242/242 240/240/240
f 239/239/239 240/240/240 238/238/238
f 237/237/237 238/238/238 236/236/236
f 235/235/235 236/236/236 234/234/234
f 233/233/233 234/234/234 232/232/232
f 231/231/231 232/232/232 230/230/230
f 229/229/229 230/230/230 228/228/228
f 227/227/227 228/228/228 226/226/226
f 225/225/225 226/226/226 224/224/224
f 223/223/223 224/224/224 222/222/222
f 221/221/221 222/222/222 220/220/220
f 219/219/219 220/220/220 217/217/217
f 585/621/621 586/622/622 587/623/623
f 588/624/624 587/623/623 589/625/625
f 590/626/626 589/625/625 591/627/627
f 592/628/628 591/627/627 593/629/629
f 594/630/630 593/629/629 595/631/631
f 596/632/632 595/631/631 597/633/633
f 598/634/634 597/633/633 599/635/635
f 600/636/636 599/635/635 601/637/637
f 602/638/638 601/637/637 603/639/639
f 604/640/640 603/639/639 605/641/641
f 606/642/642 605/641/641 607/643/643
f 608/644/644 607/643/643 609/645/645
f 610/646/646 609/645/645 611/647/647
f 612/648/648 611/647/647 613/649/649
f 614/650/650 613/649/649 615/651/651
f 616/652/652 615/651/651 617/653/653
f 618/654/654 617/653/653 619/655/655
f 620/656/656 619/655/655 621/657/657
f 622/658/658 621/657/657 623/659/659
f 624/660/660 623/659/659 625/661/661
f 626/662/662 625/661/661 627/663/663
f 628/664/664 627/663/663 629/665/665
f 630/666/666 629/665/665 631/667/667
f 632/668/668 631/667/667 633/669/669
f 634/670/670 633/669/669 635/671/671
f 636/672/672 635/671/671 637/673/673
f 638/674/674 637/673/673 639/675/675
f 640/676/676 639/675/675 641/677/677
f 642/678/678 641/677/677 643/679/679
f 644/680/680 643/679/679 645/681/681
f 646/682/682 645/681/681 647/683/683
f 648/684/684 647/683/683 649/685/685
f 650/686/686 649/685/685 651/687/687
f 652/688/688 651/687/687 653/689/689
f 654/690/690 653/689/689 655/691/691
f 656/692/692 655/691/691 586/622/622
f 657/693/693 585/621/621 588/624/624
f 658/694/694 588/624/624 590/626/626
f 659/695/695 590/626/626 592/628/628
f 660/696/696 592/628/628 594/630/630
f 661/697/697 594/630/630 596/632/632
f 662/698/698 596/632/632 598/634/634
f 663/699/699 598/634/634 600/636/636
f 664/700/700 600/636/636 602/638/638
f 665/701/701 602/638/638 604/640/640
f 666/702/702 604/640/640 606/642/642
f 667/703/703 606/642/642 608/644/644
f 668/704/704 608/644/644 610/646/646
f 669/705/705 610/646/646 612/648/648
f 670/706/706 612/648/648 614/650/650
f 671/707/707 614/650/650 616/652/652
f 672/708/708 616/652/652 618/654/654
f 673/709/709 618/654/654 620/656/656
f 674/710/710 620/656/656 622/658/658
f 675/711/711 622/658/658 624/660/660
f 676/712/712 624/660/660 626/662/662
f 677/713/713 626/662/662 628/664/664
f 678/714/714 628/664/664 630/666/666
f 679/715/715 630/666/666 632/668/668
f 680/716/716 632/668/668 634/670/670
f 681/717/717 634/670/670 636/672/672
f 682/718/718 636/672/672 638/674/674
f 683/719/719 638/674/674 640/676/676
f 684/720/720 640/676/676 642/678/678
f 685/721/721 642/678/678 644/680/680
f 686/722/722 644/680/680 646/682/682
f 687/723/723 646/682/682 648/684/684
f 688/724/724 648/684/684 650/686/686
f 689/725/725 650/686/686 652/688/688
f 690/726/726 652/688/688 654/690/690
f 691/727/727 654/690/690 656/692/692
f 692/728/728 656/692/692 585/621/621
f 693/729/729 657/693/693 658/694/694
f 694/730/730 658/694/694 659/695/695
f 695/731/731 659/695/695 660/696/696
f 696/732/732 660/696/696 661/697/697
f 697/733/733 661/697/697 662/698/698
f 698/734/734 662/698/698 663/699/699
f 699/735/735 663/699/699 664/700/700
f 700/736/736 664/700/700 665/701/701
f 701/737/737 665/701/701 666/702/702
f 702/738/738 666/702/702 667/703/703
f 703/739/739 667/703/703 668/704/704
f 704/740/740 668/704/704 669/705/705
f 705/741/741 669/705/705 670/706/706
f 706/742/742 670/706/706 671/707/707
f 707/743/743 671/707/707 672/708/708
f 708/744/744 672/708/708 673/709/709
f 709/745/745 673/709/709 674/710/710
f 710/746/746 674/710/710 675/711/711
f 711/747/747 675/711/711 676/712/712
f 712/748/748 676/712/712 677/713/713
f 713/749/749 677/713/713 678/714/714
f 714/750/750 678/714/714 679/715/715
f 715/751/751 679/715/715 680/716/716
f 716/752/752 680/716/716 681/717/717
f 717/753/753 681/717/717 682/718/718
f 718/754/754 682/718/718 683/719/719
f 719/755/755 683/719/719 684/720/720
f 720/756/756 684/720/720 685/721/721
f 721/757/757 685/721/721 686/722/722
f 722/758/758 686/722/722 687/723/723
f 723/759/759 687/723/723 688/724/724
f 724/760/760 688/724/724 689/725/725
f 725/761/761 689/725/725 690/726/726
f 726/762/762 690/726/726 691/727/727
f 727/763/763 691/727/727 692/728/728
f 728/764/764 692/728/728 657/693/693
f 729/765/765 693/729/729 694/730/730
f 730/766/766 694/730/730 695/731/731
f 731/767/767 695/731/731 696/732/732
f 732/768/768 696/732/732 697/733/733
f 733/769/769 697/733/733 698/734/734
f 734/770/770 698/734/734 699/735/735
f 735/771/771 699/735/735 700/736/736
f 736/772/772 700/736/736 701/737/737
f 737/773/773 701/737/737 702/738/738
f 738/774/774 702/738/738 703/739/739
f 739/775/775 703/739/739 704/740/740
f 740/776/776 704/740/740 705/741/741
f 741/777/777 705/741/741 706/742/742
f 742/778/778 706/742/742 707/743/743
f 743/779/779 707/743/743 708/744/744
f 744/780/780 708/744/744 709/745/745
f 745/781/781 709/745/745 710/746/746
f 746/782/782 710/746/746 711/747/747
f 747/783/783 711/747/747 712/748/748
f 748/784/784 712/748/748 713/749/749
f 749/785/785 713/749/749 714/750/750
f 750/786/786 714/750/750 715/751/751
f 751/787/787 715/751/751 716/752/752
f 752/788/788 716/752/752 717/753/753
f 753/789/789 717/753/753 718/754/754
f 754/790/790 718/754/754 719/755/755
f 755/791/791 719/755/755 720/756/756
f 756/792/792 720/756/756 721/757/757
f 757/793/793 721/757/757 722/758/758
f 758/794/794 722/758/758 723/759/759
f 759/795/795 723/759/759 724/760/760
f 760/796/796 724/760/760 725/761/761
f 761/797/797 725/761/761 726/762/762
f 762/798/798 726/762/762 727/763/763
f 763/799/799 727/763/763 728/764/764
f 764/800/800 728/764/764 693/729/729
f 765/801/801 729/765/765 730/766/766
f 766/802/802 730/766/766 731/767/767
f 767/803/803 731/767/767 732/768/768
f 768/804/804 732/768/768 733/769/769
f 769/805/805 733/769/769 734/770/770
f 770/806/806 734/770/770 735/771/771
f 771/807/807 735/771/771 736/772/772
f 772/808/808 736/772/772 737/773/773
f 773/809/809 737/773/773 738/774/774
f 774/810/810 738/774/774 739/775/775
f 775/811/811 739/775/775 740/776/776
f 776/812/812 740/776/776 741/777/777
f 777/813/813 741/777/777 742/778/778
f 778/814/814 742/778/778 743/779/779
f 779/815/815 743/779/779 744/780/780
f 780/816/816 744/780/780 745/781/781
f 781/817/817 745/781/781 746/782/782
f 782/818/818 746/782/782 747/783/783
f 783/819/819 747/783/783 748/784/784
f 784/820/820 748/784/784 749/785/785
f 785/821/821 749/785/785 750/786/786
f 786/822/822 750/786/786 751/787/787
f 787/823/823 751/787/787 752/788/788
f 788/824/824 752/788/788 753/789/789
f 789/825/825 753/789/789 754/790/790
f 790/826/826 754/790/790 755/791/791
f 791/827/827 755/791/791 756/792/792
f 792/828/828 756/792/792 757/793/793
f 793/829/829 757/793/793 758/794/794
f 794/830/830 758/794/794 759/795/795
f 795/831/831 759/795/795 760/796/796
f 796/832/832 760/796/796 761/797/797
f 797/833/833 761/797/797 762/798/798
f 798/834/834 762/798/798 763/799/799
f 799/835/835 763/799/799 764/800/800
f 800/836/836 764/800/800 729/765/765
f 801/837/837 765/801/801 766/802/802
f 802/838/838 766/802/802 767/803/803
f 803/839/839 767/803/803 768/804/804
f 804/840/840 768/804/804 769/805/805
f 805/841/841 769/805/805 770/806/806
f 806/842/842 770/806/806 771/807/807
f 807/843/843 771/807/807 772/808/808
f 808/844/844 772/808/808 773/809/809
f 809/845/845 773/809/809 774/810/810
f 810/846/846 774/810/810 775/811/811
f 811/847/847 775/811/811 776/812/812
f 812/848/848 776/812/812 777/813/813
f 813/849/849 777/813/813 778/814/814
f 814/850/850 778/814/814 779/815/815
f 815/851/851 779/815/815 780/816/816
f 816/852/852 780/816/816 781/817/817
f 817/853/853 781/817/817 782/818/818
f 818/854/854 782/818/818 783/819/819
f 819/855/855 783/819/819 784/820/820
f 820/856/856 784/820/820 785/821/821
f 821/857/857 785/821/821 786/822/822
f 822/858/858 786/822/822 787/823/823
f 823/859/859 787/823/823 788/824/824
f 824/860/860 788/824/824 789/825/825
f 825/861/861 789/825/825 790/826/826
f 826/862/862 790/826/826 791/827/827
f 827/863/863 791/827/827 792/828/828
f 828/864/864 792/828/828 793/829/829
f 829/865/865 793/829/829 794/830/830
f 830/866/866 794/830/830 795/831/831
f 831/867/867 795/831/831 796/832/832
f 832/868/868 796/832/832 797/833/833
f 833/869/869 797/833/833 798/834/834
f 834/870/870 798/834/834 799/835/835
f 835/871/871 799/835/835 800/836/836
f 836/872/872 800/836/836 765/801/801
f 837/873/873 801/837/837 802/838/838
f 838/874/874 802/838/838 803/839/839
f 839/875/875 803/839/839 804/840/840
f 840/876/876 804/840/840 805/841/841
f 841/877/877 805/841/841 806/842/842
f 842/878/878 806/842/842 807/843/843
f 843/879/879 807/843/843 808/844/844
f 844/880/880 808/844/844 809/845/845
f 845/881/881 809/845/845 810/846/846
f 846/882/882 810/846/846 811/847/847
f 847/883/883 811/847/847 812/848/848
f 848/884/884 812/848/848 813/849/849
f 849/885/885 813/849/849 814/850/850
f 850/886/886 814/850/850 815/851/851
f 851/887/887 815/851/851 816/852/852
f 852/888/888 816/852/852 817/853/853
f 853/889/889 817/853/853 818/854/854
f 854/890/890 818/854/854 819/855/855
f 855/891/891 819/855/855 820/856/856
f 856/892/892 820/856/856 821/857/857
f 857/893/893 821/857/857 822/858/858
f 858/894/894 822/858/858 823/859/859
f 859/895/895 823/859/859 824/860/860
f 860/896/896 824/860/860 825/861/861
f 861/897/897 825/861/861 826/862/862
f 862/898/898 826/862/862 827/863/863
f 863/899/899 827/863/863 828/864/864
f 864/900/900 828/864/864 829/865/865
f 865/901/901 829/865/865 830/866/866
f 866/902/902 830/866/866 831/867/867
f 867/903/903 831/867/867 832/868/868
f 868/904/904 832/868/868 833/869/869
f 869/905/905 833/869/869 834/870/870
f 870/906/906 834/870/870 835/871/871
f 871/907/907 835/871/871 836/872/872
f 872/908/908 836/872/872 801/837/837
f 873/909/909 837/873/873 838/874/874
f 874/910/910 838/874/874 839/875/875
f 875/911/911 839/875/875 840/876/876
f 876/912/912 840/876/876 841/877/877
f 877/913/913 841/877/877 842/878/878
f 878/914/914 842/878/878 843/879/879
f 879/915/915 843/879/879 844/880/880
f 880/916/916 844/880/880 845/881/881
f 881/917/917 845/881/881 846/882/882
f 882/918/918 846/882/882 847/883/883
f 883/919/919 847/883/883 848/884/884
f 884/920/920 848/884/884 849/885/885
f 885/921/921 849/885/885 850/886/886
f 886/922/922 850/886/886 851/887/887
f 887/923/923 851/887/887 852/888/888
f 888/924/924 852/888/888 853/889/889
f 889/925/925 853/889/889 854/890/890
f 890/926/926 854/890/890 855/891/891
f 891/927/927 855/891/891 856/892/892
f 892/928/928 856/892/892 857/893/893
f 893/929/929 857/893/893 858/894/894
f 894/930/930 858/894/894 859/895/895
f 895/931/931 859/895/895 860/896/896
f 896/932/932 860/896/896 861/897/897
f 897/933/933 861/897/897 862/898/898
f 898/934/934 862/898/898 863/899/899
f 899/935/935 863/899/899 864/900/900
f 900/936/936 864/900/900 865/901/901
f 901/937/937 865/901/901 866/902/902
f 902/938/938 866/902/902 867/903/903
f 903/939/939 867/903/903 868/904/904
f 904/940/940 868/904/904 869/905/905
f 905/941/941 869/905/905 870/906/906
f 906/942/942 870/906/906 871/907/907
f 907/943/943 871/907/907 872/908/908
f 908/944/944 872/908/908 837/873/873
f 119/945/945 908/944/944 873/909/909
f 125/946/946 907/943/943 908/944/944
f 131/947/947 906/942/942 907/943/943
f 137/948/948 905/941/941 906/942/942
f 143/949/949 904/940/940 905/941/941
f 149/950/950 903/939/939 904/940/940
f 155/951/951 902/938/938 903/939/939
f 161/952/952 901/937/937 902/938/938
f 167/953/953 900/936/936 901/937/937
f 173/954/954 899/935/935 900/936/936
f 179/955/955 898/934/934 899/935/935
f 185/956/956 897/933/933 898/934/934
f 191/957/957 896/932/932 897/933/933
f 197/958/958 895/931/931 896/932/932
f 203/959/959 894/930/930 895/931/931
f 209/960/960 893/929/929 894/930/930
f 215/961/961 892/928/928 893/929/929
f 11/962/962 891/927/927 892/928/928
f 621/657/657 909/963/963 910/964/964
f 623/659/659 910/964/964 911/965/965
f 625/661/661 911/965/965 912/966/966
f 627/663/663 912/966/966 913/967/967
f 913/967/967 629/665/665 627/663/663
f 629/665/665 914/968/968 915/969/969
f 633/669/669 631/667/667 916/970/970
f 631/667/667 915/969/969 916/970/970
f 633/669/669 917/971/971 918/972/972
f 635/671/671 918/972/972 919/973/973
f 637/673/673 919/973/973 920/974/974
f 639/675/675 920/974/974 921/975/975
f 641/677/677 921/975/975 922/976/976
f 643/679/679 922/976/976 923/977/977
f 645/681/681 923/977/977 924/978/978
f 924/978/978 647/683/683 645/681/681
f 647/683/683 925/979/979 926/980/980
f 651/687/687 649/685/685 927/981/981
f 649/685/685 926/980/980 927/981/981
f 651/687/687 928/982/982 929/983/983
f 653/689/689 929/983/983 930/984/984
f 655/691/691 930/984/984 931/985/985
f 586/622/622 931/985/985 932/986/986
f 587/623/623 932/986/986 933/987/987
f 589/625/625 933/987/987 934/988/988
f 591/627/627 934/988/988 935/989/989
f 935/989/989 593/629/629 591/627/627
f 593/629/629 936/990/990 937/991/991
f 597/633/633 595/631/631 938/992/992
f 595/631/631 937/991/991 938/992/992
f 597/633/633 939/993/993 940/994/994
f 599/635/635 940/994/994 941/995/995
f 601/637/637 941/995/995 942/996/996
f 603/639/639 942/996/996 943/997/997
f 605/641/641 943/997/997 944/998/998
f 607/643/643 944/998/998 945/999/999
f 609/645/645 945/999/999 946/1000/1000
f 946/1000/1000 611/647/647 609/645/645
f 611/647/647 947/1001/1001 948/1002/1002
f 615/651/651 613/649/649 949/1003/1003
f 613/649/649 948/1002/1002 949/1003/1003
f 615/651/651 950/1004/1004 951/1005/1005
f 617/653/653 951/1005/1005 952/1006/1006
f 619/655/655 952/1006/1006 909/963/963
f 10/1007/1007 890/926/926 891/927/927
f 17/1008/1008 889/925/925 890/926/926
f 23/1009/1009 888/924/924 889/925/925
f 29/1010/1010 887/923/923 888/924/924
f 35/1011/1011 886/922/922 887/923/923
f 41/1012/1012 885/921/921 886/922/922
f 47/1013/1013 884/920/920 885/921/921
f 53/1014/1014 883/919/919 884/920/920
f 59/1015/1015 882/918/918 883/919/919
f 65/1016/1016 881/917/917 882/918/918
f 71/1017/1017 880/916/916 881/917/917
f 77/1018/1018 879/915/915 880/916/916
f 83/1019/1019 878/914/914 879/915/915
f 89/1020/1020 877/913/913 878/914/914
f 95/1021/1021 876/912/912 877/913/913
f 101/1022/1022 875/911/911 876/912/912
f 107/1023/1023 874/910/910 875/911/911
f 113/1024/1024 873/909/909 874/910/910
f 874/910/910 107/1023/1023 113/1024/1024
f 875/911/911 101/1022/1022 107/1023/1023
f 876/912/912 95/1021/1021 101/1022/1022
f 877/913/913 89/1020/1020 95/1021/1021
f 878/914/914 83/1019/1019 89/1020/1020
f 879/915/915 77/1018/1018 83/1019/1019
f 880/916/916 71/1017/1017 77/1018/1018
f 881/917/917 65/1016/1016 71/1017/1017
f 882/918/918 59/1015/1015 65/1016/1016
f 883/919/919 53/1014/1014 59/1015/1015
f 884/920/920 47/1013/1013 53/1014/1014
f 885/921/921 41/1012/1012 47/1013/1013
f 886/922/922 35/1011/1011 41/1012/1012
f 887/923/923 29/1010/1010 35/1011/1011
f 888/924/924 23/1009/1009 29/1010/1010
f 889/925/925 17/1008/1008 23/1009/1009
f 890/926/926 10/1007/1007 17/1008/1008
f 891/927/927 11/962/962 10/1007/1007
f 909/963/963 621/657/657 619/655/655
f 952/1006/1006 619/655/655 617/653/653
f 951/1005/1005 617/653/653 615/651/651
f 949/1003/1003 950/1004/1004 615/651/651
f 948/1002/1002 613/649/649 611/647/647
f 946/1000/1000 947/1001/1001 611/647/647
f 945/999/999 609/645/645 607/643/643
f 944/998/998 607/643/643 605/641/641
f 943/997/997 605/641/641 603/639/639
f 942/996/996 603/639/639 601/637/637
f 941/995/995 601/637/637 599/635/635
f 940/994/994 599/635/635 597/633/633
f 938/992/992 939/993/993 597/633/633
f 937/991/991 595/631/631 593/629/629
f 935/989/989 936/990/990 593/629/629
f 934/988/988 591/627/627 589/625/625
f 933/987/987 589/625/625 587/623/623
f 932/986/986 587/623/623 586/622/622
f 931/985/985 586/622/622 655/691/691
f 930/984/984 655/691/691 653/689/689
f 929/983/983 653/689/689 651/687/687
f 927/981/981 928/982/982 651/687/687
f 926/980/980 649/685/685 647/683/683
f 924/978/978 925/979/979 647/683/683
f 923/977/977 645/681/681 643/679/679
f 922/976/976 643/679/679 641/677/677
f 921/975/975 641/677/677 639/675/675
f 920/974/974 639/675/675 637/673/673
f 919/973/973 637/673/673 635/671/671
f 918/972/972 635/671/671 633/669/669
f 916/970/970 917/971/971 633/669/669
f 915/969/969 631/667/667 629/665/665
f 913/967/967 914/968/968 629/665/665
f 912/966/966 627/663/663 625/661/661
f 911/965/965 625/661/661 623/659/659
f 910/964/964 623/659/659 621/657/657
f 892/928/928 215/961/961 11/962/962
f 893/929/929 209/960/960 215/961/961
f 894/930/930 203/959/959 209/960/960
f 895/931/931 197/958/958 203/959/959
f 896/932/932 191/957/957 197/958/958
f 897/933/933 185/956/956 191/957/957
f 898/934/934 179/955/955 185/956/956
f 899/935/935 173/954/954 179/955/955
f 900/936/936 167/953/953 173/954/954
f 901/937/937 161/952/952 167/953/953
f 902/938/938 155/951/951 161/952/952
f 903/939/939 149/950/950 155/951/951
f 904/940/940 143/949/949 149/950/950
f 905/941/941 137/948/948 143/949/949
f 906/942/942 131/947/947 137/948/948
f 907/943/943 125/946/946 131/947/947
f 908/944/944 119/945/945 125/946/946
f 873/909/909 113/1024/1024 119/945/945
f 837/873/873 873/909/909 908/944/944
f 872/908/908 908/944/944 907/943/943
f 871/907/907 907/943/943 906/942/942
f 870/906/906 906/942/942 905/941/941
f 869/905/905 905/941/941 904/940/940
f 868/904/904 904/940/940 903/939/939
f 867/903/903 903/939/939 902/938/938
f 866/902/902 902/938/938 901/937/937
f 865/901/901 901/937/937 900/936/936
f 864/900/900 900/936/936 899/935/935
f 863/899/899 899/935/935 898/934/934
f 862/898/898 898/934/934 897/933/933
f 861/897/897 897/933/933 896/932/932
f 860/896/896 896/932/932 895/931/931
f 859/895/895 895/931/931 894/930/930
f 858/894/894 894/930/930 893/929/929
f 857/893/893 893/929/929 892/928/928
f 856/892/892 892/928/928 891/927/927
f 855/891/891 891/927/927 890/926/926
f 854/890/890 890/926/926 889/925/925
f 853/889/889 889/925/925 888/924/924
f 852/888/888 888/924/924 887/923/923
f 851/887/887 887/923/923 886/922/922
f 850/886/886 886/922/922 885/921/921
f 849/885/885 885/921/921 884/920/920
f 848/884/884 884/920/920 883/919/919
f 847/883/883 883/919/919 882/918/918
f 846/882/882 882/918/918 881/917/917
f 845/881/881 881/917/917 880/916/916
f 844/880/880 880/916/916 879/915/915
f 843/879/879 879/915/915 878/914/914
f 842/878/878 878/914/914 877/913/913
f 841/877/877 877/913/913 876/912/912
f 840/876/876 876/912/912 875/911/911
f 839/875/875 875/911/911 874/910/910
f 838/874/874 874/910/910 873/909/909
f 801/837/837 837/873/873 872/908/908
f 836/872/872 872/908/908 871/907/907
f 835/871/871 871/907/907 870/906/906
f 834/870/870 870/906/906 869/905/905
f 833/869/869 869/905/905 868/904/904
f 832/868/868 868/904/904 867/903/903
f 831/867/867 867/903/903 866/902/902
f 830/866/866 866/902/902 865/901/901
f 829/865/865 865/901/901 864/900/900
f 828/864/864 864/900/900 863/899/899
f 827/863/863 863/899/899 862/898/898
f 826/862/862 862/898/898 861/897/897
f 825/861/861 861/897/897 860/896/896
f 824/860/860 860/896/896 859/895/895
f 823/859/859 859/895/895 858/894/894
f 822/858/858 858/894/894 857/893/893
f 821/857/857 857/893/893 856/892/892
f 820/856/856 856/892/892 855/891/891
f 819/855/855 855/891/891 854/890/890
f 818/854/854 854/890/890 853/889/889
f 817/853/853 853/889/889 852/888/888
f 816/852/852 852/888/888 851/887/887
f 815/851/851 851/887/887 850/886/886
f 814/850/850 850/886/886 849/885/885
f 813/849/849 849/885/885 848/884/884
f 812/848/848 848/884/884 847/883/883
f 811/847/847 847/883/883 846/882/882
f 810/846/846 846/882/882 845/881/881
f 809/845/845 845/881/881 844/880/880
f 808/844/844 844/880/880 843/879/879
f 807/843/843 843/879/879 842/878/878
f 806/842/842 842/878/878 841/877/877
f 805/841/841 841/877/877 840/876/876
f 804/840/840 840/876/876 839/875/875
f 803/839/839 839/875/875 838/874/874
f 802/838/838 838/874/874 837/873/873
f 765/801/801 801/837/837 836/872/872
f 800/836/836 836/872/872 835/871/871
f 799/835/835 835/871/871 834/870/870
f 798/834/834 834/870/870 833/869/869
f 797/833/833 833/869/869 832/868/868
f 796/832/832 832/868/868 831/867/867
f 795/831/831 831/867/867 830/866/866
f 794/830/830 830/866/866 829/865/865
f 793/829/829 829/865/865 828/864/864
f 792/828/828 828/864/864 827/863/863
f 791/827/827 827/863/863 826/862/862
f 790/826/826 826/862/862 825/861/861
f 789/825/825 825/861/861 824/860/860
f 788/824/824 824/860/860 823/859/859
f 787/823/823 823/859/859 822/858/858
f 786/822/822 822/858/858 821/857/857
f 785/821/821 821/857/857 820/856/856
f 784/820/820 820/856/856 819/855/855
f 783/819/819 819/855/855 818/854/854
f 782/818/818 818/854/854 817/853/853
f 781/817/817 817/853/853 816/852/852
f 780/816/816 816/852/852 815/851/851
f 779/815/815 815/851/851 814/850/850
f 778/814/814 814/850/850 813/849/849
f 777/813/813 813/849/849 812/848/848
f 776/812/812 812/848/848 811/847/847
f 775/811/811 811/847/847 810/846/846
f 774/810/810 810/846/846 809/845/845
f 773/809/809 809/845/845 808/844/844
f 772/808/808 808/844/844 807/843/843
f 771/807/807 807/843/843 806/842/842
f 770/806/806 806/842/842 805/841/841
f 769/805/805 805/841/841 804/840/840
f 768/804/804 804/840/840 803/839/839
f 767/803/803 803/839/839 802/838/838
f 766/802/802 802/838/838 801/837/837
f 729/765/765 765/801/801 800/836/836
f 764/800/800 800/836/836 799/835/835
f 763/799/799 799/835/835 798/834/834
f 762/798/798 798/834/834 797/833/833
f 761/797/797 797/833/833 796/832/832
f 760/796/796 796/832/832 795/831/831
f 759/795/795 795/831/831 794/830/830
f 758/794/794 794/830/830 793/829/829
f 757/793/793 793/829/829 792/828/828
f 756/792/792 792/828/828 791/827/827
f 755/791/791 791/827/827 790/826/826
f 754/790/790 790/826/826 789/825/825
f 753/789/789 789/825/825 788/824/824
f 752/788/788 788/824/824 787/823/823
f 751/787/787 787/823/823 786/822/822
f 750/786/786 786/822/822 785/821/821
f 749/785/785 785/821/821 784/820/820
f 748/784/784 784/820/820 783/819/819
f 747/783/783 783/819/819 782/818/818
f 746/782/782 782/818/818 781/817/817
f 745/781/781 781/817/817 780/816/816
f 744/780/780 780/816/816 779/815/815
f 743/779/779 779/815/815 778/814/814
f 742/778/778 778/814/814 777/813/813
f 741/777/777 777/813/813 776/812/812
f 740/776/776 776/812/812 775/811/811
f 739/775/775 775/811/811 774/810/810
f 738/774/774 774/810/810 773/809/809
f 737/773/773 773/809/809 772/808/808
f 736/772/772 772/808/808 771/807/807
f 735/771/771 771/807/807 770/806/806
f 734/770/770 770/806/806 769/805/805
f 733/769/769 769/805/805 768/804/804
f 732/768/768 768/804/804 767/803/803
f 731/767/767 767/803/803 766/802/802
f 730/766/766 766/802/802 765/801/801
f 693/729/729 729/765/765 764/800/800
f 728/764/764 764/800/800 763/799/799
f 727/763/763 763/799/799 762/798/798
f 726/762/762 762/798/798 761/797/797
f 725/761/761 761/797/797 760/796/796
f 724/760/760 760/796/796 759/795/795
f 723/759/759 759/795/795 758/794/794
f 722/758/758 758/794/794 757/793/793
f 721/757/757 757/793/793 756/792/792
f 720/756/756 756/792/792 755/791/791
f 719/755/755 755/791/791 754/790/790
f 718/754/754 754/790/790 753/789/789
f 717/753/753 753/789/789 752/788/788
f 716/752/752 752/788/788 751/787/787
f 715/751/751 751/787/787 750/786/786
f 714/750/750 750/786/786 749/785/785
f 713/749/749 749/785/785 748/784/784
f 712/748/748 748/784/784 747/783/783
f 711/747/747 747/783/783 746/782/782
f 710/746/746 746/782/782 745/781/781
f 709/745/745 745/781/781 744/780/780
f 708/744/744 744/780/780 743/779/779
f 707/743/743 743/779/779 742/778/778
f 706/742/742 742/778/778 741/777/777
f 705/741/741 741/777/777 740/776/776
f 704/740/740 740/776/776 739/775/775
f 703/739/739 739/775/775 738/774/774
f 702/738/738 738/774/774 737/773/773
f 701/737/737 737/773/773 736/772/772
f 700/736/736 736/772/772 735/771/771
f 699/735/735 735/771/771 734/770/770
f 698/734/734 734/770/770 733/769/769
f 697/733/733 733/769/769 732/768/768
f 696/732/732 732/768/768 731/767/767
f 695/731/731 731/767/767 730/766/766
f 694/730/730 730/766/766 729/765/765
f 657/693/693 693/729/729 728/764/764
f 692/728/728 728/764/764 727/763/763
f 691/727/727 727/763/763 726/762/762
f 690/726/726 726/762/762 725/761/761
f 689/725/725 725/761/761 724/760/760
f 688/724/724 724/760/760 723/759/759
f 687/723/723 723/759/759 722/758/758
f 686/722/722 722/758/758 721/757/757
f 685/721/721 721/757/757 720/756/756
f 684/720/720 720/756/756 719/755/755
f 683/719/719 719/755/755 718/754/754
f 682/718/718 718/754/754 717/753/753
f 681/717/717 717/753/753 716/752/752
f 680/716/716 716/752/752 715/751/751
f 679/715/715 715/751/751 714/750/750
f 678/714/714 714/750/750 713/749/749
f 677/713/713 713/749/749 712/748/748
f 676/712/712 712/748/748 711/747/747
f 675/711/711 711/747/747 710/746/746
f 674/710/710 710/746/746 709/745/745
f 673/709/709 709/745/745 708/744/744
f 672/708/708 708/744/744 707/743/743
f 671/707/707 707/743/743 706/742/742
f 670/706/706 706/742/742 705/741/741
f 669/705/705 705/741/741 704/740/740
f 668/704/704 704/740/740 703/739/739
f 667/703/703 703/739/739 702/738/738
f 666/702/702 702/738/738 701/737/737
f 665/701/701 701/737/737 700/736/736
f 664/700/700 700/736/736 699/735/735
f 663/699/699 699/735/735 698/734/734
f 662/698/698 698/734/734 697/733/733
f 661/697/697 697/733/733 696/732/732
f 660/696/696 696/732/732 695/731/731
f 659/695/695 695/731/731 694/730/730
f 658/694/694 694/730/730 693/729/729
f 585/621/621 657/693/693 692/728/728
f 656/692/692 692/728/728 691/727/727
f 654/690/690 691/727/727 690/726/726
f 652/688/688 690/726/726 689/725/725
f 650/686/686 689/725/725 688/724/724
f 648/684/684 688/724/724 687/723/723
f 646/682/682 687/723/723 686/722/722
f 644/680/680 686/722/722 685/721/721
f 642/678/678 685/721/721 684/720/720
f 640/676/676 684/720/720 683/719/719
f 638/674/674 683/719/719 682/718/718
f 636/672/672 682/718/718 681/717/717
f 634/670/670 681/717/717 680/716/716
f 632/668/668 680/716/716 679/715/715
f 630/666/666 679/715/715 678/714/714
f 628/664/664 678/714/714 677/713/713
f 626/662/662 677/713/713 676/712/712
f 624/660/660 676/712/712 675/711/711
f 622/658/658 675/711/711 674/710/710
f 620/656/656 674/710/710 673/709/709
f 618/654/654 673/709/709 672/708/708
f 616/652/652 672/708/708 671/707/707
f 614/650/650 671/707/707 670/706/706
f 612/648/648 670/706/706 669/705/705
f 610/646/646 669/705/705 668/704/704
f 608/644/644 668/704/704 667/703/703
f 606/642/642 667/703/703 666/702/702
f 604/640/640 666/702/702 665/701/701
f 602/638/638 665/701/701 664/700/700
f 600/636/636 664/700/700 663/699/699
f 598/634/634 663/699/699 662/698/698
f 596/632/632 662/698/698 661/697/697
f 594/630/630 661/697/697 660/696/696
f 592/628/628 660/696/696 659/695/695
f 590/626/626 659/695/695 658/694/694
f 588/624/624 658/694/694 657/693/693
f 586/622/622 585/621/621 656/692/692
f 655/691/691 656/692/692 654/690/690
f 653/689/689 654/690/690 652/688/688
f 651/687/687 652/688/688 650/686/686
f 649/685/685 650/686/686 648/684/684
f 647/683/683 648/684/684 646/682/682
f 645/681/681 646/682/682 644/680/680
f 643/679/679 644/680/680 642/678/678
f 641/677/677 642/678/678 640/676/676
f 639/675/675 640/676/676 638/674/674
f 637/673/673 638/674/674 636/672/672
f 635/671/671 636/672/672 634/670/670
f 633/669/669 634/670/670 632/668/668
f 631/667/667 632/668/668 630/666/666
f 629/665/665 630/666/666 628/664/664
f 627/663/663 628/664/664 626/662/662
f 625/661/661 626/662/662 624/660/660
f 623/659/659 624/660/660 622/658/658
f 621/657/657 622/658/658 620/656/656
f 619/655/655 620/656/656 618/654/654
f 617/653/653 618/654/654 616/652/652
f 615/651/651 616/652/652 614/650/650
f 613/649/649 614/650/650 612/648/648
f 611/647/647 612/648/648 610/646/646
f 609/645/645 610/646/646 608/644/644
f 607/643/643 608/644/644 606/642/642
f 605/641/641 606/642/642 604/640/640
f 603/639/639 604/640/640 602/638/638
f 601/637/637 602/638/638 600/636/636
f 599/635/635 600/636/636 598/634/634
f 597/633/633 598/634/634 596/632/632
f 595/631/631 596/632/632 594/630/630
f 593/629/629 594/630/630 592/628/628
f 591/627/627 592/628/628 590/626/626
f 589/625/625 590/626/626 588/624/624
f 587/623/623 588/624/624 585/621/621
f 953/1025/1025 954/1026/1026 955/1027/1027
f 956/1028/1028 957/1029/1029 958/1030/1030
f 959/1031/1031 960/1032/1032 961/1033/1033
f 962/1034/1034 963/1035/1035 964/1036/1036
f 965/1037/1037 966/1038/1038 967/1039/1039
f 968/1040/1040 969/1041/1041 970/1042/1042
f 971/1043/1043 972/1044/1044 973/1045/1045
f 974/1046/1046 975/1047/1047 976/1048/1048
f 977/1049/1049 978/1050/1050 979/1051/1051
f 979/1051/1051 970/1042/1042 977/1049/1049
f 980/1052/1052 970/1042/1042 981/1053/1053
f 970/1042/1042 982/1054/1054 981/1053/1053
f 980/1052/1052 983/1055/1055 984/1056/1056
f 968/1040/1040 985/1057/1057 986/1058/1058
f 968/1040/1040 980/1052/1052 985/1057/1057
f 987/1059/1059 988/1060/1060 989/1061/1061
f 987/1059/1059 986/1058/1058 988/1060/1060
f 976/1048/1048 987/1059/1059 990/1062/1062
f 990/1062/1062 991/1063/1063 976/1048/1048
f 992/1064/1064 991/1063/1063 993/1065/1065
f 992/1064/1064 994/1066/1066 995/1067/1067
f 995/1067/1067 974/1046/1046 992/1064/1064
f 996/1068/1068 974/1046/1046 997/1069/1069
f 974/1046/1046 998/1070/1070 997/1069/1069
f 996/1068/1068 999/1071/1071 1000/1072/1072
f 1000/1072/1072 1001/1073/1073 996/1068/1068
f 971/1043/1043 1001/1073/1073 1002/1074/1074
f 1001/1073/1073 1003/1075/1075 1002/1074/1074
f 971/1043/1043 1004/1076/1076 1005/1077/1077
f 972/1044/1044 1006/1078/1078 1007/1079/1079
f 972/1044/1044 971/1043/1043 1006/1078/1078
f 1008/1080/1080 1007/1079/1079 1009/1081/1081
f 1009/1081/1081 1010/1082/1082 1008/1080/1080
f 1011/1083/1083 1008/1080/1080 1012/1084/1084
f 1012/1084/1084 1013/1085/1085 1011/1083/1083
f 965/1037/1037 1013/1085/1085 1014/1086/1086
f 965/1037/1037 1015/1087/1087 1016/1088/1088
f 1016/1088/1088 966/1038/1038 965/1037/1037
f 1017/1089/1089 966/1038/1038 1018/1090/1090
f 966/1038/1038 1019/1091/1091 1018/1090/1090
f 1017/1089/1089 1020/1092/1092 1021/1093/1093
f 1021/1093/1093 959/1031/1031 1017/1089/1089
f 960/1032/1032 959/1031/1031 1022/1094/1094
f 959/1031/1031 1023/1095/1095 1022/1094/1094
f 960/1032/1032 1024/1096/1096 1025/1097/1097
f 961/1033/1033 1026/1098/1098 1027/1099/1099
f 961/1033/1033 960/1032/1032 1026/1098/1098
f 1028/1100/1100 1027/1099/1099 1029/1101/1101
f 1029/1101/1101 1030/1102/1102 1028/1100/1100
f 953/1025/1025 1028/1100/1100 1031/1103/1103
f 1031/1103/1103 1032/1104/1104 953/1025/1025
f 954/1026/1026 1032/1104/1104 1033/1105/1105
f 954/1026/1026 1034/1106/1106 1035/1107/1107
f 1035/1107/1107 955/1027/1027 954/1026/1026
f 1036/1108/1108 955/1027/1027 1037/1109/1109
f 955/1027/1027 1038/1110/1110 1037/1109/1109
f 1036/1108/1108 1039/1111/1111 1040/1112/1112
f 1040/1112/1112 957/1029/1029 1036/1108/1108
f 958/1030/1030 957/1029/1029 1041/1113/1113
f 957/1029/1029 1042/1114/1114 1041/1113/1113
f 958/1030/1030 1043/1115/1115 1044/1116/1116
f 1045/1117/1117 1046/1118/1118 1047/1119/1119
f 1045/1117/1117 958/1030/1030 1046/1118/1118
f 1048/1120/1120 1047/1119/1119 1049/1121/1121
f 1049/1121/1121 1050/1122/1122 1048/1120/1120
f 963/1035/1035 1048/1120/1120 1051/1123/1123
f 1051/1123/1123 1052/1124/1124 963/1035/1035
f 964/1036/1036 1052/1124/1124 1053/1125/1125
f 964/1036/1036 1054/1126/1126 1055/1127/1127
f 1055/1127/1127 1056/1128/1128 964/1036/1036
f 977/1049/1049 1056/1128/1128 1057/1129/1129
f 1056/1128/1128 1058/1130/1130 1057/1129/1129
f 977/1049/1049 576/1131/1131 575/1132/1132
f 575/1132/1132 1056/1128/1128 977/1049/1049
f 963/1035/1035 962/1034/1034 574/1133/1133
f 574/1133/1133 577/1134/1134 963/1035/1035
f 1048/1120/1120 578/1135/1135 571/1136/1136
f 1048/1120/1120 572/1137/1137 578/1135/1135
f 1048/1120/1120 963/1035/1035 573/1138/1138
f 573/1138/1138 572/1137/1137 1048/1120/1120
f 1045/1117/1117 570/1139/1139 569/1140/1140
f 1045/1117/1117 571/1136/1136 570/1139/1139
f 1036/1108/1108 957/1029/1029 568/1141/1141
f 957/1029/1029 956/1028/1028 568/1141/1141
f 1036/1108/1108 567/1142/1142 566/1143/1143
f 566/1143/1143 955/1027/1027 1036/1108/1108
f 953/1025/1025 1059/1144/1144 565/1145/1145
f 565/1145/1145 579/1146/1146 953/1025/1025
f 1028/1100/1100 953/1025/1025 564/1147/1147
f 1028/1100/1100 580/1148/1148 562/1149/1149
f 564/1147/1147 563/1150/1150 1028/1100/1100
f 563/1150/1150 580/1148/1148 1028/1100/1100
f 961/1033/1033 561/1151/1151 560/1152/1152
f 961/1033/1033 562/1149/1149 561/1151/1151
f 1017/1089/1089 959/1031/1031 559/1153/1153
f 959/1031/1031 1060/1154/1154 559/1153/1153
f 1017/1089/1089 558/1155/1155 557/1156/1156
f 557/1156/1156 966/1038/1038 1017/1089/1089
f 1011/1083/1083 967/1039/1039 556/1157/1157
f 556/1157/1157 581/1158/1158 1011/1083/1083
f 1008/1080/1080 1011/1083/1083 555/1159/1159
f 1008/1080/1080 582/1160/1160 553/1161/1161
f 555/1159/1159 554/1162/1162 1008/1080/1080
f 554/1162/1162 582/1160/1160 1008/1080/1080
f 972/1044/1044 552/1163/1163 551/1164/1164
f 972/1044/1044 553/1161/1161 552/1163/1163
f 996/1068/1068 1001/1073/1073 550/1165/1165
f 1001/1073/1073 973/1045/1045 550/1165/1165
f 996/1068/1068 549/1166/1166 548/1167/1167
f 548/1167/1167 974/1046/1046 996/1068/1068
f 976/1048/1048 975/1047/1047 547/1168/1168
f 547/1168/1168 583/1169/1169 976/1048/1048
f 987/1059/1059 584/1170/1170 544/1171/1171
f 987/1059/1059 545/1172/1172 584/1170/1170
f 987/1059/1059 976/1048/1048 546/1173/1173
f 546/1173/1173 545/1172/1172 987/1059/1059
f 968/1040/1040 543/1174/1174 542/1175/1175
f 968/1040/1040 544/1171/1171 543/1174/1174
f 977/1049/1049 970/1042/1042 541/1176/1176
f 970/1042/1042 969/1041/1041 541/1176/1176
f 541/1176/1176 576/1131/1131 977/1049/1049
f 541/1176/1176 969/1041/1041 542/1175/1175
f 542/1175/1175 969/1041/1041 968/1040/1040
f 544/1171/1171 968/1040/1040 987/1059/1059
f 583/1169/1169 546/1173/1173 976/1048/1048
f 547/1168/1168 975/1047/1047 548/1167/1167
f 548/1167/1167 975/1047/1047 974/1046/1046
f 550/1165/1165 549/1166/1166 996/1068/1068
f 550/1165/1165 973/1045/1045 551/1164/1164
f 551/1164/1164 973/1045/1045 972/1044/1044
f 553/1161/1161 972/1044/1044 1008/1080/1080
f 581/1158/1158 555/1159/1159 1011/1083/1083
f 556/1157/1157 967/1039/1039 557/1156/1156
f 557/1156/1156 967/1039/1039 966/1038/1038
f 559/1153/1153 558/1155/1155 1017/1089/1089
f 559/1153/1153 1060/1154/1154 560/1152/1152
f 560/1152/1152 1060/1154/1154 961/1033/1033
f 562/1149/1149 961/1033/1033 1028/1100/1100
f 579/1146/1146 564/1147/1147 953/1025/1025
f 565/1145/1145 1059/1144/1144 566/1143/1143
f 566/1143/1143 1059/1144/1144 955/1027/1027
f 568/1141/1141 567/1142/1142 1036/1108/1108
f 568/1141/1141 956/1028/1028 569/1140/1140
f 569/1140/1140 956/1028/1028 1045/1117/1117
f 571/1136/1136 1045/1117/1117 1048/1120/1120
f 577/1134/1134 573/1138/1138 963/1035/1035
f 574/1133/1133 962/1034/1034 575/1132/1132
f 575/1132/1132 962/1034/1034 1056/1128/1128
f 1057/1129/1129 978/1050/1050 977/1049/1049
f 1055/1127/1127 1058/1130/1130 1056/1128/1128
f 1053/1125/1125 1054/1126/1126 964/1036/1036
f 1052/1124/1124 964/1036/1036 963/1035/1035
f 1050/1122/1122 1051/1123/1123 1048/1120/1120
f 1047/1119/1119 1048/1120/1120 1045/1117/1117
f 1044/1116/1116 1046/1118/1118 958/1030/1030
f 1041/1113/1113 1043/1115/1115 958/1030/1030
f 1040/1112/1112 1042/1114/1114 957/1029/1029
f 1037/1109/1109 1039/1111/1111 1036/1108/1108
f 1035/1107/1107 1038/1110/1110 955/1027/1027
f 1033/1105/1105 1034/1106/1106 954/1026/1026
f 1032/1104/1104 954/1026/1026 953/1025/1025
f 1030/1102/1102 1031/1103/1103 1028/1100/1100
f 1027/1099/1099 1028/1100/1100 961/1033/1033
f 1025/1097/1097 1026/1098/1098 960/1032/1032
f 1022/1094/1094 1024/1096/1096 960/1032/1032
f 1021/1093/1093 1023/1095/1095 959/1031/1031
f 1018/1090/1090 1020/1092/1092 1017/1089/1089
f 1016/1088/1088 1019/1091/1091 966/1038/1038
f 1014/1086/1086 1015/1087/1087 965/1037/1037
f 1013/1085/1085 965/1037/1037 1011/1083/1083
f 1010/1082/1082 1012/1084/1084 1008/1080/1080
f 1007/1079/1079 1008/1080/1080 972/1044/1044
f 1005/1077/1077 1006/1078/1078 971/1043/1043
f 1002/1074/1074 1004/1076/1076 971/1043/1043
f 1000/1072/1072 1003/1075/1075 1001/1073/1073
f 997/1069/1069 999/1071/1071 996/1068/1068
f 995/1067/1067 998/1070/1070 974/1046/1046
f 993/1065/1065 994/1066/1066 992/1064/1064
f 991/1063/1063 992/1064/1064 976/1048/1048
f 989/1061/1061 990/1062/1062 987/1059/1059
f 986/1058/1058 987/1059/1059 968/1040/1040
f 984/1056/1056 985/1057/1057 980/1052/1052
f 981/1053/1053 983/1055/1055 980/1052/1052
f 979/1051/1051 982/1054/1054 970/1042/1042
f 976/1048/1048 992/1064/1064 974/1046/1046
f 973/1045/1045 1001/1073/1073 971/1043/1043
f 970/1042/1042 980/1052/1052 968/1040/1040
f 967/1039/1039 1011/1083/1083 965/1037/1037
f 964/1036/1036 1056/1128/1128 962/1034/1034
f 961/1033/1033 1060/1154/1154 959/1031/1031
f 958/1030/1030 1045/1117/1117 956/1028/1028
f 955/1027/1027 1059/1144/1144 953/1025/1025
f 1061/1177/1177 1062/1178/1178 1063/1179/1179
f 1064/1180/1180 1065/1181/1181 1066/1182/1182
f 1067/1183/1183 1068/1184/1184 1069/1185/1185
f 1070/1186/1186 1071/1187/1187 1072/1188/1188
f 1073/1189/1189 1074/1190/1190 1075/1191/1191
f 1076/1192/1192 1077/1193/1193 1078/1194/1194
f 1079/1195/1195 1080/1196/1196 1081/1197/1197
f 1082/1198/1198 1083/1199/1199 1084/1200/1200
f 1085/1201/1201 1086/1202/1202 1087/1203/1203
f 1087/1203/1203 1067/1183/1183 1085/1201/1201
f 1068/1184/1184 1067/1183/1183 1088/1204/1204
f 1067/1183/1183 1089/1205/1205 1088/1204/1204
f 1068/1184/1184 1090/1206/1206 1091/1207/1207
f 1069/1185/1185 1092/1208/1208 1093/1209/1209
f 1069/1185/1185 1068/1184/1184 1092/1208/1208
f 1094/1210/1210 1095/1211/1211 1096/1212/1212
f 1094/1210/1210 1093/1209/1209 1095/1211/1211
f 1061/1177/1177 1094/1210/1210 1097/1213/1213
f 1097/1213/1213 1098/1214/1214 1061/1177/1177
f 1062/1178/1178 1098/1214/1214 1099/1215/1215
f 1062/1178/1178 1100/1216/1216 1101/1217/1217
f 1101/1217/1217 1063/1179/1179 1062/1178/1178
f 1102/1218/1218 1063/1179/1179 1103/1219/1219
f 1063/1179/1179 1104/1220/1220 1103/1219/1219
f 1102/1218/1218 1105/1221/1221 1106/1222/1222
f 1106/1222/1222 1065/1181/1181 1102/1218/1218
f 1066/1182/1182 1065/1181/1181 1107/1223/1223
f 1065/1181/1181 1108/1224/1224 1107/1223/1223
f 1066/1182/1182 1109/1225/1225 1110/1226/1226
f 1111/1227/1227 1112/1228/1228 1113/1229/1229
f 1111/1227/1227 1066/1182/1182 1112/1228/1228
f 1114/1230/1230 1115/1231/1231 1116/1232/1232
f 1114/1230/1230 1113/1229/1229 1115/1231/1231
f 1071/1187/1187 1114/1230/1230 1117/1233/1233
f 1117/1233/1233 1118/1234/1234 1071/1187/1187
f 1072/1188/1188 1118/1234/1234 1119/1235/1235
f 1072/1188/1188 1120/1236/1236 1121/1237/1237
f 1121/1237/1237 1122/1238/1238 1072/1188/1188
f 1123/1239/1239 1122/1238/1238 1124/1240/1240
f 1122/1238/1238 1125/1241/1241 1124/1240/1240
f 1123/1239/1239 1126/1242/1242 1127/1243/1243
f 1127/1243/1243 1078/1194/1194 1123/1239/1239
f 1128/1244/1244 1078/1194/1194 1129/1245/1245
f 1078/1194/1194 1130/1246/1246 1129/1245/1245
f 1128/1244/1244 1131/1247/1247 1132/1248/1248
f 1076/1192/1192 1133/1249/1249 1134/1250/1250
f 1076/1192/1192 1128/1244/1244 1133/1249/1249
f 1135/1251/1251 1136/1252/1252 1137/1253/1253
f 1135/1251/1251 1134/1250/1250 1136/1252/1252
f 1084/1200/1200 1135/1251/1251 1138/1254/1254
f 1138/1254/1254 1139/1255/1255 1084/1200/1200
f 1140/1256/1256 1139/1255/1255 1141/1257/1257
f 1140/1256/1256 1142/1258/1258 1143/1259/1259
f 1143/1259/1259 1082/1198/1198 1140/1256/1256
f 1144/1260/1260 1082/1198/1198 1145/1261/1261
f 1082/1198/1198 1146/1262/1262 1145/1261/1261
f 1144/1260/1260 1147/1263/1263 1148/1264/1264
f 1148/1264/1264 1149/1265/1265 1144/1260/1260
f 1079/1195/1195 1149/1265/1265 1150/1266/1266
f 1149/1265/1265 1151/1267/1267 1150/1266/1266
f 1079/1195/1195 1152/1268/1268 1153/1269/1269
f 1080/1196/1196 1154/1270/1270 1155/1271/1271
f 1080/1196/1196 1079/1195/1195 1154/1270/1270
f 1156/1272/1272 1155/1271/1271 1157/1273/1273
f 1157/1273/1273 1158/1274/1274 1156/1272/1272
f 1159/1275/1275 1156/1272/1272 1160/1276/1276
f 1160/1276/1276 1161/1277/1277 1159/1275/1275
f 1073/1189/1189 1161/1277/1277 1162/1278/1278
f 1073/1189/1189 1163/1279/1279 1164/1280/1280
f 1164/1280/1280 1074/1190/1190 1073/1189/1189
f 1085/1201/1201 1074/1190/1190 1165/1281/1281
f 1074/1190/1190 1166/1282/1282 1165/1281/1281
f 1085/1201/1201 909/1283/1283 952/1284/1284
f 952/1284/1284 1074/1190/1190 1085/1201/1201
f 1159/1275/1275 1075/1191/1191 951/1285/1285
f 951/1285/1285 950/1286/1286 1159/1275/1275
f 1156/1272/1272 1159/1275/1275 949/1287/1287
f 1156/1272/1272 947/1288/1288 946/1289/1289
f 949/1287/1287 948/1290/1290 1156/1272/1272
f 948/1290/1290 947/1288/1288 1156/1272/1272
f 1080/1196/1196 945/1291/1291 944/1292/1292
f 1080/1196/1196 946/1289/1289 945/1291/1291
f 1144/1260/1260 1149/1265/1265 943/1293/1293
f 1149/1265/1265 1081/1197/1197 943/1293/1293
f 1144/1260/1260 942/1294/1294 941/1295/1295
f 941/1295/1295 1082/1198/1198 1144/1260/1260
f 1084/1200/1200 1083/1199/1199 940/1296/1296
f 940/1296/1296 939/1297/1297 1084/1200/1200
f 1135/1251/1251 936/1298/1298 935/1299/1299
f 1135/1251/1251 937/1300/1300 936/1298/1298
f 1135/1251/1251 1084/1200/1200 938/1301/1301
f 938/1301/1301 937/1300/1300 1135/1251/1251
f 1076/1192/1192 934/1302/1302 933/1303/1303
f 1076/1192/1192 935/1299/1299 934/1302/1302
f 1123/1239/1239 1078/1194/1194 932/1304/1304
f 1078/1194/1194 1077/1193/1193 932/1304/1304
f 1123/1239/1239 931/1305/1305 930/1306/1306
f 930/1306/1306 1122/1238/1238 1123/1239/1239
f 1071/1187/1187 1070/1186/1186 929/1307/1307
f 929/1307/1307 928/1308/1308 1071/1187/1187
f 1114/1230/1230 1071/1187/1187 927/1309/1309
f 1114/1230/1230 925/1310/1310 924/1311/1311
f 927/1309/1309 926/1312/1312 1114/1230/1230
f 926/1312/1312 925/1310/1310 1114/1230/1230
f 1111/1227/1227 923/1313/1313 922/1314/1314
f 1111/1227/1227 924/1311/1311 923/1313/1313
f 1102/1218/1218 1065/1181/1181 921/1315/1315
f 1065/1181/1181 1064/1180/1180 921/1315/1315
f 1102/1218/1218 920/1316/1316 919/1317/1317
f 919/1317/1317 1063/1179/1179 1102/1218/1218
f 1061/1177/1177 1167/1318/1318 918/1319/1319
f 918/1319/1319 917/1320/1320 1061/1177/1177
f 1094/1210/1210 1061/1177/1177 916/1321/1321
f 1094/1210/1210 914/1322/1322 913/1323/1323
f 916/1321/1321 915/1324/1324 1094/1210/1210
f 915/1324/1324 914/1322/1322 1094/1210/1210
f 1069/1185/1185 912/1325/1325 911/1326/1326
f 1069/1185/1185 913/1323/1323 912/1325/1325
f 1085/1201/1201 1067/1183/1183 910/1327/1327
f 1067/1183/1183 1168/1328/1328 910/1327/1327
f 910/1327/1327 909/1283/1283 1085/1201/1201
f 910/1327/1327 1168/1328/1328 911/1326/1326
f 911/1326/1326 1168/1328/1328 1069/1185/1185
f 913/1323/1323 1069/1185/1185 1094/1210/1210
f 917/1320/1320 916/1321/1321 1061/1177/1177
f 918/1319/1319 1167/1318/1318 919/1317/1317
f 919/1317/1317 1167/1318/1318 1063/1179/1179
f 921/1315/1315 920/1316/1316 1102/1218/1218
f 921/1315/1315 1064/1180/1180 922/1314/1314
f 922/1314/1314 1064/1180/1180 1111/1227/1227
f 924/1311/1311 1111/1227/1227 1114/1230/1230
f 928/1308/1308 927/1309/1309 1071/1187/1187
f 929/1307/1307 1070/1186/1186 930/1306/1306
f 930/1306/1306 1070/1186/1186 1122/1238/1238
f 932/1304/1304 931/1305/1305 1123/1239/1239
f 932/1304/1304 1077/1193/1193 933/1303/1303
f 933/1303/1303 1077/1193/1193 1076/1192/1192
f 935/1299/1299 1076/1192/1192 1135/1251/1251
f 939/1297/1297 938/1301/1301 1084/1200/1200
f 940/1296/1296 1083/1199/1199 941/1295/1295
f 941/1295/1295 1083/1199/1199 1082/1198/1198
f 943/1293/1293 942/1294/1294 1144/1260/1260
f 943/1293/1293 1081/1197/1197 944/1292/1292
f 944/1292/1292 1081/1197/1197 1080/1196/1196
f 946/1289/1289 1080/1196/1196 1156/1272/1272
f 950/1286/1286 949/1287/1287 1159/1275/1275
f 951/1285/1285 1075/1191/1191 952/1284/1284
f 952/1284/1284 1075/1191/1191 1074/1190/1190
f 1165/1281/1281 1086/1202/1202 1085/1201/1201
f 1164/1280/1280 1166/1282/1282 1074/1190/1190
f 1162/1278/1278 1163/1279/1279 1073/1189/1189
f 1161/1277/1277 1073/1189/1189 1159/1275/1275
f 1158/1274/1274 1160/1276/1276 1156/1272/1272
f 1155/1271/1271 1156/1272/1272 1080/1196/1196
f 1153/1269/1269 1154/1270/1270 1079/1195/1195
f 1150/1266/1266 1152/1268/1268 1079/1195/1195
f 1148/1264/1264 1151/1267/1267 1149/1265/1265
f 1145/1261/1261 1147/1263/1263 1144/1260/1260
f 1143/1259/1259 1146/1262/1262 1082/1198/1198
f 1141/1257/1257 1142/1258/1258 1140/1256/1256
f 1139/1255/1255 1140/1256/1256 1084/1200/1200
f 1137/1253/1253 1138/1254/1254 1135/1251/1251
f 1134/1250/1250 1135/1251/1251 1076/1192/1192
f 1132/1248/1248 1133/1249/1249 1128/1244/1244
f 1129/1245/1245 1131/1247/1247 1128/1244/1244
f 1127/1243/1243 1130/1246/1246 1078/1194/1194
f 1124/1240/1240 1126/1242/1242 1123/1239/1239
f 1121/1237/1237 1125/1241/1241 1122/1238/1238
f 1119/1235/1235 1120/1236/1236 1072/1188/1188
f 1118/1234/1234 1072/1188/1188 1071/1187/1187
f 1116/1232/1232 1117/1233/1233 1114/1230/1230
f 1113/1229/1229 1114/1230/1230 1111/1227/1227
f 1110/1226/1226 1112/1228/1228 1066/1182/1182
f 1107/1223/1223 1109/1225/1225 1066/1182/1182
f 1106/1222/1222 1108/1224/1224 1065/1181/1181
f 1103/1219/1219 1105/1221/1221 1102/1218/1218
f 1101/1217/1217 1104/1220/1220 1063/1179/1179
f 1099/1215/1215 1100/1216/1216 1062/1178/1178
f 1098/1214/1214 1062/1178/1178 1061/1177/1177
f 1096/1212/1212 1097/1213/1213 1094/1210/1210
f 1093/1209/1209 1094/1210/1210 1069/1185/1185
f 1091/1207/1207 1092/1208/1208 1068/1184/1184
f 1088/1204/1204 1090/1206/1206 1068/1184/1184
f 1087/1203/1203 1089/1205/1205 1067/1183/1183
f 1084/1200/1200 1140/1256/1256 1082/1198/1198
f 1081/1197/1197 1149/1265/1265 1079/1195/1195
f 1078/1194/1194 1128/1244/1244 1076/1192/1192
f 1075/1191/1191 1159/1275/1275 1073/1189/1189
f 1072/1188/1188 1122/1238/1238 1070/1186/1186
f 1069/1185/1185 1168/1328/1328 1067/1183/1183
f 1066/1182/1182 1111/1227/1227 1064/1180/1180
f 1063/1179/1179 1167/1318/1318 1061/1177/1177
f 1169/1329/1329 1170/1330/1330 1171/1331/1331
f 1172/1332/1332 1171/1331/1331 1173/1333/1333
f 1174/1334/1334 1173/1333/1333 1175/1335/1335
f 1176/1336/1336 1175/1335/1335 1177/1337/1337
f 1178/1338/1338 1177/1337/1337 1179/1339/1339
f 1180/1340/1340 1179/1339/1339 1181/1341/1341
f 1182/1342/1342 1181/1341/1341 1183/1343/1343
f 1184/1344/1344 1183/1343/1343 1185/1345/1345
f 1186/1346/1346 1185/1345/1345 1187/1347/1347
f 1188/1348/1348 1187/1347/1347 1189/1349/1349
f 1190/1350/1350 1189/1349/1349 1191/1351/1351
f 1192/1352/1352 1191/1351/1351 1193/1353/1353
f 1194/1354/1354 1193/1353/1353 1195/1355/1355
f 1196/1356/1356 1195/1355/1355 1197/1357/1357
f 1198/1358/1358 1197/1357/1357 1199/1359/1359
f 1200/1360/1360 1199/1359/1359 1201/1361/1361
f 1202/1362/1362 1201/1361/1361 1203/1363/1363
f 1204/1364/1364 1203/1363/1363 1205/1365/1365
f 1206/1366/1366 1205/1365/1365 1207/1367/1367
f 1208/1368/1368 1207/1367/1367 1209/1369/1369
f 1210/1370/1370 1209/1369/1369 1211/1371/1371
f 1212/1372/1372 1211/1371/1371 1213/1373/1373
f 1214/1374/1374 1213/1373/1373 1215/1375/1375
f 1216/1376/1376 1215/1375/1375 1217/1377/1377
f 1218/1378/1378 1217/1377/1377 1219/1379/1379
f 1220/1380/1380 1219/1379/1379 1221/1381/1381
f 1222/1382/1382 1221/1381/1381 1223/1383/1383
f 1224/1384/1384 1223/1383/1383 1225/1385/1385
f 1226/1386/1386 1225/1385/1385 1227/1387/1387
f 1228/1388/1388 1227/1387/1387 1229/1389/1389
f 1230/1390/1390 1229/1389/1389 1231/1391/1391
f 1232/1392/1392 1231/1391/1391 1233/1393/1393
f 1234/1394/1394 1233/1393/1393 1235/1395/1395
f 1236/1396/1396 1235/1395/1395 1237/1397/1397
f 1238/1398/1398 1237/1397/1397 1239/1399/1399
f 1240/1400/1400 1239/1399/1399 1170/1330/1330
f 1241/1401/1401 1169/1329/1329 1172/1332/1332
f 1242/1402/1402 1172/1332/1332 1174/1334/1334
f 1243/1403/1403 1174/1334/1334 1176/1336/1336
f 1244/1404/1404 1176/1336/1336 1178/1338/1338
f 1245/1405/1405 1178/1338/1338 1180/1340/1340
f 1246/1406/1406 1180/1340/1340 1182/1342/1342
f 1247/1407/1407 1182/1342/1342 1184/1344/1344
f 1248/1408/1408 1184/1344/1344 1186/1346/1346
f 1249/1409/1409 1186/1346/1346 1188/1348/1348
f 1250/1410/1410 1188/1348/1348 1190/1350/1350
f 1251/1411/1411 1190/1350/1350 1192/1352/1352
f 1252/1412/1412 1192/1352/1352 1194/1354/1354
f 1253/1413/1413 1194/1354/1354 1196/1356/1356
f 1254/1414/1414 1196/1356/1356 1198/1358/1358
f 1255/1415/1415 1198/1358/1358 1200/1360/1360
f 1256/1416/1416 1200/1360/1360 1202/1362/1362
f 1257/1417/1417 1202/1362/1362 1204/1364/1364
f 1258/1418/1418 1204/1364/1364 1206/1366/1366
f 1259/1419/1419 1206/1366/1366 1208/1368/1368
f 1260/1420/1420 1208/1368/1368 1210/1370/1370
f 1261/1421/1421 1210/1370/1370 1212/1372/1372
f 1262/1422/1422 1212/1372/1372 1214/1374/1374
f 1263/1423/1423 1214/1374/1374 1216/1376/1376
f 1264/1424/1424 1216/1376/1376 1218/1378/1378
f 1265/1425/1425 1218/1378/1378 1220/1380/1380
f 1266/1426/1426 1220/1380/1380 1222/1382/1382
f 1267/1427/1427 1222/1382/1382 1224/1384/1384
f 1268/1428/1428 1224/1384/1384 1226/1386/1386
f 1269/1429/1429 1226/1386/1386 1228/1388/1388
f 1270/1430/1430 1228/1388/1388 1230/1390/1390
f 1271/1431/1431 1230/1390/1390 1232/1392/1392
f 1272/1432/1432 1232/1392/1392 1234/1394/1394
f 1273/1433/1433 1234/1394/1394 1236/1396/1396
f 1274/1434/1434 1236/1396/1396 1238/1398/1398
f 1275/1435/1435 1238/1398/1398 1240/1400/1400
f 1276/1436/1436 1240/1400/1400 1169/1329/1329
f 1277/1437/1437 1241/1401/1401 1242/1402/1402
f 1278/1438/1438 1242/1402/1402 1243/1403/1403
f 1279/1439/1439 1243/1403/1403 1244/1404/1404
f 1280/1440/1440 1244/1404/1404 1245/1405/1405
f 1281/1441/1441 1245/1405/1405 1246/1406/1406
f 1282/1442/1442 1246/1406/1406 1247/1407/1407
f 1283/1443/1443 1247/1407/1407 1248/1408/1408
f 1284/1444/1444 1248/1408/1408 1249/1409/1409
f 1285/1445/1445 1249/1409/1409 1250/1410/1410
f 1286/1446/1446 1250/1410/1410 1251/1411/1411
f 1287/1447/1447 1251/1411/1411 1252/1412/1412
f 1288/1448/1448 1252/1412/1412 1253/1413/1413
f 1289/1449/1449 1253/1413/1413 1254/1414/1414
f 1290/1450/1450 1254/1414/1414 1255/1415/1415
f 1291/1451/1451 1255/1415/1415 1256/1416/1416
f 1292/1452/1452 1256/1416/1416 1257/1417/1417
f 1293/1453/1453 1257/1417/1417 1258/1418/1418
f 1294/1454/1454 1258/1418/1418 1259/1419/1419
f 1295/1455/1455 1259/1419/1419 1260/1420/1420
f 1296/1456/1456 1260/1420/1420 1261/1421/1421
f 1297/1457/1457 1261/1421/1421 1262/1422/1422
f 1298/1458/1458 1262/1422/1422 1263/1423/1423
f 1299/1459/1459 1263/1423/1423 1264/1424/1424
f 1300/1460/1460 1264/1424/1424 1265/1425/1425
f 1301/1461/1461 1265/1425/1425 1266/1426/1426
f 1302/1462/1462 1266/1426/1426 1267/1427/1427
f 1303/1463/1463 1267/1427/1427 1268/1428/1428
f 1304/1464/1464 1268/1428/1428 1269/1429/1429
f 1305/1465/1465 1269/1429/1429 1270/1430/1430
f 1306/1466/1466 1270/1430/1430 1271/1431/1431
f 1307/1467/1467 1271/1431/1431 1272/1432/1432
f 1308/1468/1468 1272/1432/1432 1273/1433/1433
f 1309/1469/1469 1273/1433/1433 1274/1434/1434
f 1310/1470/1470 1274/1434/1434 1275/1435/1435
f 1311/1471/1471 1275/1435/1435 1276/1436/1436
f 1312/1472/1472 1276/1436/1436 1241/1401/1401
f 1313/1473/1473 1277/1437/1437 1278/1438/1438
f 1314/1474/1474 1278/1438/1438 1279/1439/1439
f 1315/1475/1475 1279/1439/1439 1280/1440/1440
f 1316/1476/1476 1280/1440/1440 1281/1441/1441
f 1317/1477/1477 1281/1441/1441 1282/1442/1442
f 1318/1478/1478 1282/1442/1442 1283/1443/1443
f 1319/1479/1479 1283/1443/1443 1284/1444/1444
f 1320/1480/1480 1284/1444/1444 1285/1445/1445
f 1321/1481/1481 1285/1445/1445 1286/1446/1446
f 1322/1482/1482 1286/1446/1446 1287/1447/1447
f 1323/1483/1483 1287/1447/1447 1288/1448/1448
f 1324/1484/1484 1288/1448/1448 1289/1449/1449
f 1325/1485/1485 1289/1449/1449 1290/1450/1450
f 1326/1486/1486 1290/1450/1450 1291/1451/1451
f 1327/1487/1487 1291/1451/1451 1292/1452/1452
f 1328/1488/1488 1292/1452/1452 1293/1453/1453
f 1329/1489/1489 1293/1453/1453 1294/1454/1454
f 1330/1490/1490 1294/1454/1454 1295/1455/1455
f 1331/1491/1491 1295/1455/1455 1296/1456/1456
f 1332/1492/1492 1296/1456/1456 1297/1457/1457
f 1333/1493/1493 1297/1457/1457 1298/1458/1458
f 1334/1494/1494 1298/1458/1458 1299/1459/1459
f 1335/1495/1495 1299/1459/1459 1300/1460/1460
f 1336/1496/1496 1300/1460/1460 1301/1461/1461
f 1337/1497/1497 1301/1461/1461 1302/1462/1462
f 1338/1498/1498 1302/1462/1462 1303/1463/1463
f 1339/1499/1499 1303/1463/1463 1304/1464/1464
f 1340/1500/1500 1304/1464/1464 1305/1465/1465
f 1341/1501/1501 1305/1465/1465 1306/1466/1466
f 1342/1502/1502 1306/1466/1466 1307/1467/1467
f 1343/1503/1503 1307/1467/1467 1308/1468/1468
f 1344/1504/1504 1308/1468/1468 1309/1469/1469
f 1345/1505/1505 1309/1469/1469 1310/1470/1470
f 1346/1506/1506 1310/1470/1470 1311/1471/1471
f 1347/1507/1507 1311/1471/1471 1312/1472/1472
f 1348/1508/1508 1312/1472/1472 1277/1437/1437
f 1349/1509/1509 1313/1473/1473 1314/1474/1474
f 1350/1510/1510 1314/1474/1474 1315/1475/1475
f 1351/1511/1511 1315/1475/1475 1316/1476/1476
f 1352/1512/1512 1316/1476/1476 1317/1477/1477
f 1353/1513/1513 1317/1477/1477 1318/1478/1478
f 1354/1514/1514 1318/1478/1478 1319/1479/1479
f 1355/1515/1515 1319/1479/1479 1320/1480/1480
f 1356/1516/1516 1320/1480/1480 1321/1481/1481
f 1357/1517/1517 1321/1481/1481 1322/1482/1482
f 1358/1518/1518 1322/1482/1482 1323/1483/1483
f 1359/1519/1519 1323/1483/1483 1324/1484/1484
f 1360/1520/1520 1324/1484/1484 1325/1485/1485
f 1361/1521/1521 1325/1485/1485 1326/1486/1486
f 1362/1522/1522 1326/1486/1486 1327/1487/1487
f 1363/1523/1523 1327/1487/1487 1328/1488/1488
f 1364/1524/1524 1328/1488/1488 1329/1489/1489
f 1365/1525/1525 1329/1489/1489 1330/1490/1490
f 1366/1526/1526 1330/1490/1490 1331/1491/1491
f 1367/1527/1527 1331/1491/1491 1332/1492/1492
f 1368/1528/1528 1332/1492/1492 1333/1493/1493
f 1369/1529/1529 1333/1493/1493 1334/1494/1494
f 1370/1530/1530 1334/1494/1494 1335/1495/1495
f 1371/1531/1531 1335/1495/1495 1336/1496/1496
f 1372/1532/1532 1336/1496/1496 1337/1497/1497
f 1373/1533/1533 1337/1497/1497 1338/1498/1498
f 1374/1534/1534 1338/1498/1498 1339/1499/1499
f 1375/1535/1535 1339/1499/1499 1340/1500/1500
f 1376/1536/1536 1340/1500/1500 1341/1501/1501
f 1377/1537/1537 1341/1501/1501 1342/1502/1502
f 1378/1538/1538 1342/1502/1502 1343/1503/1503
f 1379/1539/1539 1343/1503/1503 1344/1504/1504
f 1380/1540/1540 1344/1504/1504 1345/1505/1505
f 1381/1541/1541 1345/1505/1505 1346/1506/1506
f 1382/1542/1542 1346/1506/1506 1347/1507/1507
f 1383/1543/1543 1347/1507/1507 1348/1508/1508
f 1384/1544/1544 1348/1508/1508 1313/1473/1473
f 1385/1545/1545 1349/1509/1509 1350/1510/1510
f 1386/1546/1546 1350/1510/1510 1351/1511/1511
f 1387/1547/1547 1351/1511/1511 1352/1512/1512
f 1388/1548/1548 1352/1512/1512 1353/1513/1513
f 1389/1549/1549 1353/1513/1513 1354/1514/1514
f 1390/1550/1550 1354/1514/1514 1355/1515/1515
f 1391/1551/1551 1355/1515/1515 1356/1516/1516
f 1392/1552/1552 1356/1516/1516 1357/1517/1517
f 1393/1553/1553 1357/1517/1517 1358/1518/1518
f 1394/1554/1554 1358/1518/1518 1359/1519/1519
f 1395/1555/1555 1359/1519/1519 1360/1520/1520
f 1396/1556/1556 1360/1520/1520 1361/1521/1521
f 1397/1557/1557 1361/1521/1521 1362/1522/1522
f 1398/1558/1558 1362/1522/1522 1363/1523/1523
f 1399/1559/1559 1363/1523/1523 1364/1524/1524
f 1400/1560/1560 1364/1524/1524 1365/1525/1525
f 1401/1561/1561 1365/1525/1525 1366/1526/1526
f 1402/1562/1562 1366/1526/1526 1367/1527/1527
f 1403/1563/1563 1367/1527/1527 1368/1528/1528
f 1404/1564/1564 1368/1528/1528 1369/1529/1529
f 1405/1565/1565 1369/1529/1529 1370/1530/1530
f 1406/1566/1566 1370/1530/1530 1371/1531/1531
f 1407/1567/1567 1371/1531/1531 1372/1532/1532
f 1408/1568/1568 1372/1532/1532 1373/1533/1533
f 1409/1569/1569 1373/1533/1533 1374/1534/1534
f 1410/1570/1570 1374/1534/1534 1375/1535/1535
f 1411/1571/1571 1375/1535/1535 1376/1536/1536
f 1412/1572/1572 1376/1536/1536 1377/1537/1537
f 1413/1573/1573 1377/1537/1537 1378/1538/1538
f 1414/1574/1574 1378/1538/1538 1379/1539/1539
f 1415/1575/1575 1379/1539/1539 1380/1540/1540
f 1416/1576/1576 1380/1540/1540 1381/1541/1541
f 1417/1577/1577 1381/1541/1541 1382/1542/1542
f 1418/1578/1578 1382/1542/1542 1383/1543/1543
f 1419/1579/1579 1383/1543/1543 1384/1544/1544
f 1420/1580/1580 1384/1544/1544 1349/1509/1509
f 1421/1581/1581 1385/1545/1545 1386/1546/1546
f 1422/1582/1582 1386/1546/1546 1387/1547/1547
f 1423/1583/1583 1387/1547/1547 1388/1548/1548
f 1424/1584/1584 1388/1548/1548 1389/1549/1549
f 1425/1585/1585 1389/1549/1549 1390/1550/1550
f 1426/1586/1586 1390/1550/1550 1391/1551/1551
f 1427/1587/1587 1391/1551/1551 1392/1552/1552
f 1428/1588/1588 1392/1552/1552 1393/1553/1553
f 1429/1589/1589 1393/1553/1553 1394/1554/1554
f 1430/1590/1590 1394/1554/1554 1395/1555/1555
f 1431/1591/1591 1395/1555/1555 1396/1556/1556
f 1432/1592/1592 1396/1556/1556 1397/1557/1557
f 1433/1593/1593 1397/1557/1557 1398/1558/1558
f 1434/1594/1594 1398/1558/1558 1399/1559/1559
f 1435/1595/1595 1399/1559/1559 1400/1560/1560
f 1436/1596/1596 1400/1560/1560 1401/1561/1561
f 1437/1597/1597 1401/1561/1561 1402/1562/1562
f 1438/1598/1598 1402/1562/1562 1403/1563/1563
f 1439/1599/1599 1403/1563/1563 1404/1564/1564
f 1440/1600/1600 1404/1564/1564 1405/1565/1565
f 1441/1601/1601 1405/1565/1565 1406/1566/1566
f 1442/1602/1602 1406/1566/1566 1407/1567/1567
f 1443/1603/1603 1407/1567/1567 1408/1568/1568
f 1444/1604/1604 1408/1568/1568 1409/1569/1569
f 1445/1605/1605 1409/1569/1569 1410/1570/1570
f 1446/1606/1606 1410/1570/1570 1411/1571/1571
f 1447/1607/1607 1411/1571/1571 1412/1572/1572
f 1448/1608/1608 1412/1572/1572 1413/1573/1573
f 1449/1609/1609 1413/1573/1573 1414/1574/1574
f 1450/1610/1610 1414/1574/1574 1415/1575/1575
f 1451/1611/1611 1415/1575/1575 1416/1576/1576
f 1452/1612/1612 1416/1576/1576 1417/1577/1577
f 1453/1613/1613 1417/1577/1577 1418/1578/1578
f 1454/1614/1614 1418/1578/1578 1419/1579/1579
f 1455/1615/1615 1419/1579/1579 1420/1580/1580
f 1456/1616/1616 1420/1580/1580 1385/1545/1545
f 1457/1617/1617 1421/1581/1581 1422/1582/1582
f 1458/1618/1618 1422/1582/1582 1423/1583/1583
f 1459/1619/1619 1423/1583/1583 1424/1584/1584
f 1460/1620/1620 1424/1584/1584 1425/1585/1585
f 1461/1621/1621 1425/1585/1585 1426/1586/1586
f 1462/1622/1622 1426/1586/1586 1427/1587/1587
f 1463/1623/1623 1427/1587/1587 1428/1588/1588
f 1464/1624/1624 1428/1588/1588 1429/1589/1589
f 1465/1625/1625 1429/1589/1589 1430/1590/1590
f 1466/1626/1626 1430/1590/1590 1431/1591/1591
f 1467/1627/1627 1431/1591/1591 1432/1592/1592
f 1468/1628/1628 1432/1592/1592 1433/1593/1593
f 1469/1629/1629 1433/1593/1593 1434/1594/1594
f 1470/1630/1630 1434/1594/1594 1435/1595/1595
f 1471/1631/1631 1435/1595/1595 1436/1596/1596
f 1472/1632/1632 1436/1596/1596 1437/1597/1597
f 1473/1633/1633 1437/1597/1597 1438/1598/1598
f 1474/1634/1634 1438/1598/1598 1439/1599/1599
f 1475/1635/1635 1439/1599/1599 1440/1600/1600
f 1476/1636/1636 1440/1600/1600 1441/1601/1601
f 1477/1637/1637 1441/1601/1601 1442/1602/1602
f 1478/1638/1638 1442/1602/1602 1443/1603/1603
f 1479/1639/1639 1443/1603/1603 1444/1604/1604
f 1480/1640/1640 1444/1604/1604 1445/1605/1605
f 1481/1641/1641 1445/1605/1605 1446/1606/1606
f 1482/1642/1642 1446/1606/1606 1447/1607/1607
f 1483/1643/1643 1447/1607/1607 1448/1608/1608
f 1484/1644/1644 1448/1608/1608 1449/1609/1609
f 1485/1645/1645 1449/1609/1609 1450/1610/1610
f 1486/1646/1646 1450/1610/1610 1451/1611/1611
f 1487/1647/1647 1451/1611/1611 1452/1612/1612
f 1488/1648/1648 1452/1612/1612 1453/1613/1613
f 1489/1649/1649 1453/1613/1613 1454/1614/1614
f 1490/1650/1650 1454/1614/1614 1455/1615/1615
f 1491/1651/1651 1455/1615/1615 1456/1616/1616
f 1492/1652/1652 1456/1616/1616 1421/1581/1581
f 1493/1653/1653 1492/1652/1652 1457/1617/1617
f 1494/1654/1654 1491/1651/1651 1492/1652/1652
f 1495/1655/1655 1490/1650/1650 1491/1651/1651
f 1496/1656/1656 1489/1649/1649 1490/1650/1650
f 1497/1657/1657 1488/1648/1648 1489/1649/1649
f 1498/1658/1658 1487/1647/1647 1488/1648/1648
f 1499/1659/1659 1486/1646/1646 1487/1647/1647
f 1500/1660/1660 1485/1645/1645 1486/1646/1646
f 1501/1661/1661 1484/1644/1644 1485/1645/1645
f 1502/1662/1662 1483/1643/1643 1484/1644/1644
f 1503/1663/1663 1482/1642/1642 1483/1643/1643
f 1504/1664/1664 1481/1641/1641 1482/1642/1642
f 1505/1665/1665 1480/1640/1640 1481/1641/1641
f 1506/1666/1666 1479/1639/1639 1480/1640/1640
f 1507/1667/1667 1478/1638/1638 1479/1639/1639
f 1508/1668/1668 1477/1637/1637 1478/1638/1638
f 1509/1669/1669 1476/1636/1636 1477/1637/1637
f 1510/1670/1670 1475/1635/1635 1476/1636/1636
f 1205/1365/1365 978/1671/1671 1057/1672/1672
f 1209/1369/1369 1207/1367/1367 1058/1673/1673
f 1207/1367/1367 1057/1672/1672 1058/1673/1673
f 1211/1371/1371 1209/1369/1369 1054/1674/1674
f 1209/1369/1369 1055/1675/1675 1054/1674/1674
f 1213/1373/1373 1211/1371/1371 1052/1676/1676
f 1052/1676/1676 1051/1677/1677 1213/1373/1373
f 1211/1371/1371 1053/1678/1678 1052/1676/1676
f 1213/1373/1373 1050/1679/1679 1049/1680/1680
f 1215/1375/1375 1047/1681/1681 1046/1682/1682
f 1215/1375/1375 1049/1680/1680 1047/1681/1681
f 1046/1682/1682 1217/1377/1377 1215/1375/1375
f 1217/1377/1377 1044/1683/1683 1043/1684/1684
f 1043/1684/1684 1219/1379/1379 1217/1377/1377
f 1219/1379/1379 1041/1685/1685 1042/1686/1686
f 1042/1686/1686 1221/1381/1381 1219/1379/1379
f 1221/1381/1381 1040/1687/1687 1039/1688/1688
f 1223/1383/1383 1039/1688/1688 1037/1689/1689
f 1227/1387/1387 1225/1385/1385 1038/1690/1690
f 1225/1385/1385 1037/1689/1689 1038/1690/1690
f 1229/1389/1389 1227/1387/1387 1034/1691/1691
f 1227/1387/1387 1035/1692/1692 1034/1691/1691
f 1231/1391/1391 1229/1389/1389 1032/1693/1693
f 1032/1693/1693 1031/1694/1694 1231/1391/1391
f 1229/1389/1389 1033/1695/1695 1032/1693/1693
f 1231/1391/1391 1030/1696/1696 1029/1697/1697
f 1233/1393/1393 1027/1698/1698 1026/1699/1699
f 1233/1393/1393 1029/1697/1697 1027/1698/1698
f 1026/1699/1699 1235/1395/1395 1233/1393/1393
f 1235/1395/1395 1025/1700/1700 1024/1701/1701
f 1024/1701/1701 1237/1397/1397 1235/1395/1395
f 1237/1397/1397 1022/1702/1702 1023/1703/1703
f 1023/1703/1703 1239/1399/1399 1237/1397/1397
f 1239/1399/1399 1021/1704/1704 1020/1705/1705
f 1170/1330/1330 1020/1705/1705 1018/1706/1706
f 1173/1333/1333 1171/1331/1331 1019/1707/1707
f 1171/1331/1331 1018/1706/1706 1019/1707/1707
f 1175/1335/1335 1173/1333/1333 1015/1708/1708
f 1173/1333/1333 1016/1709/1709 1015/1708/1708
f 1177/1337/1337 1175/1335/1335 1013/1710/1710
f 1013/1710/1710 1012/1711/1711 1177/1337/1337
f 1175/1335/1335 1014/1712/1712 1013/1710/1710
f 1177/1337/1337 1010/1713/1713 1009/1714/1714
f 1179/1339/1339 1007/1715/1715 1006/1716/1716
f 1179/1339/1339 1009/1714/1714 1007/1715/1715
f 1006/1716/1716 1181/1341/1341 1179/1339/1339
f 1181/1341/1341 1005/1717/1717 1004/1718/1718
f 1004/1718/1718 1183/1343/1343 1181/1341/1341
f 1183/1343/1343 1002/1719/1719 1003/1720/1720
f 1003/1720/1720 1185/1345/1345 1183/1343/1343
f 1185/1345/1345 1000/1721/1721 999/1722/1722
f 1187/1347/1347 999/1722/1722 997/1723/1723
f 1191/1351/1351 1189/1349/1349 998/1724/1724
f 1189/1349/1349 997/1723/1723 998/1724/1724
f 1193/1353/1353 1191/1351/1351 994/1725/1725
f 1191/1351/1351 995/1726/1726 994/1725/1725
f 1195/1355/1355 1193/1353/1353 991/1727/1727
f 991/1727/1727 990/1728/1728 1195/1355/1355
f 1193/1353/1353 993/1729/1729 991/1727/1727
f 1195/1355/1355 989/1730/1730 988/1731/1731
f 1197/1357/1357 986/1732/1732 985/1733/1733
f 1197/1357/1357 988/1731/1731 986/1732/1732
f 985/1733/1733 1199/1359/1359 1197/1357/1357
f 1199/1359/1359 984/1734/1734 983/1735/1735
f 983/1735/1735 1201/1361/1361 1199/1359/1359
f 1201/1361/1361 981/1736/1736 982/1737/1737
f 982/1737/1737 1203/1363/1363 1201/1361/1361
f 1203/1363/1363 979/1738/1738 978/1671/1671
f 1511/1739/1739 1474/1634/1634 1475/1635/1635
f 1512/1740/1740 1473/1633/1633 1474/1634/1634
f 1513/1741/1741 1472/1632/1632 1473/1633/1633
f 1514/1742/1742 1471/1631/1631 1472/1632/1632
f 1515/1743/1743 1470/1630/1630 1471/1631/1631
f 1516/1744/1744 1469/1629/1629 1470/1630/1630
f 1517/1745/1745 1468/1628/1628 1469/1629/1629
f 1518/1746/1746 1467/1627/1627 1468/1628/1628
f 1519/1747/1747 1466/1626/1626 1467/1627/1627
f 1520/1748/1748 1465/1625/1625 1466/1626/1626
f 1521/1749/1749 1464/1624/1624 1465/1625/1625
f 1522/1750/1750 1463/1623/1623 1464/1624/1624
f 1523/1751/1751 1462/1622/1622 1463/1623/1623
f 1524/1752/1752 1461/1621/1621 1462/1622/1622
f 1525/1753/1753 1460/1620/1620 1461/1621/1621
f 1526/1754/1754 1459/1619/1619 1460/1620/1620
f 1527/1755/1755 1458/1618/1618 1459/1619/1619
f 1528/1756/1756 1457/1617/1617 1458/1618/1618
f 1458/1618/1618 1527/1755/1755 1528/1756/1756
f 1459/1619/1619 1526/1754/1754 1527/1755/1755
f 1460/1620/1620 1525/1753/1753 1526/1754/1754
f 1461/1621/1621 1524/1752/1752 1525/1753/1753
f 1462/1622/1622 1523/1751/1751 1524/1752/1752
f 1463/1623/1623 1522/1750/1750 1523/1751/1751
f 1464/1624/1624 1521/1749/1749 1522/1750/1750
f 1465/1625/1625 1520/1748/1748 1521/1749/1749
f 1466/1626/1626 1519/1747/1747 1520/1748/1748
f 1467/1627/1627 1518/1746/1746 1519/1747/1747
f 1468/1628/1628 1517/1745/1745 1518/1746/1746
f 1469/1629/1629 1516/1744/1744 1517/1745/1745
f 1470/1630/1630 1515/1743/1743 1516/1744/1744
f 1471/1631/1631 1514/1742/1742 1515/1743/1743
f 1472/1632/1632 1513/1741/1741 1514/1742/1742
f 1473/1633/1633 1512/1740/1740 1513/1741/1741
f 1474/1634/1634 1511/1739/1739 1512/1740/1740
f 1475/1635/1635 1510/1670/1670 1511/1739/1739
f 978/1671/1671 1205/1365/1365 1203/1363/1363
f 982/1737/1737 979/1738/1738 1203/1363/1363
f 983/1735/1735 981/1736/1736 1201/1361/1361
f 985/1733/1733 984/1734/1734 1199/1359/1359
f 988/1731/1731 1197/1357/1357 1195/1355/1355
f 990/1728/1728 989/1730/1730 1195/1355/1355
f 994/1725/1725 993/1729/1729 1193/1353/1353
f 998/1724/1724 995/1726/1726 1191/1351/1351
f 997/1723/1723 1189/1349/1349 1187/1347/1347
f 999/1722/1722 1187/1347/1347 1185/1345/1345
f 1003/1720/1720 1000/1721/1721 1185/1345/1345
f 1004/1718/1718 1002/1719/1719 1183/1343/1343
f 1006/1716/1716 1005/1717/1717 1181/1341/1341
f 1009/1714/1714 1179/1339/1339 1177/1337/1337
f 1012/1711/1711 1010/1713/1713 1177/1337/1337
f 1015/1708/1708 1014/1712/1712 1175/1335/1335
f 1019/1707/1707 1016/1709/1709 1173/1333/1333
f 1018/1706/1706 1171/1331/1331 1170/1330/1330
f 1020/1705/1705 1170/1330/1330 1239/1399/1399
f 1023/1703/1703 1021/1704/1704 1239/1399/1399
f 1024/1701/1701 1022/1702/1702 1237/1397/1397
f 1026/1699/1699 1025/1700/1700 1235/1395/1395
f 1029/1697/1697 1233/1393/1393 1231/1391/1391
f 1031/1694/1694 1030/1696/1696 1231/1391/1391
f 1034/1691/1691 1033/1695/1695 1229/1389/1389
f 1038/1690/1690 1035/1692/1692 1227/1387/1387
f 1037/1689/1689 1225/1385/1385 1223/1383/1383
f 1039/1688/1688 1223/1383/1383 1221/1381/1381
f 1042/1686/1686 1040/1687/1687 1221/1381/1381
f 1043/1684/1684 1041/1685/1685 1219/1379/1379
f 1046/1682/1682 1044/1683/1683 1217/1377/1377
f 1049/1680/1680 1215/1375/1375 1213/1373/1373
f 1051/1677/1677 1050/1679/1679 1213/1373/1373
f 1054/1674/1674 1053/1678/1678 1211/1371/1371
f 1058/1673/1673 1055/1675/1675 1209/1369/1369
f 1057/1672/1672 1207/1367/1367 1205/1365/1365
f 1476/1636/1636 1509/1669/1669 1510/1670/1670
f 1477/1637/1637 1508/1668/1668 1509/1669/1669
f 1478/1638/1638 1507/1667/1667 1508/1668/1668
f 1479/1639/1639 1506/1666/1666 1507/1667/1667
f 1480/1640/1640 1505/1665/1665 1506/1666/1666
f 1481/1641/1641 1504/1664/1664 1505/1665/1665
f 1482/1642/1642 1503/1663/1663 1504/1664/1664
f 1483/1643/1643 1502/1662/1662 1503/1663/1663
f 1484/1644/1644 1501/1661/1661 1502/1662/1662
f 1485/1645/1645 1500/1660/1660 1501/1661/1661
f 1486/1646/1646 1499/1659/1659 1500/1660/1660
f 1487/1647/1647 1498/1658/1658 1499/1659/1659
f 1488/1648/1648 1497/1657/1657 1498/1658/1658
f 1489/1649/1649 1496/1656/1656 1497/1657/1657
f 1490/1650/1650 1495/1655/1655 1496/1656/1656
f 1491/1651/1651 1494/1654/1654 1495/1655/1655
f 1492/1652/1652 1493/1653/1653 1494/1654/1654
f 1457/1617/1617 1528/1756/1756 1493/1653/1653
f 1421/1581/1581 1457/1617/1617 1492/1652/1652
f 1456/1616/1616 1492/1652/1652 1491/1651/1651
f 1455/1615/1615 1491/1651/1651 1490/1650/1650
f 1454/1614/1614 1490/1650/1650 1489/1649/1649
f 1453/1613/1613 1489/1649/1649 1488/1648/1648
f 1452/1612/1612 1488/1648/1648 1487/1647/1647
f 1451/1611/1611 1487/1647/1647 1486/1646/1646
f 1450/1610/1610 1486/1646/1646 1485/1645/1645
f 1449/1609/1609 1485/1645/1645 1484/1644/1644
f 1448/1608/1608 1484/1644/1644 1483/1643/1643
f 1447/1607/1607 1483/1643/1643 1482/1642/1642
f 1446/1606/1606 1482/1642/1642 1481/1641/1641
f 1445/1605/1605 1481/1641/1641 1480/1640/1640
f 1444/1604/1604 1480/1640/1640 1479/1639/1639
f 1443/1603/1603 1479/1639/1639 1478/1638/1638
f 1442/1602/1602 1478/1638/1638 1477/1637/1637
f 1441/1601/1601 1477/1637/1637 1476/1636/1636
f 1440/1600/1600 1476/1636/1636 1475/1635/1635
f 1439/1599/1599 1475/1635/1635 1474/1634/1634
f 1438/1598/1598 1474/1634/1634 1473/1633/1633
f 1437/1597/1597 1473/1633/1633 1472/1632/1632
f 1436/1596/1596 1472/1632/1632 1471/1631/1631
f 1435/1595/1595 1471/1631/1631 1470/1630/1630
f 1434/1594/1594 1470/1630/1630 1469/1629/1629
f 1433/1593/1593 1469/1629/1629 1468/1628/1628
f 1432/1592/1592 1468/1628/1628 1467/1627/1627
f 1431/1591/1591 1467/1627/1627 1466/1626/1626
f 1430/1590/1590 1466/1626/1626 1465/1625/1625
f 1429/1589/1589 1465/1625/1625 1464/1624/1624
f 1428/1588/1588 1464/1624/1624 1463/1623/1623
f 1427/1587/1587 1463/1623/1623 1462/1622/1622
f 1426/1586/1586 1462/1622/1622 1461/1621/1621
f 1425/1585/1585 1461/1621/1621 1460/1620/1620
f 1424/1584/1584 1460/1620/1620 1459/1619/1619
f 1423/1583/1583 1459/1619/1619 1458/1618/1618
f 1422/1582/1582 1458/1618/1618 1457/1617/1617
f 1385/1545/1545 1421/1581/1581 1456/1616/1616
f 1420/1580/1580 1456/1616/1616 1455/1615/1615
f 1419/1579/1579 1455/1615/1615 1454/1614/1614
f 1418/1578/1578 1454/1614/1614 1453/1613/1613
f 1417/1577/1577 1453/1613/1613 1452/1612/1612
f 1416/1576/1576 1452/1612/1612 1451/1611/1611
f 1415/1575/1575 1451/1611/1611 1450/1610/1610
f 1414/1574/1574 1450/1610/1610 1449/1609/1609
f 1413/1573/1573 1449/1609/1609 1448/1608/1608
f 1412/1572/1572 1448/1608/1608 1447/1607/1607
f 1411/1571/1571 1447/1607/1607 1446/1606/1606
f 1410/1570/1570 1446/1606/1606 1445/1605/1605
f 1409/1569/1569 1445/1605/1605 1444/1604/1604
f 1408/1568/1568 1444/1604/1604 1443/1603/1603
f 1407/1567/1567 1443/1603/1603 1442/1602/1602
f 1406/1566/1566 1442/1602/1602 1441/1601/1601
f 1405/1565/1565 1441/1601/1601 1440/1600/1600
f 1404/1564/1564 1440/1600/1600 1439/1599/1599
f 1403/1563/1563 1439/1599/1599 1438/1598/1598
f 1402/1562/1562 1438/1598/1598 1437/1597/1597
f 1401/1561/1561 1437/1597/1597 1436/1596/1596
f 1400/1560/1560 1436/1596/1596 1435/1595/1595
f 1399/1559/1559 1435/1595/1595 1434/1594/1594
f 1398/1558/1558 1434/1594/1594 1433/1593/1593
f 1397/1557/1557 1433/1593/1593 1432/1592/1592
f 1396/1556/1556 1432/1592/1592 1431/1591/1591
f 1395/1555/1555 1431/1591/1591 1430/1590/1590
f 1394/1554/1554 1430/1590/1590 1429/1589/1589
f 1393/1553/1553 1429/1589/1589 1428/1588/1588
f 1392/1552/1552 1428/1588/1588 1427/1587/1587
f 1391/1551/1551 1427/1587/1587 1426/1586/1586
f 1390/1550/1550 1426/1586/1586 1425/1585/1585
f 1389/1549/1549 1425/1585/1585 1424/1584/1584
f 1388/1548/1548 1424/1584/1584 1423/1583/1583
f 1387/1547/1547 1423/1583/1583 1422/1582/1582
f 1386/1546/1546 1422/1582/1582 1421/1581/1581
f 1349/1509/1509 1385/1545/1545 1420/1580/1580
f 1384/1544/1544 1420/1580/1580 1419/1579/1579
f 1383/1543/1543 1419/1579/1579 1418/1578/1578
f 1382/1542/1542 1418/1578/1578 1417/1577/1577
f 1381/1541/1541 1417/1577/1577 1416/1576/1576
f 1380/1540/1540 1416/1576/1576 1415/1575/1575
f 1379/1539/1539 1415/1575/1575 1414/1574/1574
f 1378/1538/1538 1414/1574/1574 1413/1573/1573
f 1377/1537/1537 1413/1573/1573 1412/1572/1572
f 1376/1536/1536 1412/1572/1572 1411/1571/1571
f 1375/1535/1535 1411/1571/1571 1410/1570/1570
f 1374/1534/1534 1410/1570/1570 1409/1569/1569
f 1373/1533/1533 1409/1569/1569 1408/1568/1568
f 1372/1532/1532 1408/1568/1568 1407/1567/1567
f 1371/1531/1531 1407/1567/1567 1406/1566/1566
f 1370/1530/1530 1406/1566/1566 1405/1565/1565
f 1369/1529/1529 1405/1565/1565 1404/1564/1564
f 1368/1528/1528 1404/1564/1564 1403/1563/1563
f 1367/1527/1527 1403/1563/1563 1402/1562/1562
f 1366/1526/1526 1402/1562/1562 1401/1561/1561
f 1365/1525/1525 1401/1561/1561 1400/1560/1560
f 1364/1524/1524 1400/1560/1560 1399/1559/1559
f 1363/1523/1523 1399/1559/1559 1398/1558/1558
f 1362/1522/1522 1398/1558/1558 1397/1557/1557
f 1361/1521/1521 1397/1557/1557 1396/1556/1556
f 1360/1520/1520 1396/1556/1556 1395/1555/1555
f 1359/1519/1519 1395/1555/1555 1394/1554/1554
f 1358/1518/1518 1394/1554/1554 1393/1553/1553
f 1357/1517/1517 1393/1553/1553 1392/1552/1552
f 1356/1516/1516 1392/1552/1552 1391/1551/1551
f 1355/1515/1515 1391/1551/1551 1390/1550/1550
f 1354/1514/1514 1390/1550/1550 1389/1549/1549
f 1353/1513/1513 1389/1549/1549 1388/1548/1548
f 1352/1512/1512 1388/1548/1548 1387/1547/1547
f 1351/1511/1511 1387/1547/1547 1386/1546/1546
f 1350/1510/1510 1386/1546/1546 1385/1545/1545
f 1313/1473/1473 1349/1509/1509 1384/1544/1544
f 1348/1508/1508 1384/1544/1544 1383/1543/1543
f 1347/1507/1507 1383/1543/1543 1382/1542/1542
f 1346/1506/1506 1382/1542/1542 1381/1541/1541
f 1345/1505/1505 1381/1541/1541 1380/1540/1540
f 1344/1504/1504 1380/1540/1540 1379/1539/1539
f 1343/1503/1503 1379/1539/1539 1378/1538/1538
f 1342/1502/1502 1378/1538/1538 1377/1537/1537
f 1341/1501/1501 1377/1537/1537 1376/1536/1536
f 1340/1500/1500 1376/1536/1536 1375/1535/1535
f 1339/1499/1499 1375/1535/1535 1374/1534/1534
f 1338/1498/1498 1374/1534/1534 1373/1533/1533
f 1337/1497/1497 1373/1533/1533 1372/1532/1532
f 1336/1496/1496 1372/1532/1532 1371/1531/1531
f 1335/1495/1495 1371/1531/1531 1370/1530/1530
f 1334/1494/1494 1370/1530/1530 1369/1529/1529
f 1333/1493/1493 1369/1529/1529 1368/1528/1528
f 1332/1492/1492 1368/1528/1528 1367/1527/1527
f 1331/1491/1491 1367/1527/1527 1366/1526/1526
f 1330/1490/1490 1366/1526/1526 1365/1525/1525
f 1329/1489/1489 1365/1525/1525 1364/1524/1524
f 1328/1488/1488 1364/1524/1524 1363/1523/1523
f 1327/1487/1487 1363/1523/1523 1362/1522/1522
f 1326/1486/1486 1362/1522/1522 1361/1521/1521
f 1325/1485/1485 1361/1521/1521 1360/1520/1520
f 1324/1484/1484 1360/1520/1520 1359/1519/1519
f 1323/1483/1483 1359/1519/1519 1358/1518/1518
f 1322/1482/1482 1358/1518/1518 1357/1517/1517
f 1321/1481/1481 1357/1517/1517 1356/1516/1516
f 1320/1480/1480 1356/1516/1516 1355/1515/1515
f 1319/1479/1479 1355/1515/1515 1354/1514/1514
f 1318/1478/1478 1354/1514/1514 1353/1513/1513
f 1317/1477/1477 1353/1513/1513 1352/1512/1512
f 1316/1476/1476 1352/1512/1512 1351/1511/1511
f 1315/1475/1475 1351/1511/1511 1350/1510/1510
f 1314/1474/1474 1350/1510/1510 1349/1509/1509
f 1277/1437/1437 1313/1473/1473 1348/1508/1508
f 1312/1472/1472 1348/1508/1508 1347/1507/1507
f 1311/1471/1471 1347/1507/1507 1346/1506/1506
f 1310/1470/1470 1346/1506/1506 1345/1505/1505
f 1309/1469/1469 1345/1505/1505 1344/1504/1504
f 1308/1468/1468 1344/1504/1504 1343/1503/1503
f 1307/1467/1467 1343/1503/1503 1342/1502/1502
f 1306/1466/1466 1342/1502/1502 1341/1501/1501
f 1305/1465/1465 1341/1501/1501 1340/1500/1500
f 1304/1464/1464 1340/1500/1500 1339/1499/1499
f 1303/1463/1463 1339/1499/1499 1338/1498/1498
f 1302/1462/1462 1338/1498/1498 1337/1497/1497
f 1301/1461/1461 1337/1497/1497 1336/1496/1496
f 1300/1460/1460 1336/1496/1496 1335/1495/1495
f 1299/1459/1459 1335/1495/1495 1334/1494/1494
f 1298/1458/1458 1334/1494/1494 1333/1493/1493
f 1297/1457/1457 1333/1493/1493 1332/1492/1492
f 1296/1456/1456 1332/1492/1492 1331/1491/1491
f 1295/1455/1455 1331/1491/1491 1330/1490/1490
f 1294/1454/1454 1330/1490/1490 1329/1489/1489
f 1293/1453/1453 1329/1489/1489 1328/1488/1488
f 1292/1452/1452 1328/1488/1488 1327/1487/1487
f 1291/1451/1451 1327/1487/1487 1326/1486/1486
f 1290/1450/1450 1326/1486/1486 1325/1485/1485
f 1289/1449/1449 1325/1485/1485 1324/1484/1484
f 1288/1448/1448 1324/1484/1484 1323/1483/1483
f 1287/1447/1447 1323/1483/1483 1322/1482/1482
f 1286/1446/1446 1322/1482/1482 1321/1481/1481
f 1285/1445/1445 1321/1481/1481 1320/1480/1480
f 1284/1444/1444 1320/1480/1480 1319/1479/1479
f 1283/1443/1443 1319/1479/1479 1318/1478/1478
f 1282/1442/1442 1318/1478/1478 1317/1477/1477
f 1281/1441/1441 1317/1477/1477 1316/1476/1476
f 1280/1440/1440 1316/1476/1476 1315/1475/1475
f 1279/1439/1439 1315/1475/1475 1314/1474/1474
f 1278/1438/1438 1314/1474/1474 1313/1473/1473
f 1241/1401/1401 1277/1437/1437 1312/1472/1472
f 1276/1436/1436 1312/1472/1472 1311/1471/1471
f 1275/1435/1435 1311/1471/1471 1310/1470/1470
f 1274/1434/1434 1310/1470/1470 1309/1469/1469
f 1273/1433/1433 1309/1469/1469 1308/1468/1468
f 1272/1432/1432 1308/1468/1468 1307/1467/1467
f 1271/1431/1431 1307/1467/1467 1306/1466/1466
f 1270/1430/1430 1306/1466/1466 1305/1465/1465
f 1269/1429/1429 1305/1465/1465 1304/1464/1464
f 1268/1428/1428 1304/1464/1464 1303/1463/1463
f 1267/1427/1427 1303/1463/1463 1302/1462/1462
f 1266/1426/1426 1302/1462/1462 1301/1461/1461
f 1265/1425/1425 1301/1461/1461 1300/1460/1460
f 1264/1424/1424 1300/1460/1460 1299/1459/1459
f 1263/1423/1423 1299/1459/1459 1298/1458/1458
f 1262/1422/1422 1298/1458/1458 1297/1457/1457
f 1261/1421/1421 1297/1457/1457 1296/1456/1456
f 1260/1420/1420 1296/1456/1456 1295/1455/1455
f 1259/1419/1419 1295/1455/1455 1294/1454/1454
f 1258/1418/1418 1294/1454/1454 1293/1453/1453
f 1257/1417/1417 1293/1453/1453 1292/1452/1452
f 1256/1416/1416 1292/1452/1452 1291/1451/1451
f 1255/1415/1415 1291/1451/1451 1290/1450/1450
f 1254/1414/1414 1290/1450/1450 1289/1449/1449
f 1253/1413/1413 1289/1449/1449 1288/1448/1448
f 1252/1412/1412 1288/1448/1448 1287/1447/1447
f 1251/1411/1411 1287/1447/1447 1286/1446/1446
f 1250/1410/1410 1286/1446/1446 1285/1445/1445
f 1249/1409/1409 1285/1445/1445 1284/1444/1444
f 1248/1408/1408 1284/1444/1444 1283/1443/1443
f 1247/1407/1407 1283/1443/1443 1282/1442/1442
f 1246/1406/1406 1282/1442/1442 1281/1441/1441
f 1245/1405/1405 1281/1441/1441 1280/1440/1440
f 1244/1404/1404 1280/1440/1440 1279/1439/1439
f 1243/1403/1403 1279/1439/1439 1278/1438/1438
f 1242/1402/1402 1278/1438/1438 1277/1437/1437
f 1169/1329/1329 1241/1401/1401 1276/1436/1436
f 1240/1400/1400 1276/1436/1436 1275/1435/1435
f 1238/1398/1398 1275/1435/1435 1274/1434/1434
f 1236/1396/1396 1274/1434/1434 1273/1433/1433
f 1234/1394/1394 1273/1433/1433 1272/1432/1432
f 1232/1392/1392 1272/1432/1432 1271/1431/1431
f 1230/1390/1390 1271/1431/1431 1270/1430/1430
f 1228/1388/1388 1270/1430/1430 1269/1429/1429
f 1226/1386/1386 1269/1429/1429 1268/1428/1428
f 1224/1384/1384 1268/1428/1428 1267/1427/1427
f 1222/1382/1382 1267/1427/1427 1266/1426/1426
f 1220/1380/1380 1266/1426/1426 1265/1425/1425
f 1218/1378/1378 1265/1425/1425 1264/1424/1424
f 1216/1376/1376 1264/1424/1424 1263/1423/1423
f 1214/1374/1374 1263/1423/1423 1262/1422/1422
f 1212/1372/1372 1262/1422/1422 1261/1421/1421
f 1210/1370/1370 1261/1421/1421 1260/1420/1420
f 1208/1368/1368 1260/1420/1420 1259/1419/1419
f 1206/1366/1366 1259/1419/1419 1258/1418/1418
f 1204/1364/1364 1258/1418/1418 1257/1417/1417
f 1202/1362/1362 1257/1417/1417 1256/1416/1416
f 1200/1360/1360 1256/1416/1416 1255/1415/1415
f 1198/1358/1358 1255/1415/1415 1254/1414/1414
f 1196/1356/1356 1254/1414/1414 1253/1413/1413
f 1194/1354/1354 1253/1413/1413 1252/1412/1412
f 1192/1352/1352 1252/1412/1412 1251/1411/1411
f 1190/1350/1350 1251/1411/1411 1250/1410/1410
f 1188/1348/1348 1250/1410/1410 1249/1409/1409
f 1186/1346/1346 1249/1409/1409 1248/1408/1408
f 1184/1344/1344 1248/1408/1408 1247/1407/1407
f 1182/1342/1342 1247/1407/1407 1246/1406/1406
f 1180/1340/1340 1246/1406/1406 1245/1405/1405
f 1178/1338/1338 1245/1405/1405 1244/1404/1404
f 1176/1336/1336 1244/1404/1404 1243/1403/1403
f 1174/1334/1334 1243/1403/1403 1242/1402/1402
f 1172/1332/1332 1242/1402/1402 1241/1401/1401
f 1170/1330/1330 1169/1329/1329 1240/1400/1400
f 1239/1399/1399 1240/1400/1400 1238/1398/1398
f 1237/1397/1397 1238/1398/1398 1236/1396/1396
f 1235/1395/1395 1236/1396/1396 1234/1394/1394
f 1233/1393/1393 1234/1394/1394 1232/1392/1392
f 1231/1391/1391 1232/1392/1392 1230/1390/1390
f 1229/1389/1389 1230/1390/1390 1228/1388/1388
f 1227/1387/1387 1228/1388/1388 1226/1386/1386
f 1225/1385/1385 1226/1386/1386 1224/1384/1384
f 1223/1383/1383 1224/1384/1384 1222/1382/1382
f 1221/1381/1381 1222/1382/1382 1220/1380/1380
f 1219/1379/1379 1220/1380/1380 1218/1378/1378
f 1217/1377/1377 1218/1378/1378 1216/1376/1376
f 1215/1375/1375 1216/1376/1376 1214/1374/1374
f 1213/1373/1373 1214/1374/1374 1212/1372/1372
f 1211/1371/1371 1212/1372/1372 1210/1370/1370
f 1209/1369/1369 1210/1370/1370 1208/1368/1368
f 1207/1367/1367 1208/1368/1368 1206/1366/1366
f 1205/1365/1365 1206/1366/1366 1204/1364/1364
f 1203/1363/1363 1204/1364/1364 1202/1362/1362
f 1201/1361/1361 1202/1362/1362 1200/1360/1360
f 1199/1359/1359 1200/1360/1360 1198/1358/1358
f 1197/1357/1357 1198/1358/1358 1196/1356/1356
f 1195/1355/1355 1196/1356/1356 1194/1354/1354
f 1193/1353/1353 1194/1354/1354 1192/1352/1352
f 1191/1351/1351 1192/1352/1352 1190/1350/1350
f 1189/1349/1349 1190/1350/1350 1188/1348/1348
f 1187/1347/1347 1188/1348/1348 1186/1346/1346
f 1185/1345/1345 1186/1346/1346 1184/1344/1344
f 1183/1343/1343 1184/1344/1344 1182/1342/1342
f 1181/1341/1341 1182/1342/1342 1180/1340/1340
f 1179/1339/1339 1180/1340/1340 1178/1338/1338
f 1177/1337/1337 1178/1338/1338 1176/1336/1336
f 1175/1335/1335 1176/1336/1336 1174/1334/1334
f 1173/1333/1333 1174/1334/1334 1172/1332/1332
f 1171/1331/1331 1172/1332/1332 1169/1329/1329
f 1529/1757/1757 1530/1758/1758 1531/1759/1759
f 1532/1760/1760 1531/1759/1759 1533/1761/1761
f 1534/1762/1762 1533/1761/1761 1535/1763/1763
f 1536/1764/1764 1535/1763/1763 1537/1765/1765
f 1538/1766/1766 1537/1765/1765 1539/1767/1767
f 1540/1768/1768 1539/1767/1767 1541/1769/1769
f 1542/1770/1770 1541/1769/1769 1543/1771/1771
f 1544/1772/1772 1543/1771/1771 1545/1773/1773
f 1546/1774/1774 1545/1773/1773 1547/1775/1775
f 1548/1776/1776 1547/1775/1775 1549/1777/1777
f 1550/1778/1778 1549/1777/1777 1551/1779/1779
f 1552/1780/1780 1551/1779/1779 1553/1781/1781
f 1554/1782/1782 1553/1781/1781 1555/1783/1783
f 1556/1784/1784 1555/1783/1783 1557/1785/1785
f 1558/1786/1786 1557/1785/1785 1559/1787/1787
f 1560/1788/1788 1559/1787/1787 1561/1789/1789
f 1562/1790/1790 1561/1789/1789 1563/1791/1791
f 1564/1792/1792 1563/1791/1791 1565/1793/1793
f 1566/1794/1794 1565/1793/1793 1567/1795/1795
f 1568/1796/1796 1567/1795/1795 1569/1797/1797
f 1570/1798/1798 1569/1797/1797 1571/1799/1799
f 1572/1800/1800 1571/1799/1799 1573/1801/1801
f 1574/1802/1802 1573/1801/1801 1575/1803/1803
f 1576/1804/1804 1575/1803/1803 1577/1805/1805
f 1578/1806/1806 1577/1805/1805 1579/1807/1807
f 1580/1808/1808 1579/1807/1807 1581/1809/1809
f 1582/1810/1810 1581/1809/1809 1583/1811/1811
f 1584/1812/1812 1583/1811/1811 1585/1813/1813
f 1586/1814/1814 1585/1813/1813 1587/1815/1815
f 1588/1816/1816 1587/1815/1815 1589/1817/1817
f 1590/1818/1818 1589/1817/1817 1591/1819/1819
f 1592/1820/1820 1591/1819/1819 1593/1821/1821
f 1594/1822/1822 1593/1821/1821 1595/1823/1823
f 1596/1824/1824 1595/1823/1823 1597/1825/1825
f 1598/1826/1826 1597/1825/1825 1599/1827/1827
f 1600/1828/1828 1599/1827/1827 1530/1758/1758
f 1601/1829/1829 1529/1757/1757 1532/1760/1760
f 1602/1830/1830 1532/1760/1760 1534/1762/1762
f 1603/1831/1831 1534/1762/1762 1536/1764/1764
f 1604/1832/1832 1536/1764/1764 1538/1766/1766
f 1605/1833/1833 1538/1766/1766 1540/1768/1768
f 1606/1834/1834 1540/1768/1768 1542/1770/1770
f 1607/1835/1835 1542/1770/1770 1544/1772/1772
f 1608/1836/1836 1544/1772/1772 1546/1774/1774
f 1609/1837/1837 1546/1774/1774 1548/1776/1776
f 1610/1838/1838 1548/1776/1776 1550/1778/1778
f 1611/1839/1839 1550/1778/1778 1552/1780/1780
f 1612/1840/1840 1552/1780/1780 1554/1782/1782
f 1613/1841/1841 1554/1782/1782 1556/1784/1784
f 1614/1842/1842 1556/1784/1784 1558/1786/1786
f 1615/1843/1843 1558/1786/1786 1560/1788/1788
f 1616/1844/1844 1560/1788/1788 1562/1790/1790
f 1617/1845/1845 1562/1790/1790 1564/1792/1792
f 1618/1846/1846 1564/1792/1792 1566/1794/1794
f 1619/1847/1847 1566/1794/1794 1568/1796/1796
f 1620/1848/1848 1568/1796/1796 1570/1798/1798
f 1621/1849/1849 1570/1798/1798 1572/1800/1800
f 1622/1850/1850 1572/1800/1800 1574/1802/1802
f 1623/1851/1851 1574/1802/1802 1576/1804/1804
f 1624/1852/1852 1576/1804/1804 1578/1806/1806
f 1625/1853/1853 1578/1806/1806 1580/1808/1808
f 1626/1854/1854 1580/1808/1808 1582/1810/1810
f 1627/1855/1855 1582/1810/1810 1584/1812/1812
f 1628/1856/1856 1584/1812/1812 1586/1814/1814
f 1629/1857/1857 1586/1814/1814 1588/1816/1816
f 1630/1858/1858 1588/1816/1816 1590/1818/1818
f 1631/1859/1859 1590/1818/1818 1592/1820/1820
f 1632/1860/1860 1592/1820/1820 1594/1822/1822
f 1633/1861/1861 1594/1822/1822 1596/1824/1824
f 1634/1862/1862 1596/1824/1824 1598/1826/1826
f 1635/1863/1863 1598/1826/1826 1600/1828/1828
f 1636/1864/1864 1600/1828/1828 1529/1757/1757
f 1637/1865/1865 1601/1829/1829 1602/1830/1830
f 1638/1866/1866 1602/1830/1830 1603/1831/1831
f 1639/1867/1867 1603/1831/1831 1604/1832/1832
f 1640/1868/1868 1604/1832/1832 1605/1833/1833
f 1641/1869/1869 1605/1833/1833 1606/1834/1834
f 1642/1870/1870 1606/1834/1834 1607/1835/1835
f 1643/1871/1871 1607/1835/1835 1608/1836/1836
f 1644/1872/1872 1608/1836/1836 1609/1837/1837
f 1645/1873/1873 1609/1837/1837 1610/1838/1838
f 1646/1874/1874 1610/1838/1838 1611/1839/1839
f 1647/1875/1875 1611/1839/1839 1612/1840/1840
f 1648/1876/1876 1612/1840/1840 1613/1841/1841
f 1649/1877/1877 1613/1841/1841 1614/1842/1842
f 1650/1878/1878 1614/1842/1842 1615/1843/1843
f 1651/1879/1879 1615/1843/1843 1616/1844/1844
f 1652/1880/1880 1616/1844/1844 1617/1845/1845
f 1653/1881/1881 1617/1845/1845 1618/1846/1846
f 1654/1882/1882 1618/1846/1846 1619/1847/1847
f 1655/1883/1883 1619/1847/1847 1620/1848/1848
f 1656/1884/1884 1620/1848/1848 1621/1849/1849
f 1657/1885/1885 1621/1849/1849 1622/1850/1850
f 1658/1886/1886 1622/1850/1850 1623/1851/1851
f 1659/1887/1887 1623/1851/1851 1624/1852/1852
f 1660/1888/1888 1624/1852/1852 1625/1853/1853
f 1661/1889/1889 1625/1853/1853 1626/1854/1854
f 1662/1890/1890 1626/1854/1854 1627/1855/1855
f 1663/1891/1891 1627/1855/1855 1628/1856/1856
f 1664/1892/1892 1628/1856/1856 1629/1857/1857
f 1665/1893/1893 1629/1857/1857 1630/1858/1858
f 1666/1894/1894 1630/1858/1858 1631/1859/1859
f 1667/1895/1895 1631/1859/1859 1632/1860/1860
f 1668/1896/1896 1632/1860/1860 1633/1861/1861
f 1669/1897/1897 1633/1861/1861 1634/1862/1862
f 1670/1898/1898 1634/1862/1862 1635/1863/1863
f 1671/1899/1899 1635/1863/1863 1636/1864/1864
f 1672/1900/1900 1636/1864/1864 1601/1829/1829
f 1673/1901/1901 1637/1865/1865 1638/1866/1866
f 1674/1902/1902 1638/1866/1866 1639/1867/1867
f 1675/1903/1903 1639/1867/1867 1640/1868/1868
f 1676/1904/1904 1640/1868/1868 1641/1869/1869
f 1677/1905/1905 1641/1869/1869 1642/1870/1870
f 1678/1906/1906 1642/1870/1870 1643/1871/1871
f 1679/1907/1907 1643/1871/1871 1644/1872/1872
f 1680/1908/1908 1644/1872/1872 1645/1873/1873
f 1681/1909/1909 1645/1873/1873 1646/1874/1874
f 1682/1910/1910 1646/1874/1874 1647/1875/1875
f 1683/1911/1911 1647/1875/1875 1648/1876/1876
f 1684/1912/1912 1648/1876/1876 1649/1877/1877
f 1685/1913/1913 1649/1877/1877 1650/1878/1878
f 1686/1914/1914 1650/1878/1878 1651/1879/1879
f 1687/1915/1915 1651/1879/1879 1652/1880/1880
f 1688/1916/1916 1652/1880/1880 1653/1881/1881
f 1689/1917/1917 1653/1881/1881 1654/1882/1882
f 1690/1918/1918 1654/1882/1882 1655/1883/1883
f 1691/1919/1919 1655/1883/1883 1656/1884/1884
f 1692/1920/1920 1656/1884/1884 1657/1885/1885
f 1693/1921/1921 1657/1885/1885 1658/1886/1886
f 1694/1922/1922 1658/1886/1886 1659/1887/1887
f 1695/1923/1923 1659/1887/1887 1660/1888/1888
f 1696/1924/1924 1660/1888/1888 1661/1889/1889
f 1697/1925/1925 1661/1889/1889 1662/1890/1890
f 1698/1926/1926 1662/1890/1890 1663/1891/1891
f 1699/1927/1927 1663/1891/1891 1664/1892/1892
f 1700/1928/1928 1664/1892/1892 1665/1893/1893
f 1701/1929/1929 1665/1893/1893 1666/1894/1894
f 1702/1930/1930 1666/1894/1894 1667/1895/1895
f 1703/1931/1931 1667/1895/1895 1668/1896/1896
f 1704/1932/1932 1668/1896/1896 1669/1897/1897
f 1705/1933/1933 1669/1897/1897 1670/1898/1898
f 1706/1934/1934 1670/1898/1898 1671/1899/1899
f 1707/1935/1935 1671/1899/1899 1672/1900/1900
f 1708/1936/1936 1672/1900/1900 1637/1865/1865
f 1709/1937/1937 1673/1901/1901 1674/1902/1902
f 1710/1938/1938 1674/1902/1902 1675/1903/1903
f 1711/1939/1939 1675/1903/1903 1676/1904/1904
f 1712/1940/1940 1676/1904/1904 1677/1905/1905
f 1713/1941/1941 1677/1905/1905 1678/1906/1906
f 1714/1942/1942 1678/1906/1906 1679/1907/1907
f 1715/1943/1943 1679/1907/1907 1680/1908/1908
f 1716/1944/1944 1680/1908/1908 1681/1909/1909
f 1717/1945/1945 1681/1909/1909 1682/1910/1910
f 1718/1946/1946 1682/1910/1910 1683/1911/1911
f 1719/1947/1947 1683/1911/1911 1684/1912/1912
f 1720/1948/1948 1684/1912/1912 1685/1913/1913
f 1721/1949/1949 1685/1913/1913 1686/1914/1914
f 1722/1950/1950 1686/1914/1914 1687/1915/1915
f 1723/1951/1951 1687/1915/1915 1688/1916/1916
f 1724/1952/1952 1688/1916/1916 1689/1917/1917
f 1725/1953/1953 1689/1917/1917 1690/1918/1918
f 1726/1954/1954 1690/1918/1918 1691/1919/1919
f 1727/1955/1955 1691/1919/1919 1692/1920/1920
f 1728/1956/1956 1692/1920/1920 1693/1921/1921
f 1729/1957/1957 1693/1921/1921 1694/1922/1922
f 1730/1958/1958 1694/1922/1922 1695/1923/1923
f 1731/1959/1959 1695/1923/1923 1696/1924/1924
f 1732/1960/1960 1696/1924/1924 1697/1925/1925
f 1733/1961/1961 1697/1925/1925 1698/1926/1926
f 1734/1962/1962 1698/1926/1926 1699/1927/1927
f 1735/1963/1963 1699/1927/1927 1700/1928/1928
f 1736/1964/1964 1700/1928/1928 1701/1929/1929
f 1737/1965/1965 1701/1929/1929 1702/1930/1930
f 1738/1966/1966 1702/1930/1930 1703/1931/1931
f 1739/1967/1967 1703/1931/1931 1704/1932/1932
f 1740/1968/1968 1704/1932/1932 1705/1933/1933
f 1741/1969/1969 1705/1933/1933 1706/1934/1934
f 1742/1970/1970 1706/1934/1934 1707/1935/1935
f 1743/1971/1971 1707/1935/1935 1708/1936/1936
f 1744/1972/1972 1708/1936/1936 1673/1901/1901
f 1745/1973/1973 1709/1937/1937 1710/1938/1938
f 1746/1974/1974 1710/1938/1938 1711/1939/1939
f 1747/1975/1975 1711/1939/1939 1712/1940/1940
f 1748/1976/1976 1712/1940/1940 1713/1941/1941
f 1749/1977/1977 1713/1941/1941 1714/1942/1942
f 1750/1978/1978 1714/1942/1942 1715/1943/1943
f 1751/1979/1979 1715/1943/1943 1716/1944/1944
f 1752/1980/1980 1716/1944/1944 1717/1945/1945
f 1753/1981/1981 1717/1945/1945 1718/1946/1946
f 1754/1982/1982 1718/1946/1946 1719/1947/1947
f 1755/1983/1983 1719/1947/1947 1720/1948/1948
f 1756/1984/1984 1720/1948/1948 1721/1949/1949
f 1757/1985/1985 1721/1949/1949 1722/1950/1950
f 1758/1986/1986 1722/1950/1950 1723/1951/1951
f 1759/1987/1987 1723/1951/1951 1724/1952/1952
f 1760/1988/1988 1724/1952/1952 1725/1953/1953
f 1761/1989/1989 1725/1953/1953 1726/1954/1954
f 1762/1990/1990 1726/1954/1954 1727/1955/1955
f 1763/1991/1991 1727/1955/1955 1728/1956/1956
f 1764/1992/1992 1728/1956/1956 1729/1957/1957
f 1765/1993/1993 1729/1957/1957 1730/1958/1958
f 1766/1994/1994 1730/1958/1958 1731/1959/1959
f 1767/1995/1995 1731/1959/1959 1732/1960/1960
f 1768/1996/1996 1732/1960/1960 1733/1961/1961
f 1769/1997/1997 1733/1961/1961 1734/1962/1962
f 1770/1998/1998 1734/1962/1962 1735/1963/1963
f 1771/1999/1999 1735/1963/1963 1736/1964/1964
f 1772/2000/2000 1736/1964/1964 1737/1965/1965
f 1773/2001/2001 1737/1965/1965 1738/1966/1966
f 1774/2002/2002 1738/1966/1966 1739/1967/1967
f 1775/2003/2003 1739/1967/1967 1740/1968/1968
f 1776/2004/2004 1740/1968/1968 1741/1969/1969
f 1777/2005/2005 1741/1969/1969 1742/1970/1970
f 1778/2006/2006 1742/1970/1970 1743/1971/1971
f 1779/2007/2007 1743/1971/1971 1744/1972/1972
f 1780/2008/2008 1744/1972/1972 1709/1937/1937
f 1781/2009/2009 1745/1973/1973 1746/1974/1974
f 1782/2010/2010 1746/1974/1974 1747/1975/1975
f 1783/2011/2011 1747/1975/1975 1748/1976/1976
f 1784/2012/2012 1748/1976/1976 1749/1977/1977
f 1785/2013/2013 1749/1977/1977 1750/1978/1978
f 1786/2014/2014 1750/1978/1978 1751/1979/1979
f 1787/2015/2015 1751/1979/1979 1752/1980/1980
f 1788/2016/2016 1752/1980/1980 1753/1981/1981
f 1789/2017/2017 1753/1981/1981 1754/1982/1982
f 1790/2018/2018 1754/1982/1982 1755/1983/1983
f 1791/2019/2019 1755/1983/1983 1756/1984/1984
f 1792/2020/2020 1756/1984/1984 1757/1985/1985
f 1793/2021/2021 1757/1985/1985 1758/1986/1986
f 1794/2022/2022 1758/1986/1986 1759/1987/1987
f 1795/2023/2023 1759/1987/1987 1760/1988/1988
f 1796/2024/2024 1760/1988/1988 1761/1989/1989
f 1797/2025/2025 1761/1989/1989 1762/1990/1990
f 1798/2026/2026 1762/1990/1990 1763/1991/1991
f 1799/2027/2027 1763/1991/1991 1764/1992/1992
f 1800/2028/2028 1764/1992/1992 1765/1993/1993
f 1801/2029/2029 1765/1993/1993 1766/1994/1994
f 1802/2030/2030 1766/1994/1994 1767/1995/1995
f 1803/2031/2031 1767/1995/1995 1768/1996/1996
f 1804/2032/2032 1768/1996/1996 1769/1997/1997
f 1805/2033/2033 1769/1997/1997 1770/1998/1998
f 1806/2034/2034 1770/1998/1998 1771/1999/1999
f 1807/2035/2035 1771/1999/1999 1772/2000/2000
f 1808/2036/2036 1772/2000/2000 1773/2001/2001
f 1809/2037/2037 1773/2001/2001 1774/2002/2002
f 1810/2038/2038 1774/2002/2002 1775/2003/2003
f 1811/2039/2039 1775/2003/2003 1776/2004/2004
f 1812/2040/2040 1776/2004/2004 1777/2005/2005
f 1813/2041/2041 1777/2005/2005 1778/2006/2006
f 1814/2042/2042 1778/2006/2006 1779/2007/2007
f 1815/2043/2043 1779/2007/2007 1780/2008/2008
f 1816/2044/2044 1780/2008/2008 1745/1973/1973
f 1817/2045/2045 1781/2009/2009 1782/2010/2010
f 1818/2046/2046 1782/2010/2010 1783/2011/2011
f 1819/2047/2047 1783/2011/2011 1784/2012/2012
f 1820/2048/2048 1784/2012/2012 1785/2013/2013
f 1821/2049/2049 1785/2013/2013 1786/2014/2014
f 1822/2050/2050 1786/2014/2014 1787/2015/2015
f 1823/2051/2051 1787/2015/2015 1788/2016/2016
f 1824/2052/2052 1788/2016/2016 1789/2017/2017
f 1825/2053/2053 1789/2017/2017 1790/2018/2018
f 1826/2054/2054 1790/2018/2018 1791/2019/2019
f 1827/2055/2055 1791/2019/2019 1792/2020/2020
f 1828/2056/2056 1792/2020/2020 1793/2021/2021
f 1829/2057/2057 1793/2021/2021 1794/2022/2022
f 1830/2058/2058 1794/2022/2022 1795/2023/2023
f 1831/2059/2059 1795/2023/2023 1796/2024/2024
f 1832/2060/2060 1796/2024/2024 1797/2025/2025
f 1833/2061/2061 1797/2025/2025 1798/2026/2026
f 1834/2062/2062 1798/2026/2026 1799/2027/2027
f 1835/2063/2063 1799/2027/2027 1800/2028/2028
f 1836/2064/2064 1800/2028/2028 1801/2029/2029
f 1837/2065/2065 1801/2029/2029 1802/2030/2030
f 1838/2066/2066 1802/2030/2030 1803/2031/2031
f 1839/2067/2067 1803/2031/2031 1804/2032/2032
f 1840/2068/2068 1804/2032/2032 1805/2033/2033
f 1841/2069/2069 1805/2033/2033 1806/2034/2034
f 1842/2070/2070 1806/2034/2034 1807/2035/2035
f 1843/2071/2071 1807/2035/2035 1808/2036/2036
f 1844/2072/2072 1808/2036/2036 1809/2037/2037
f 1845/2073/2073 1809/2037/2037 1810/2038/2038
f 1846/2074/2074 1810/2038/2038 1811/2039/2039
f 1847/2075/2075 1811/2039/2039 1812/2040/2040
f 1848/2076/2076 1812/2040/2040 1813/2041/2041
f 1849/2077/2077 1813/2041/2041 1814/2042/2042
f 1850/2078/2078 1814/2042/2042 1815/2043/2043
f 1851/2079/2079 1815/2043/2043 1816/2044/2044
f 1852/2080/2080 1816/2044/2044 1781/2009/2009
f 1165/2081/2081 1834/2062/2062 1835/2063/2063
f 1833/2061/2061 1834/2062/2062 1166/2082/2082
f 1834/2062/2062 1165/2081/2081 1166/2082/2082
f 1832/2060/2060 1833/2061/2061 1163/2083/2083
f 1833/2061/2061 1164/2084/2084 1163/2083/2083
f 1831/2059/2059 1832/2060/2060 1161/2085/2085
f 1161/2085/2085 1160/2086/2086 1831/2059/2059
f 1832/2060/2060 1162/2087/2087 1161/2085/2085
f 1157/2088/2088 1830/2058/2058 1831/2059/2059
f 1830/2058/2058 1155/2089/2089 1154/2090/2090
f 1830/2058/2058 1157/2088/2088 1155/2089/2089
f 1154/2090/2090 1829/2057/2057 1830/2058/2058
f 1829/2057/2057 1153/2091/2091 1152/2092/2092
f 1152/2092/2092 1828/2056/2056 1829/2057/2057
f 1828/2056/2056 1150/2093/2093 1151/2094/2094
f 1151/2094/2094 1827/2055/2055 1828/2056/2056
f 1147/2095/2095 1826/2054/2054 1827/2055/2055
f 1145/2096/2096 1825/2053/2053 1826/2054/2054
f 1824/2052/2052 1825/2053/2053 1146/2097/2097
f 1825/2053/2053 1145/2096/2096 1146/2097/2097
f 1823/2051/2051 1824/2052/2052 1142/2098/2098
f 1824/2052/2052 1143/2099/2099 1142/2098/2098
f 1822/2050/2050 1823/2051/2051 1139/2100/2100
f 1139/2100/2100 1138/2101/2101 1822/2050/2050
f 1823/2051/2051 1141/2102/2102 1139/2100/2100
f 1136/2103/2103 1821/2049/2049 1822/2050/2050
f 1821/2049/2049 1134/2104/2104 1133/2105/2105
f 1821/2049/2049 1136/2103/2103 1134/2104/2104
f 1133/2105/2105 1820/2048/2048 1821/2049/2049
f 1820/2048/2048 1132/2106/2106 1131/2107/2107
f 1131/2107/2107 1819/2047/2047 1820/2048/2048
f 1819/2047/2047 1129/2108/2108 1130/2109/2109
f 1130/2109/2109 1818/2046/2046 1819/2047/2047
f 1126/2110/2110 1817/2045/2045 1818/2046/2046
f 1124/2111/2111 1852/2080/2080 1817/2045/2045
f 1851/2079/2079 1852/2080/2080 1125/2112/2112
f 1852/2080/2080 1124/2111/2111 1125/2112/2112
f 1850/2078/2078 1851/2079/2079 1120/2113/2113
f 1851/2079/2079 1121/2114/2114 1120/2113/2113
f 1849/2077/2077 1850/2078/2078 1118/2115/2115
f 1118/2115/2115 1117/2116/2116 1849/2077/2077
f 1850/2078/2078 1119/2117/2117 1118/2115/2115
f 1115/2118/2118 1848/2076/2076 1849/2077/2077
f 1848/2076/2076 1113/2119/2119 1112/2120/2120
f 1848/2076/2076 1115/2118/2118 1113/2119/2119
f 1112/2120/2120 1847/2075/2075 1848/2076/2076
f 1847/2075/2075 1110/2121/2121 1109/2122/2122
f 1109/2122/2122 1846/2074/2074 1847/2075/2075
f 1846/2074/2074 1107/2123/2123 1108/2124/2124
f 1108/2124/2124 1845/2073/2073 1846/2074/2074
f 1105/2125/2125 1844/2072/2072 1845/2073/2073
f 1103/2126/2126 1843/2071/2071 1844/2072/2072
f 1842/2070/2070 1843/2071/2071 1104/2127/2127
f 1843/2071/2071 1103/2126/2126 1104/2127/2127
f 1841/2069/2069 1842/2070/2070 1100/2128/2128
f 1842/2070/2070 1101/2129/2129 1100/2128/2128
f 1840/2068/2068 1841/2069/2069 1098/2130/2130
f 1098/2130/2130 1097/2131/2131 1840/2068/2068
f 1841/2069/2069 1099/2132/2132 1098/2130/2130
f 1095/2133/2133 1839/2067/2067 1840/2068/2068
f 1839/2067/2067 1093/2134/2134 1092/2135/2135
f 1839/2067/2067 1095/2133/2133 1093/2134/2134
f 1092/2135/2135 1838/2066/2066 1839/2067/2067
f 1838/2066/2066 1091/2136/2136 1090/2137/2137
f 1090/2137/2137 1837/2065/2065 1838/2066/2066
f 1837/2065/2065 1088/2138/2138 1089/2139/2139
f 1089/2139/2139 1836/2064/2064 1837/2065/2065
f 1086/2140/2140 1835/2063/2063 1836/2064/2064
f 1565/1793/1793 1853/2141/2141 1854/2142/2142
f 1567/1795/1795 1854/2142/2142 1855/2143/2143
f 1569/1797/1797 1855/2143/2143 1856/2144/2144
f 1571/1799/1799 1856/2144/2144 1857/2145/2145
f 1573/1801/1801 1857/2145/2145 1858/2146/2146
f 1575/1803/1803 1858/2146/2146 1859/2147/2147
f 1577/1805/1805 1859/2147/2147 1860/2148/2148
f 1579/1807/1807 1860/2148/2148 1861/2149/2149
f 1581/1809/1809 1861/2149/2149 1862/2150/2150
f 1583/1811/1811 1862/2150/2150 1863/2151/2151
f 1585/1813/1813 1863/2151/2151 1864/2152/2152
f 1587/1815/1815 1864/2152/2152 1865/2153/2153
f 1589/1817/1817 1865/2153/2153 1866/2154/2154
f 1591/1819/1819 1866/2154/2154 1867/2155/2155
f 1593/1821/1821 1867/2155/2155 1868/2156/2156
f 1595/1823/1823 1868/2156/2156 1869/2157/2157
f 1597/1825/1825 1869/2157/2157 1870/2158/2158
f 1599/1827/1827 1870/2158/2158 1871/2159/2159
f 1530/1758/1758 1871/2159/2159 1872/2160/2160
f 1531/1759/1759 1872/2160/2160 1873/2161/2161
f 1533/1761/1761 1873/2161/2161 1874/2162/2162
f 1535/1763/1763 1874/2162/2162 1875/2163/2163
f 1537/1765/1765 1875/2163/2163 1876/2164/2164
f 1539/1767/1767 1876/2164/2164 1877/2165/2165
f 1541/1769/1769 1877/2165/2165 1878/2166/2166
f 1543/1771/1771 1878/2166/2166 1879/2167/2167
f 1545/1773/1773 1879/2167/2167 1880/2168/2168
f 1547/1775/1775 1880/2168/2168 1881/2169/2169
f 1549/1777/1777 1881/2169/2169 1882/2170/2170
f 1551/1779/1779 1882/2170/2170 1883/2171/2171
f 1553/1781/1781 1883/2171/2171 1884/2172/2172
f 1555/1783/1783 1884/2172/2172 1885/2173/2173
f 1557/1785/1785 1885/2173/2173 1886/2174/2174
f 1559/1787/1787 1886/2174/2174 1887/2175/2175
f 1561/1789/1789 1887/2175/2175 1888/2176/2176
f 1563/1791/1791 1888/2176/2176 1853/2141/2141
f 1853/2141/2141 1565/1793/1793 1563/1791/1791
f 1888/2176/2176 1563/1791/1791 1561/1789/1789
f 1887/2175/2175 1561/1789/1789 1559/1787/1787
f 1886/2174/2174 1559/1787/1787 1557/1785/1785
f 1885/2173/2173 1557/1785/1785 1555/1783/1783
f 1884/2172/2172 1555/1783/1783 1553/1781/1781
f 1883/2171/2171 1553/1781/1781 1551/1779/1779
f 1882/2170/2170 1551/1779/1779 1549/1777/1777
f 1881/2169/2169 1549/1777/1777 1547/1775/1775
f 1880/2168/2168 1547/1775/1775 1545/1773/1773
f 1879/2167/2167 1545/1773/1773 1543/1771/1771
f 1878/2166/2166 1543/1771/1771 1541/1769/1769
f 1877/2165/2165 1541/1769/1769 1539/1767/1767
f 1876/2164/2164 1539/1767/1767 1537/1765/1765
f 1875/2163/2163 1537/1765/1765 1535/1763/1763
f 1874/2162/2162 1535/1763/1763 1533/1761/1761
f 1873/2161/2161 1533/1761/1761 1531/1759/1759
f 1872/2160/2160 1531/1759/1759 1530/1758/1758
f 1871/2159/2159 1530/1758/1758 1599/1827/1827
f 1870/2158/2158 1599/1827/1827 1597/1825/1825
f 1869/2157/2157 1597/1825/1825 1595/1823/1823
f 1868/2156/2156 1595/1823/1823 1593/1821/1821
f 1867/2155/2155 1593/1821/1821 1591/1819/1819
f 1866/2154/2154 1591/1819/1819 1589/1817/1817
f 1865/2153/2153 1589/1817/1817 1587/1815/1815
f 1864/2152/2152 1587/1815/1815 1585/1813/1813
f 1863/2151/2151 1585/1813/1813 1583/1811/1811
f 1862/2150/2150 1583/1811/1811 1581/1809/1809
f 1861/2149/2149 1581/1809/1809 1579/1807/1807
f 1860/2148/2148 1579/1807/1807 1577/1805/1805
f 1859/2147/2147 1577/1805/1805 1575/1803/1803
f 1858/2146/2146 1575/1803/1803 1573/1801/1801
f 1857/2145/2145 1573/1801/1801 1571/1799/1799
f 1856/2144/2144 1571/1799/1799 1569/1797/1797
f 1855/2143/2143 1569/1797/1797 1567/1795/1795
f 1854/2142/2142 1567/1795/1795 1565/1793/1793
f 1836/2064/2064 1087/2177/2177 1086/2140/2140
f 1089/2139/2139 1087/2177/2177 1836/2064/2064
f 1090/2137/2137 1088/2138/2138 1837/2065/2065
f 1092/2135/2135 1091/2136/2136 1838/2066/2066
f 1840/2068/2068 1096/2178/2178 1095/2133/2133
f 1097/2131/2131 1096/2178/2178 1840/2068/2068
f 1100/2128/2128 1099/2132/2132 1841/2069/2069
f 1104/2127/2127 1101/2129/2129 1842/2070/2070
f 1844/2072/2072 1105/2125/2125 1103/2126/2126
f 1845/2073/2073 1106/2179/2179 1105/2125/2125
f 1108/2124/2124 1106/2179/2179 1845/2073/2073
f 1109/2122/2122 1107/2123/2123 1846/2074/2074
f 1112/2120/2120 1110/2121/2121 1847/2075/2075
f 1849/2077/2077 1116/2180/2180 1115/2118/2118
f 1117/2116/2116 1116/2180/2180 1849/2077/2077
f 1120/2113/2113 1119/2117/2117 1850/2078/2078
f 1125/2112/2112 1121/2114/2114 1851/2079/2079
f 1817/2045/2045 1126/2110/2110 1124/2111/2111
f 1818/2046/2046 1127/2181/2181 1126/2110/2110
f 1130/2109/2109 1127/2181/2181 1818/2046/2046
f 1131/2107/2107 1129/2108/2108 1819/2047/2047
f 1133/2105/2105 1132/2106/2106 1820/2048/2048
f 1822/2050/2050 1137/2182/2182 1136/2103/2103
f 1138/2101/2101 1137/2182/2182 1822/2050/2050
f 1142/2098/2098 1141/2102/2102 1823/2051/2051
f 1146/2097/2097 1143/2099/2099 1824/2052/2052
f 1826/2054/2054 1147/2095/2095 1145/2096/2096
f 1827/2055/2055 1148/2183/2183 1147/2095/2095
f 1151/2094/2094 1148/2183/2183 1827/2055/2055
f 1152/2092/2092 1150/2093/2093 1828/2056/2056
f 1154/2090/2090 1153/2091/2091 1829/2057/2057
f 1831/2059/2059 1158/2184/2184 1157/2088/2088
f 1160/2086/2086 1158/2184/2184 1831/2059/2059
f 1163/2083/2083 1162/2087/2087 1832/2060/2060
f 1166/2082/2082 1164/2084/2084 1833/2061/2061
f 1835/2063/2063 1086/2140/2140 1165/2081/2081
f 1781/2009/2009 1817/2045/2045 1852/2080/2080
f 1816/2044/2044 1852/2080/2080 1851/2079/2079
f 1815/2043/2043 1851/2079/2079 1850/2078/2078
f 1814/2042/2042 1850/2078/2078 1849/2077/2077
f 1813/2041/2041 1849/2077/2077 1848/2076/2076
f 1812/2040/2040 1848/2076/2076 1847/2075/2075
f 1811/2039/2039 1847/2075/2075 1846/2074/2074
f 1810/2038/2038 1846/2074/2074 1845/2073/2073
f 1809/2037/2037 1845/2073/2073 1844/2072/2072
f 1808/2036/2036 1844/2072/2072 1843/2071/2071
f 1807/2035/2035 1843/2071/2071 1842/2070/2070
f 1806/2034/2034 1842/2070/2070 1841/2069/2069
f 1805/2033/2033 1841/2069/2069 1840/2068/2068
f 1804/2032/2032 1840/2068/2068 1839/2067/2067
f 1803/2031/2031 1839/2067/2067 1838/2066/2066
f 1802/2030/2030 1838/2066/2066 1837/2065/2065
f 1801/2029/2029 1837/2065/2065 1836/2064/2064
f 1800/2028/2028 1836/2064/2064 1835/2063/2063
f 1799/2027/2027 1835/2063/2063 1834/2062/2062
f 1798/2026/2026 1834/2062/2062 1833/2061/2061
f 1797/2025/2025 1833/2061/2061 1832/2060/2060
f 1796/2024/2024 1832/2060/2060 1831/2059/2059
f 1795/2023/2023 1831/2059/2059 1830/2058/2058
f 1794/2022/2022 1830/2058/2058 1829/2057/2057
f 1793/2021/2021 1829/2057/2057 1828/2056/2056
f 1792/2020/2020 1828/2056/2056 1827/2055/2055
f 1791/2019/2019 1827/2055/2055 1826/2054/2054
f 1790/2018/2018 1826/2054/2054 1825/2053/2053
f 1789/2017/2017 1825/2053/2053 1824/2052/2052
f 1788/2016/2016 1824/2052/2052 1823/2051/2051
f 1787/2015/2015 1823/2051/2051 1822/2050/2050
f 1786/2014/2014 1822/2050/2050 1821/2049/2049
f 1785/2013/2013 1821/2049/2049 1820/2048/2048
f 1784/2012/2012 1820/2048/2048 1819/2047/2047
f 1783/2011/2011 1819/2047/2047 1818/2046/2046
f 1782/2010/2010 1818/2046/2046 1817/2045/2045
f 1745/1973/1973 1781/2009/2009 1816/2044/2044
f 1780/2008/2008 1816/2044/2044 1815/2043/2043
f 1779/2007/2007 1815/2043/2043 1814/2042/2042
f 1778/2006/2006 1814/2042/2042 1813/2041/2041
f 1777/2005/2005 1813/2041/2041 1812/2040/2040
f 1776/2004/2004 1812/2040/2040 1811/2039/2039
f 1775/2003/2003 1811/2039/2039 1810/2038/2038
f 1774/2002/2002 1810/2038/2038 1809/2037/2037
f 1773/2001/2001 1809/2037/2037 1808/2036/2036
f 1772/2000/2000 1808/2036/2036 1807/2035/2035
f 1771/1999/1999 1807/2035/2035 1806/2034/2034
f 1770/1998/1998 1806/2034/2034 1805/2033/2033
f 1769/1997/1997 1805/2033/2033 1804/2032/2032
f 1768/1996/1996 1804/2032/2032 1803/2031/2031
f 1767/1995/1995 1803/2031/2031 1802/2030/2030
f 1766/1994/1994 1802/2030/2030 1801/2029/2029
f 1765/1993/1993 1801/2029/2029 1800/2028/2028
f 1764/1992/1992 1800/2028/2028 1799/2027/2027
f 1763/1991/1991 1799/2027/2027 1798/2026/2026
f 1762/1990/1990 1798/2026/2026 1797/2025/2025
f 1761/1989/1989 1797/2025/2025 1796/2024/2024
f 1760/1988/1988 1796/2024/2024 1795/2023/2023
f 1759/1987/1987 1795/2023/2023 1794/2022/2022
f 1758/1986/1986 1794/2022/2022 1793/2021/2021
f 1757/1985/1985 1793/2021/2021 1792/2020/2020
f 1756/1984/1984 1792/2020/2020 1791/2019/2019
f 1755/1983/1983 1791/2019/2019 1790/2018/2018
f 1754/1982/1982 1790/2018/2018 1789/2017/2017
f 1753/1981/1981 1789/2017/2017 1788/2016/2016
f 1752/1980/1980 1788/2016/2016 1787/2015/2015
f 1751/1979/1979 1787/2015/2015 1786/2014/2014
f 1750/1978/1978 1786/2014/2014 1785/2013/2013
f 1749/1977/1977 1785/2013/2013 1784/2012/2012
f 1748/1976/1976 1784/2012/2012 1783/2011/2011
f 1747/1975/1975 1783/2011/2011 1782/2010/2010
f 1746/1974/1974 1782/2010/2010 1781/2009/2009
f 1709/1937/1937 1745/1973/1973 1780/2008/2008
f 1744/1972/1972 1780/2008/2008 1779/2007/2007
f 1743/1971/1971 1779/2007/2007 1778/2006/2006
f 1742/1970/1970 1778/2006/2006 1777/2005/2005
f 1741/1969/1969 1777/2005/2005 1776/2004/2004
f 1740/1968/1968 1776/2004/2004 1775/2003/2003
f 1739/1967/1967 1775/2003/2003 1774/2002/2002
f 1738/1966/1966 1774/2002/2002 1773/2001/2001
f 1737/1965/1965 1773/2001/2001 1772/2000/2000
f 1736/1964/1964 1772/2000/2000 1771/1999/1999
f 1735/1963/1963 1771/1999/1999 1770/1998/1998
f 1734/1962/1962 1770/1998/1998 1769/1997/1997
f 1733/1961/1961 1769/1997/1997 1768/1996/1996
f 1732/1960/1960 1768/1996/1996 1767/1995/1995
f 1731/1959/1959 1767/1995/1995 1766/1994/1994
f 1730/1958/1958 1766/1994/1994 1765/1993/1993
f 1729/1957/1957 1765/1993/1993 1764/1992/1992
f 1728/1956/1956 1764/1992/1992 1763/1991/1991
f 1727/1955/1955 1763/1991/1991 1762/1990/1990
f 1726/1954/1954 1762/1990/1990 1761/1989/1989
f 1725/1953/1953 1761/1989/1989 1760/1988/1988
f 1724/1952/1952 1760/1988/1988 1759/1987/1987
f 1723/1951/1951 1759/1987/1987 1758/1986/1986
f 1722/1950/1950 1758/1986/1986 1757/1985/1985
f 1721/1949/1949 1757/1985/1985 1756/1984/1984
f 1720/1948/1948 1756/1984/1984 1755/1983/1983
f 1719/1947/1947 1755/1983/1983 1754/1982/1982
f 1718/1946/1946 1754/1982/1982 1753/1981/1981
f 1717/1945/1945 1753/1981/1981 1752/1980/1980
f 1716/1944/1944 1752/1980/1980 1751/1979/1979
f 1715/1943/1943 1751/1979/1979 1750/1978/1978
f 1714/1942/1942 1750/1978/1978 1749/1977/1977
f 1713/1941/1941 1749/1977/1977 1748/1976/1976
f 1712/1940/1940 1748/1976/1976 1747/1975/1975
f 1711/1939/1939 1747/1975/1975 1746/1974/1974
f 1710/1938/1938 1746/1974/1974 1745/1973/1973
f 1673/1901/1901 1709/1937/1937 1744/1972/1972
f 1708/1936/1936 1744/1972/1972 1743/1971/1971
f 1707/1935/1935 1743/1971/1971 1742/1970/1970
f 1706/1934/1934 1742/1970/1970 1741/1969/1969
f 1705/1933/1933 1741/1969/1969 1740/1968/1968
f 1704/1932/1932 1740/1968/1968 1739/1967/1967
f 1703/1931/1931 1739/1967/1967 1738/1966/1966
f 1702/1930/1930 1738/1966/1966 1737/1965/1965
f 1701/1929/1929 1737/1965/1965 1736/1964/1964
f 1700/1928/1928 1736/1964/1964 1735/1963/1963
f 1699/1927/1927 1735/1963/1963 1734/1962/1962
f 1698/1926/1926 1734/1962/1962 1733/1961/1961
f 1697/1925/1925 1733/1961/1961 1732/1960/1960
f 1696/1924/1924 1732/1960/1960 1731/1959/1959
f 1695/1923/1923 1731/1959/1959 1730/1958/1958
f 1694/1922/1922 1730/1958/1958 1729/1957/1957
f 1693/1921/1921 1729/1957/1957 1728/1956/1956
f 1692/1920/1920 1728/1956/1956 1727/1955/1955
f 1691/1919/1919 1727/1955/1955 1726/1954/1954
f 1690/1918/1918 1726/1954/1954 1725/1953/1953
f 1689/1917/1917 1725/1953/1953 1724/1952/1952
f 1688/1916/1916 1724/1952/1952 1723/1951/1951
f 1687/1915/1915 1723/1951/1951 1722/1950/1950
f 1686/1914/1914 1722/1950/1950 1721/1949/1949
f 1685/1913/1913 1721/1949/1949 1720/1948/1948
f 1684/1912/1912 1720/1948/1948 1719/1947/1947
f 1683/1911/1911 1719/1947/1947 1718/1946/1946
f 1682/1910/1910 1718/1946/1946 1717/1945/1945
f 1681/1909/1909 1717/1945/1945 1716/1944/1944
f 1680/1908/1908 1716/1944/1944 1715/1943/1943
f 1679/1907/1907 1715/1943/1943 1714/1942/1942
f 1678/1906/1906 1714/1942/1942 1713/1941/1941
f 1677/1905/1905 1713/1941/1941 1712/1940/1940
f 1676/1904/1904 1712/1940/1940 1711/1939/1939
f 1675/1903/1903 1711/1939/1939 1710/1938/1938
f 1674/1902/1902 1710/1938/1938 1709/1937/1937
f 1637/1865/1865 1673/1901/1901 1708/1936/1936
f 1672/1900/1900 1708/1936/1936 1707/1935/1935
f 1671/1899/1899 1707/1935/1935 1706/1934/1934
f 1670/1898/1898 1706/1934/1934 1705/1933/1933
f 1669/1897/1897 1705/1933/1933 1704/1932/1932
f 1668/1896/1896 1704/1932/1932 1703/1931/1931
f 1667/1895/1895 1703/1931/1931 1702/1930/1930
f 1666/1894/1894 1702/1930/1930 1701/1929/1929
f 1665/1893/1893 1701/1929/1929 1700/1928/1928
f 1664/1892/1892 1700/1928/1928 1699/1927/1927
f 1663/1891/1891 1699/1927/1927 1698/1926/1926
f 1662/1890/1890 1698/1926/1926 1697/1925/1925
f 1661/1889/1889 1697/1925/1925 1696/1924/1924
f 1660/1888/1888 1696/1924/1924 1695/1923/1923
f 1659/1887/1887 1695/1923/1923 1694/1922/1922
f 1658/1886/1886 1694/1922/1922 1693/1921/1921
f 1657/1885/1885 1693/1921/1921 1692/1920/1920
f 1656/1884/1884 1692/1920/1920 1691/1919/1919
f 1655/1883/1883 1691/1919/1919 1690/1918/1918
f 1654/1882/1882 1690/1918/1918 1689/1917/1917
f 1653/1881/1881 1689/1917/1917 1688/1916/1916
f 1652/1880/1880 1688/1916/1916 1687/1915/1915
f 1651/1879/1879 1687/1915/1915 1686/1914/1914
f 1650/1878/1878 1686/1914/1914 1685/1913/1913
f 1649/1877/1877 1685/1913/1913 1684/1912/1912
f 1648/1876/1876 1684/1912/1912 1683/1911/1911
f 1647/1875/1875 1683/1911/1911 1682/1910/1910
f 1646/1874/1874 1682/1910/1910 1681/1909/1909
f 1645/1873/1873 1681/1909/1909 1680/1908/1908
f 1644/1872/1872 1680/1908/1908 1679/1907/1907
f 1643/1871/1871 1679/1907/1907 1678/1906/1906
f 1642/1870/1870 1678/1906/1906 1677/1905/1905
f 1641/1869/1869 1677/1905/1905 1676/1904/1904
f 1640/1868/1868 1676/1904/1904 1675/1903/1903
f 1639/1867/1867 1675/1903/1903 1674/1902/1902
f 1638/1866/1866 1674/1902/1902 1673/1901/1901
f 1601/1829/1829 1637/1865/1865 1672/1900/1900
f 1636/1864/1864 1672/1900/1900 1671/1899/1899
f 1635/1863/1863 1671/1899/1899 1670/1898/1898
f 1634/1862/1862 1670/1898/1898 1669/1897/1897
f 1633/1861/1861 1669/1897/1897 1668/1896/1896
f 1632/1860/1860 1668/1896/1896 1667/1895/1895
f 1631/1859/1859 1667/1895/1895 1666/1894/1894
f 1630/1858/1858 1666/1894/1894 1665/1893/1893
f 1629/1857/1857 1665/1893/1893 1664/1892/1892
f 1628/1856/1856 1664/1892/1892 1663/1891/1891
f 1627/1855/1855 1663/1891/1891 1662/1890/1890
f 1626/1854/1854 1662/1890/1890 1661/1889/1889
f 1625/1853/1853 1661/1889/1889 1660/1888/1888
f 1624/1852/1852 1660/1888/1888 1659/1887/1887
f 1623/1851/1851 1659/1887/1887 1658/1886/1886
f 1622/1850/1850 1658/1886/1886 1657/1885/1885
f 1621/1849/1849 1657/1885/1885 1656/1884/1884
f 1620/1848/1848 1656/1884/1884 1655/1883/1883
f 1619/1847/1847 1655/1883/1883 1654/1882/1882
f 1618/1846/1846 1654/1882/1882 1653/1881/1881
f 1617/1845/1845 1653/1881/1881 1652/1880/1880
f 1616/1844/1844 1652/1880/1880 1651/1879/1879
f 1615/1843/1843 1651/1879/1879 1650/1878/1878
f 1614/1842/1842 1650/1878/1878 1649/1877/1877
f 1613/1841/1841 1649/1877/1877 1648/1876/1876
f 1612/1840/1840 1648/1876/1876 1647/1875/1875
f 1611/1839/1839 1647/1875/1875 1646/1874/1874
f 1610/1838/1838 1646/1874/1874 1645/1873/1873
f 1609/1837/1837 1645/1873/1873 1644/1872/1872
f 1608/1836/1836 1644/1872/1872 1643/1871/1871
f 1607/1835/1835 1643/1871/1871 1642/1870/1870
f 1606/1834/1834 1642/1870/1870 1641/1869/1869
f 1605/1833/1833 1641/1869/1869 1640/1868/1868
f 1604/1832/1832 1640/1868/1868 1639/1867/1867
f 1603/1831/1831 1639/1867/1867 1638/1866/1866
f 1602/1830/1830 1638/1866/1866 1637/1865/1865
f 1529/1757/1757 1601/1829/1829 1636/1864/1864
f 1600/1828/1828 1636/1864/1864 1635/1863/1863
f 1598/1826/1826 1635/1863/1863 1634/1862/1862
f 1596/1824/1824 1634/1862/1862 1633/1861/1861
f 1594/1822/1822 1633/1861/1861 1632/1860/1860
f 1592/1820/1820 1632/1860/1860 1631/1859/1859
f 1590/1818/1818 1631/1859/1859 1630/1858/1858
f 1588/1816/1816 1630/1858/1858 1629/1857/1857
f 1586/1814/1814 1629/1857/1857 1628/1856/1856
f 1584/1812/1812 1628/1856/1856 1627/1855/1855
f 1582/1810/1810 1627/1855/1855 1626/1854/1854
f 1580/1808/1808 1626/1854/1854 1625/1853/1853
f 1578/1806/1806 1625/1853/1853 1624/1852/1852
f 1576/1804/1804 1624/1852/1852 1623/1851/1851
f 1574/1802/1802 1623/1851/1851 1622/1850/1850
f 1572/1800/1800 1622/1850/1850 1621/1849/1849
f 1570/1798/1798 1621/1849/1849 1620/1848/1848
f 1568/1796/1796 1620/1848/1848 1619/1847/1847
f 1566/1794/1794 1619/1847/1847 1618/1846/1846
f 1564/1792/1792 1618/1846/1846 1617/1845/1845
f 1562/1790/1790 1617/1845/1845 1616/1844/1844
f 1560/1788/1788 1616/1844/1844 1615/1843/1843
f 1558/1786/1786 1615/1843/1843 1614/1842/1842
f 1556/1784/1784 1614/1842/1842 1613/1841/1841
f 1554/1782/1782 1613/1841/1841 1612/1840/1840
f 1552/1780/1780 1612/1840/1840 1611/1839/1839
f 1550/1778/1778 1611/1839/1839 1610/1838/1838
f 1548/1776/1776 1610/1838/1838 1609/1837/1837
f 1546/1774/1774 1609/1837/1837 1608/1836/1836
f 1544/1772/1772 1608/1836/1836 1607/1835/1835
f 1542/1770/1770 1607/1835/1835 1606/1834/1834
f 1540/1768/1768 1606/1834/1834 1605/1833/1833
f 1538/1766/1766 1605/1833/1833 1604/1832/1832
f 1536/1764/1764 1604/1832/1832 1603/1831/1831
f 1534/1762/1762 1603/1831/1831 1602/1830/1830
f 1532/1760/1760 1602/1830/1830 1601/1829/1829
f 1530/1758/1758 1529/1757/1757 1600/1828/1828
f 1599/1827/1827 1600/1828/1828 1598/1826/1826
f 1597/1825/1825 1598/1826/1826 1596/1824/1824
f 1595/1823/1823 1596/1824/1824 1594/1822/1822
f 1593/1821/1821 1594/1822/1822 1592/1820/1820
f 1591/1819/1819 1592/1820/1820 1590/1818/1818
f 1589/1817/1817 1590/1818/1818 1588/1816/1816
f 1587/1815/1815 1588/1816/1816 1586/1814/1814
f 1585/1813/1813 1586/1814/1814 1584/1812/1812
f 1583/1811/1811 1584/1812/1812 1582/1810/1810
f 1581/1809/1809 1582/1810/1810 1580/1808/1808
f 1579/1807/1807 1580/1808/1808 1578/1806/1806
f 1577/1805/1805 1578/1806/1806 1576/1804/1804
f 1575/1803/1803 1576/1804/1804 1574/1802/1802
f 1573/1801/1801 1574/1802/1802 1572/1800/1800
f 1571/1799/1799 1572/1800/1800 1570/1798/1798
f 1569/1797/1797 1570/1798/1798 1568/1796/1796
f 1567/1795/1795 1568/1796/1796 1566/1794/1794
f 1565/1793/1793 1566/1794/1794 1564/1792/1792
f 1563/1791/1791 1564/1792/1792 1562/1790/1790
f 1561/1789/1789 1562/1790/1790 1560/1788/1788
f 1559/1787/1787 1560/1788/1788 1558/1786/1786
f 1557/1785/1785 1558/1786/1786 1556/1784/1784
f 1555/1783/1783 1556/1784/1784 1554/1782/1782
f 1553/1781/1781 1554/1782/1782 1552/1780/1780
f 1551/1779/1779 1552/1780/1780 1550/1778/1778
f 1549/1777/1777 1550/1778/1778 1548/1776/1776
f 1547/1775/1775 1548/1776/1776 1546/1774/1774
f 1545/1773/1773 1546/1774/1774 1544/1772/1772
f 1543/1771/1771 1544/1772/1772 1542/1770/1770
f 1541/1769/1769 1542/1770/1770 1540/1768/1768
f 1539/1767/1767 1540/1768/1768 1538/1766/1766
f 1537/1765/1765 1538/1766/1766 1536/1764/1764
f 1535/1763/1763 1536/1764/1764 1534/1762/1762
f 1533/1761/1761 1534/1762/1762 1532/1760/1760
f 1531/1759/1759 1532/1760/1760 1529/1757/1757
f 1889/2185/2185 1510/2186/2186 1509/2187/2187
f 1890/2188/2188 1889/2185/2185 1891/2189/2189
f 1892/2190/2190 1890/2188/2188 1893/2191/2191
f 1894/2192/2192 1892/2190/2190 1895/2193/2193
f 1853/2194/2194 1894/2192/2192 1896/2195/2195
f 1891/2189/2189 1509/2187/2187 1508/2196/2196
f 1893/2191/2191 1891/2189/2189 1897/2197/2197
f 1895/2193/2193 1893/2191/2191 1898/2198/2198
f 1896/2195/2195 1895/2193/2193 1899/2199/2199
f 1854/2200/2200 1896/2195/2195 1900/2201/2201
f 1897/2197/2197 1508/2196/2196 1507/2202/2202
f 1898/2198/2198 1897/2197/2197 1901/2203/2203
f 1899/2199/2199 1898/2198/2198 1902/2204/2204
f 1900/2201/2201 1899/2199/2199 1903/2205/2205
f 1855/2206/2206 1900/2201/2201 1904/2207/2207
f 1901/2203/2203 1507/2202/2202 1506/2208/2208
f 1902/2204/2204 1901/2203/2203 1905/2209/2209
f 1903/2205/2205 1902/2204/2204 1906/2210/2210
f 1904/2207/2207 1903/2205/2205 1907/2211/2211
f 1856/2212/2212 1904/2207/2207 1908/2213/2213
f 1905/2209/2209 1506/2208/2208 1505/2214/2214
f 1906/2210/2210 1905/2209/2209 1909/2215/2215
f 1907/2211/2211 1906/2210/2210 1910/2216/2216
f 1908/2213/2213 1907/2211/2211 1911/2217/2217
f 1857/2218/2218 1908/2213/2213 1912/2219/2219
f 1909/2215/2215 1505/2214/2214 1504/2220/2220
f 1910/2216/2216 1909/2215/2215 1913/2221/2221
f 1911/2217/2217 1910/2216/2216 1914/2222/2222
f 1912/2219/2219 1911/2217/2217 1915/2223/2223
f 1858/2224/2224 1912/2219/2219 1916/2225/2225
f 1913/2221/2221 1504/2220/2220 1503/2226/2226
f 1914/2222/2222 1913/2221/2221 1917/2227/2227
f 1915/2223/2223 1914/2222/2222 1918/2228/2228
f 1916/2225/2225 1915/2223/2223 1919/2229/2229
f 1859/2230/2230 1916/2225/2225 1920/2231/2231
f 1917/2227/2227 1503/2226/2226 1502/2232/2232
f 1918/2228/2228 1917/2227/2227 1921/2233/2233
f 1919/2229/2229 1918/2228/2228 1922/2234/2234
f 1920/2231/2231 1919/2229/2229 1923/2235/2235
f 1860/2236/2236 1920/2231/2231 1924/2237/2237
f 1921/2233/2233 1502/2232/2232 1501/2238/2238
f 1922/2234/2234 1921/2233/2233 1925/2239/2239
f 1923/2235/2235 1922/2234/2234 1926/2240/2240
f 1924/2237/2237 1923/2235/2235 1927/2241/2241
f 1861/2242/2242 1924/2237/2237 1928/2243/2243
f 1925/2239/2239 1501/2238/2238 1500/2244/2244
f 1926/2240/2240 1925/2239/2239 1929/2245/2245
f 1927/2241/2241 1926/2240/2240 1930/2246/2246
f 1928/2243/2243 1927/2241/2241 1931/2247/2247
f 1862/2248/2248 1928/2243/2243 1932/2249/2249
f 1929/2245/2245 1500/2244/2244 1499/2250/2250
f 1930/2246/2246 1929/2245/2245 1933/2251/2251
f 1931/2247/2247 1930/2246/2246 1934/2252/2252
f 1932/2249/2249 1931/2247/2247 1935/2253/2253
f 1863/2254/2254 1932/2249/2249 1936/2255/2255
f 1933/2251/2251 1499/2250/2250 1498/2256/2256
f 1934/2252/2252 1933/2251/2251 1937/2257/2257
f 1935/2253/2253 1934/2252/2252 1938/2258/2258
f 1936/2255/2255 1935/2253/2253 1939/2259/2259
f 1864/2260/2260 1936/2255/2255 1940/2261/2261
f 1937/2257/2257 1498/2256/2256 1497/2262/2262
f 1938/2258/2258 1937/2257/2257 1941/2263/2263
f 1939/2259/2259 1938/2258/2258 1942/2264/2264
f 1940/2261/2261 1939/2259/2259 1943/2265/2265
f 1865/2266/2266 1940/2261/2261 1944/2267/2267
f 1941/2263/2263 1497/2262/2262 1496/2268/2268
f 1942/2264/2264 1941/2263/2263 1945/2269/2269
f 1943/2265/2265 1942/2264/2264 1946/2270/2270
f 1944/2267/2267 1943/2265/2265 1947/2271/2271
f 1866/2272/2272 1944/2267/2267 1948/2273/2273
f 1945/2269/2269 1496/2268/2268 1495/2274/2274
f 1946/2270/2270 1945/2269/2269 1949/2275/2275
f 1947/2271/2271 1946/2270/2270 1950/2276/2276
f 1948/2273/2273 1947/2271/2271 1951/2277/2277
f 1867/2278/2278 1948/2273/2273 1952/2279/2279
f 1949/2275/2275 1495/2274/2274 1494/2280/2280
f 1950/2276/2276 1949/2275/2275 1953/2281/2281
f 1951/2277/2277 1950/2276/2276 1954/2282/2282
f 1952/2279/2279 1951/2277/2277 1955/2283/2283
f 1868/2284/2284 1952/2279/2279 1956/2285/2285
f 1953/2281/2281 1494/2280/2280 1493/2286/2286
f 1954/2282/2282 1953/2281/2281 1957/2287/2287
f 1955/2283/2283 1954/2282/2282 1958/2288/2288
f 1956/2285/2285 1955/2283/2283 1959/2289/2289
f 1869/2290/2290 1956/2285/2285 1960/2291/2291
f 1957/2287/2287 1493/2286/2286 1528/2292/2292
f 1958/2288/2288 1957/2287/2287 1961/2293/2293
f 1959/2289/2289 1958/2288/2288 1962/2294/2294
f 1960/2291/2291 1959/2289/2289 1963/2295/2295
f 1870/2296/2296 1960/2291/2291 1964/2297/2297
f 1961/2293/2293 1528/2292/2292 1527/2298/2298
f 1962/2294/2294 1961/2293/2293 1965/2299/2299
f 1963/2295/2295 1962/2294/2294 1966/2300/2300
f 1964/2297/2297 1963/2295/2295 1967/2301/2301
f 1871/2302/2302 1964/2297/2297 1968/2303/2303
f 1965/2299/2299 1527/2298/2298 1526/2304/2304
f 1966/2300/2300 1965/2299/2299 1969/2305/2305
f 1967/2301/2301 1966/2300/2300 1970/2306/2306
f 1968/2303/2303 1967/2301/2301 1971/2307/2307
f 1872/2308/2308 1968/2303/2303 1972/2309/2309
f 1969/2305/2305 1526/2304/2304 1525/2310/2310
f 1970/2306/2306 1969/2305/2305 1973/2311/2311
f 1971/2307/2307 1970/2306/2306 1974/2312/2312
f 1972/2309/2309 1971/2307/2307 1975/2313/2313
f 1873/2314/2314 1972/2309/2309 1976/2315/2315
f 1973/2311/2311 1525/2310/2310 1524/2316/2316
f 1974/2312/2312 1973/2311/2311 1977/2317/2317
f 1975/2313/2313 1974/2312/2312 1978/2318/2318
f 1976/2315/2315 1975/2313/2313 1979/2319/2319
f 1874/2320/2320 1976/2315/2315 1980/2321/2321
f 1977/2317/2317 1524/2316/2316 1523/2322/2322
f 1978/2318/2318 1977/2317/2317 1981/2323/2323
f 1979/2319/2319 1978/2318/2318 1982/2324/2324
f 1980/2321/2321 1979/2319/2319 1983/2325/2325
f 1875/2326/2326 1980/2321/2321 1984/2327/2327
f 1981/2323/2323 1523/2322/2322 1522/2328/2328
f 1982/2324/2324 1981/2323/2323 1985/2329/2329
f 1983/2325/2325 1982/2324/2324 1986/2330/2330
f 1984/2327/2327 1983/2325/2325 1987/2331/2331
f 1876/2332/2332 1984/2327/2327 1988/2333/2333
f 1985/2329/2329 1522/2328/2328 1521/2334/2334
f 1986/2330/2330 1985/2329/2329 1989/2335/2335
f 1987/2331/2331 1986/2330/2330 1990/2336/2336
f 1988/2333/2333 1987/2331/2331 1991/2337/2337
f 1877/2338/2338 1988/2333/2333 1992/2339/2339
f 1989/2335/2335 1521/2334/2334 1520/2340/2340
f 1990/2336/2336 1989/2335/2335 1993/2341/2341
f 1991/2337/2337 1990/2336/2336 1994/2342/2342
f 1992/2339/2339 1991/2337/2337 1995/2343/2343
f 1878/2344/2344 1992/2339/2339 1996/2345/2345
f 1993/2341/2341 1520/2340/2340 1519/2346/2346
f 1994/2342/2342 1993/2341/2341 1997/2347/2347
f 1995/2343/2343 1994/2342/2342 1998/2348/2348
f 1996/2345/2345 1995/2343/2343 1999/2349/2349
f 1879/2350/2350 1996/2345/2345 2000/2351/2351
f 1997/2347/2347 1519/2346/2346 1518/2352/2352
f 1998/2348/2348 1997/2347/2347 2001/2353/2353
f 1999/2349/2349 1998/2348/2348 2002/2354/2354
f 2000/2351/2351 1999/2349/2349 2003/2355/2355
f 1880/2356/2356 2000/2351/2351 2004/2357/2357
f 2001/2353/2353 1518/2352/2352 1517/2358/2358
f 2002/2354/2354 2001/2353/2353 2005/2359/2359
f 2003/2355/2355 2002/2354/2354 2006/2360/2360
f 2004/2357/2357 2003/2355/2355 2007/2361/2361
f 1881/2362/2362 2004/2357/2357 2008/2363/2363
f 2005/2359/2359 1517/2358/2358 1516/2364/2364
f 2006/2360/2360 2005/2359/2359 2009/2365/2365
f 2007/2361/2361 2006/2360/2360 2010/2366/2366
f 2008/2363/2363 2007/2361/2361 2011/2367/2367
f 1882/2368/2368 2008/2363/2363 2012/2369/2369
f 2009/2365/2365 1516/2364/2364 1515/2370/2370
f 2010/2366/2366 2009/2365/2365 2013/2371/2371
f 2011/2367/2367 2010/2366/2366 2014/2372/2372
f 2012/2369/2369 2011/2367/2367 2015/2373/2373
f 1883/2374/2374 2012/2369/2369 2016/2375/2375
f 2013/2371/2371 1515/2370/2370 1514/2376/2376
f 2014/2372/2372 2013/2371/2371 2017/2377/2377
f 2015/2373/2373 2014/2372/2372 2018/2378/2378
f 2016/2375/2375 2015/2373/2373 2019/2379/2379
f 1884/2380/2380 2016/2375/2375 2020/2381/2381
f 2017/2377/2377 1514/2376/2376 1513/2382/2382
f 2018/2378/2378 2017/2377/2377 2021/2383/2383
f 2019/2379/2379 2018/2378/2378 2022/2384/2384
f 2020/2381/2381 2019/2379/2379 2023/2385/2385
f 1885/2386/2386 2020/2381/2381 2024/2387/2387
f 2021/2383/2383 1513/2382/2382 1512/2388/2388
f 2022/2384/2384 2021/2383/2383 2025/2389/2389
f 2023/2385/2385 2022/2384/2384 2026/2390/2390
f 2024/2387/2387 2023/2385/2385 2027/2391/2391
f 1886/2392/2392 2024/2387/2387 2028/2393/2393
f 2025/2389/2389 1512/2388/2388 1511/2394/2394
f 2026/2390/2390 2025/2389/2389 2029/2395/2395
f 2027/2391/2391 2026/2390/2390 2030/2396/2396
f 2028/2393/2393 2027/2391/2391 2031/2397/2397
f 1887/2398/2398 2028/2393/2393 2032/2399/2399
f 2029/2395/2395 1511/2394/2394 1510/2186/2186
f 2030/2396/2396 2029/2395/2395 1889/2185/2185
f 2031/2397/2397 2030/2396/2396 1890/2188/2188
f 2032/2399/2399 2031/2397/2397 1892/2190/2190
f 1888/2400/2400 2032/2399/2399 1894/2192/2192
f 1894/2192/2192 1853/2194/2194 1888/2400/2400
f 1892/2190/2190 1894/2192/2192 2032/2399/2399
f 1890/2188/2188 1892/2190/2190 2031/2397/2397
f 1889/2185/2185 1890/2188/2188 2030/2396/2396
f 1510/2186/2186 1889/2185/2185 2029/2395/2395
f 2032/2399/2399 1888/2400/2400 1887/2398/2398
f 2031/2397/2397 2032/2399/2399 2028/2393/2393
f 2030/2396/2396 2031/2397/2397 2027/2391/2391
f 2029/2395/2395 2030/2396/2396 2026/2390/2390
f 1511/2394/2394 2029/2395/2395 2025/2389/2389
f 2028/2393/2393 1887/2398/2398 1886/2392/2392
f 2027/2391/2391 2028/2393/2393 2024/2387/2387
f 2026/2390/2390 2027/2391/2391 2023/2385/2385
f 2025/2389/2389 2026/2390/2390 2022/2384/2384
f 1512/2388/2388 2025/2389/2389 2021/2383/2383
f 2024/2387/2387 1886/2392/2392 1885/2386/2386
f 2023/2385/2385 2024/2387/2387 2020/2381/2381
f 2022/2384/2384 2023/2385/2385 2019/2379/2379
f 2021/2383/2383 2022/2384/2384 2018/2378/2378
f 1513/2382/2382 2021/2383/2383 2017/2377/2377
f 2020/2381/2381 1885/2386/2386 1884/2380/2380
f 2019/2379/2379 2020/2381/2381 2016/2375/2375
f 2018/2378/2378 2019/2379/2379 2015/2373/2373
f 2017/2377/2377 2018/2378/2378 2014/2372/2372
f 1514/2376/2376 2017/2377/2377 2013/2371/2371
f 2016/2375/2375 1884/2380/2380 1883/2374/2374
f 2015/2373/2373 2016/2375/2375 2012/2369/2369
f 2014/2372/2372 2015/2373/2373 2011/2367/2367
f 2013/2371/2371 2014/2372/2372 2010/2366/2366
f 1515/2370/2370 2013/2371/2371 2009/2365/2365
f 2012/2369/2369 1883/2374/2374 1882/2368/2368
f 2011/2367/2367 2012/2369/2369 2008/2363/2363
f 2010/2366/2366 2011/2367/2367 2007/2361/2361
f 2009/2365/2365 2010/2366/2366 2006/2360/2360
f 1516/2364/2364 2009/2365/2365 2005/2359/2359
f 2008/2363/2363 1882/2368/2368 1881/2362/2362
f 2007/2361/2361 2008/2363/2363 2004/2357/2357
f 2006/2360/2360 2007/2361/2361 2003/2355/2355
f 2005/2359/2359 2006/2360/2360 2002/2354/2354
f 1517/2358/2358 2005/2359/2359 2001/2353/2353
f 2004/2357/2357 1881/2362/2362 1880/2356/2356
f 2003/2355/2355 2004/2357/2357 2000/2351/2351
f 2002/2354/2354 2003/2355/2355 1999/2349/2349
f 2001/2353/2353 2002/2354/2354 1998/2348/2348
f 1518/2352/2352 2001/2353/2353 1997/2347/2347
f 2000/2351/2351 1880/2356/2356 1879/2350/2350
f 1999/2349/2349 2000/2351/2351 1996/2345/2345
f 1998/2348/2348 1999/2349/2349 1995/2343/2343
f 1997/2347/2347 1998/2348/2348 1994/2342/2342
f 1519/2346/2346 1997/2347/2347 1993/2341/2341
f 1996/2345/2345 1879/2350/2350 1878/2344/2344
f 1995/2343/2343 1996/2345/2345 1992/2339/2339
f 1994/2342/2342 1995/2343/2343 1991/2337/2337
f 1993/2341/2341 1994/2342/2342 1990/2336/2336
f 1520/2340/2340 1993/2341/2341 1989/2335/2335
f 1992/2339/2339 1878/2344/2344 1877/2338/2338
f 1991/2337/2337 1992/2339/2339 1988/2333/2333
f 1990/2336/2336 1991/2337/2337 1987/2331/2331
f 1989/2335/2335 1990/2336/2336 1986/2330/2330
f 1521/2334/2334 1989/2335/2335 1985/2329/2329
f 1988/2333/2333 1877/2338/2338 1876/2332/2332
f 1987/2331/2331 1988/2333/2333 1984/2327/2327
f 1986/2330/2330 1987/2331/2331 1983/2325/2325
f 1985/2329/2329 1986/2330/2330 1982/2324/2324
f 1522/2328/2328 1985/2329/2329 1981/2323/2323
f 1984/2327/2327 1876/2332/2332 1875/2326/2326
f 1983/2325/2325 1984/2327/2327 1980/2321/2321
f 1982/2324/2324 1983/2325/2325 1979/2319/2319
f 1981/2323/2323 1982/2324/2324 1978/2318/2318
f 1523/2322/2322 1981/2323/2323 1977/2317/2317
f 1980/2321/2321 1875/2326/2326 1874/2320/2320
f 1979/2319/2319 1980/2321/2321 1976/2315/2315
f 1978/2318/2318 1979/2319/2319 1975/2313/2313
f 1977/2317/2317 1978/2318/2318 1974/2312/2312
f 1524/2316/2316 1977/2317/2317 1973/2311/2311
f 1976/2315/2315 1874/2320/2320 1873/2314/2314
f 1975/2313/2313 1976/2315/2315 1972/2309/2309
f 1974/2312/2312 1975/2313/2313 1971/2307/2307
f 1973/2311/2311 1974/2312/2312 1970/2306/2306
f 1525/2310/2310 1973/2311/2311 1969/2305/2305
f 1972/2309/2309 1873/2314/2314 1872/2308/2308
f 1971/2307/2307 1972/2309/2309 1968/2303/2303
f 1970/2306/2306 1971/2307/2307 1967/2301/2301
f 1969/2305/2305 1970/2306/2306 1966/2300/2300
f 1526/2304/2304 1969/2305/2305 1965/2299/2299
f 1968/2303/2303 1872/2308/2308 1871/2302/2302
f 1967/2301/2301 1968/2303/2303 1964/2297/2297
f 1966/2300/2300 1967/2301/2301 1963/2295/2295
f 1965/2299/2299 1966/2300/2300 1962/2294/2294
f 1527/2298/2298 1965/2299/2299 1961/2293/2293
f 1964/2297/2297 1871/2302/2302 1870/2296/2296
f 1963/2295/2295 1964/2297/2297 1960/2291/2291
f 1962/2294/2294 1963/2295/2295 1959/2289/2289
f 1961/2293/2293 1962/2294/2294 1958/2288/2288
f 1528/2292/2292 1961/2293/2293 1957/2287/2287
f 1960/2291/2291 1870/2296/2296 1869/2290/2290
f 1959/2289/2289 1960/2291/2291 1956/2285/2285
f 1958/2288/2288 1959/2289/2289 1955/2283/2283
f 1957/2287/2287 1958/2288/2288 1954/2282/2282
f 1493/2286/2286 1957/2287/2287 1953/2281/2281
f 1956/2285/2285 1869/2290/2290 1868/2284/2284
f 1955/2283/2283 1956/2285/2285 1952/2279/2279
f 1954/2282/2282 1955/2283/2283 1951/2277/2277
f 1953/2281/2281 1954/2282/2282 1950/2276/2276
f 1494/2280/2280 1953/2281/2281 1949/2275/2275
f 1952/2279/2279 1868/2284/2284 1867/2278/2278
f 1951/2277/2277 1952/2279/2279 1948/2273/2273
f 1950/2276/2276 1951/2277/2277 1947/2271/2271
f 1949/2275/2275 1950/2276/2276 1946/2270/2270
f 1495/2274/2274 1949/2275/2275 1945/2269/2269
f 1948/2273/2273 1867/2278/2278 1866/2272/2272
f 1947/2271/2271 1948/2273/2273 1944/2267/2267
f 1946/2270/2270 1947/2271/2271 1943/2265/2265
f 1945/2269/2269 1946/2270/2270 1942/2264/2264
f 1496/2268/2268 1945/2269/2269 1941/2263/2263
f 1944/2267/2267 1866/2272/2272 1865/2266/2266
f 1943/2265/2265 1944/2267/2267 1940/2261/2261
f 1942/2264/2264 1943/2265/2265 1939/2259/2259
f 1941/2263/2263 1942/2264/2264 1938/2258/2258
f 1497/2262/2262 1941/2263/2263 1937/2257/2257
f 1940/2261/2261 1865/2266/2266 1864/2260/2260
f 1939/2259/2259 1940/2261/2261 1936/2255/2255
f 1938/2258/2258 1939/2259/2259 1935/2253/2253
f 1937/2257/2257 1938/2258/2258 1934/2252/2252
f 1498/2256/2256 1937/2257/2257 1933/2251/2251
f 1936/2255/2255 1864/2260/2260 1863/2254/2254
f 1935/2253/2253 1936/2255/2255 1932/2249/2249
f 1934/2252/2252 1935/2253/2253 1931/2247/2247
f 1933/2251/2251 1934/2252/2252 1930/2246/2246
f 1499/2250/2250 1933/2251/2251 1929/2245/2245
f 1932/2249/2249 1863/2254/2254 1862/2248/2248
f 1931/2247/2247 1932/2249/2249 1928/2243/2243
f 1930/2246/2246 1931/2247/2247 1927/2241/2241
f 1929/2245/2245 1930/2246/2246 1926/2240/2240
f 1500/2244/2244 1929/2245/2245 1925/2239/2239
f 1928/2243/2243 1862/2248/2248 1861/2242/2242
f 1927/2241/2241 1928/2243/2243 1924/2237/2237
f 1926/2240/2240 1927/2241/2241 1923/2235/2235
f 1925/2239/2239 1926/2240/2240 1922/2234/2234
f 1501/2238/2238 1925/2239/2239 1921/2233/2233
f 1924/2237/2237 1861/2242/2242 1860/2236/2236
f 1923/2235/2235 1924/2237/2237 1920/2231/2231
f 1922/2234/2234 1923/2235/2235 1919/2229/2229
f 1921/2233/2233 1922/2234/2234 1918/2228/2228
f 1502/2232/2232 1921/2233/2233 1917/2227/2227
f 1920/2231/2231 1860/2236/2236 1859/2230/2230
f 1919/2229/2229 1920/2231/2231 1916/2225/2225
f 1918/2228/2228 1919/2229/2229 1915/2223/2223
f 1917/2227/2227 1918/2228/2228 1914/2222/2222
f 1503/2226/2226 1917/2227/2227 1913/2221/2221
f 1916/2225/2225 1859/2230/2230 1858/2224/2224
f 1915/2223/2223 1916/2225/2225 1912/2219/2219
f 1914/2222/2222 1915/2223/2223 1911/2217/2217
f 1913/2221/2221 1914/2222/2222 1910/2216/2216
f 1504/2220/2220 1913/2221/2221 1909/2215/2215
f 1912/2219/2219 1858/2224/2224 1857/2218/2218
f 1911/2217/2217 1912/2219/2219 1908/2213/2213
f 1910/2216/2216 1911/2217/2217 1907/2211/2211
f 1909/2215/2215 1910/2216/2216 1906/2210/2210
f 1505/2214/2214 1909/2215/2215 1905/2209/2209
f 1908/2213/2213 1857/2218/2218 1856/2212/2212
f 1907/2211/2211 1908/2213/2213 1904/2207/2207
f 1906/2210/2210 1907/2211/2211 1903/2205/2205
f 1905/2209/2209 1906/2210/2210 1902/2204/2204
f 1506/2208/2208 1905/2209/2209 1901/2203/2203
f 1904/2207/2207 1856/2212/2212 1855/2206/2206
f 1903/2205/2205 1904/2207/2207 1900/2201/2201
f 1902/2204/2204 1903/2205/2205 1899/2199/2199
f 1901/2203/2203 1902/2204/2204 1898/2198/2198
f 1507/2202/2202 1901/2203/2203 1897/2197/2197
f 1900/2201/2201 1855/2206/2206 1854/2200/2200
f 1899/2199/2199 1900/2201/2201 1896/2195/2195
f 1898/2198/2198 1899/2199/2199 1895/2193/2193
f 1897/2197/2197 1898/2198/2198 1893/2191/2191
f 1508/2196/2196 1897/2197/2197 1891/2189/2189
f 1896/2195/2195 1854/2200/2200 1853/2194/2194
f 1895/2193/2193 1896/2195/2195 1894/2192/2192
f 1893/2191/2191 1895/2193/2193 1892/2190/2190
f 1891/2189/2189 1893/2191/2191 1890/2188/2188
f 1509/2187/2187 1891/2189/2189 1889/2185/2185
f 2033/2401/2401 2034/2402/2402 2035/2403/2403
f 2036/2404/2404 2037/2405/2405 2038/2406/2406
f 2039/2407/2407 2040/2408/2408 2041/2409/2409
f 2042/2410/2410 2043/2411/2411 2044/2412/2412
f 2045/2413/2413 2046/2414/2414 2047/2415/2415
f 2048/2416/2416 2049/2417/2417 2050/2418/2418
f 2051/2419/2419 2052/2420/2420 2053/2421/2421
f 2054/2422/2422 2055/2423/2423 2056/2424/2424
f 2057/2425/2425 2058/2426/2426 2059/2427/2427
f 2059/2427/2427 2049/2417/2417 2057/2425/2425
f 2050/2418/2418 2049/2417/2417 2060/2428/2428
f 2049/2417/2417 2061/2429/2429 2060/2428/2428
f 2050/2418/2418 2062/2430/2430 2063/2431/2431
f 2064/2432/2432 2065/2433/2433 2066/2434/2434
f 2064/2432/2432 2050/2418/2418 2065/2433/2433
f 2067/2435/2435 2068/2436/2436 2069/2437/2437
f 2067/2435/2435 2066/2434/2434 2068/2436/2436
f 2055/2423/2423 2067/2435/2435 2070/2438/2438
f 2070/2438/2438 2071/2439/2439 2055/2423/2423
f 2056/2424/2424 2071/2439/2439 2072/2440/2440
f 2056/2424/2424 2073/2441/2441 2074/2442/2442
f 2074/2442/2442 2075/2443/2443 2056/2424/2424
f 2076/2444/2444 2075/2443/2443 2077/2445/2445
f 2075/2443/2443 2078/2446/2446 2077/2445/2445
f 2076/2444/2444 2079/2447/2447 2080/2448/2448
f 2080/2448/2448 2053/2421/2421 2076/2444/2444
f 2081/2449/2449 2053/2421/2421 2082/2450/2450
f 2053/2421/2421 2083/2451/2451 2082/2450/2450
f 2081/2449/2449 2084/2452/2452 2085/2453/2453
f 2051/2419/2419 2086/2454/2454 2087/2455/2455
f 2051/2419/2419 2081/2449/2449 2086/2454/2454
f 2088/2456/2456 2089/2457/2457 2090/2458/2458
f 2088/2456/2456 2087/2455/2455 2089/2457/2457
f 2047/2415/2415 2088/2456/2456 2091/2459/2459
f 2091/2459/2459 2092/2460/2460 2047/2415/2415
f 2093/2461/2461 2092/2460/2460 2094/2462/2462
f 2093/2461/2461 2095/2463/2463 2096/2464/2464
f 2096/2464/2464 2045/2413/2413 2093/2461/2461
f 2097/2465/2465 2045/2413/2413 2098/2466/2466
f 2045/2413/2413 2099/2467/2467 2098/2466/2466
f 2097/2465/2465 2100/2468/2468 2101/2469/2469
f 2101/2469/2469 2102/2470/2470 2097/2465/2465
f 2039/2407/2407 2102/2470/2470 2103/2471/2471
f 2102/2470/2470 2104/2472/2472 2103/2471/2471
f 2039/2407/2407 2105/2473/2473 2106/2474/2474
f 2040/2408/2408 2107/2475/2475 2108/2476/2476
f 2040/2408/2408 2039/2407/2407 2107/2475/2475
f 2109/2477/2477 2110/2478/2478 2111/2479/2479
f 2109/2477/2477 2108/2476/2476 2110/2478/2478
f 2112/2480/2480 2109/2477/2477 2113/2481/2481
f 2113/2481/2481 2114/2482/2482 2112/2480/2480
f 2033/2401/2401 2114/2482/2482 2115/2483/2483
f 2033/2401/2401 2116/2484/2484 2117/2485/2485
f 2117/2485/2485 2034/2402/2402 2033/2401/2401
f 2118/2486/2486 2034/2402/2402 2119/2487/2487
f 2034/2402/2402 2120/2488/2488 2119/2487/2487
f 2118/2486/2486 2121/2489/2489 2122/2490/2490
f 2122/2490/2490 2036/2404/2404 2118/2486/2486
f 2037/2405/2405 2036/2404/2404 2123/2491/2491
f 2036/2404/2404 2124/2492/2492 2123/2491/2491
f 2037/2405/2405 2125/2493/2493 2126/2494/2494
f 2038/2406/2406 2127/2495/2495 2128/2496/2496
f 2038/2406/2406 2037/2405/2405 2127/2495/2495
f 2129/2497/2497 2128/2496/2496 2130/2498/2498
f 2130/2498/2498 2131/2499/2499 2129/2497/2497
f 2042/2410/2410 2129/2497/2497 2132/2500/2500
f 2132/2500/2500 2133/2501/2501 2042/2410/2410
f 2043/2411/2411 2133/2501/2501 2134/2502/2502
f 2043/2411/2411 2135/2503/2503 2136/2504/2504
f 2136/2504/2504 2044/2412/2412 2043/2411/2411
f 2057/2425/2425 2044/2412/2412 2137/2505/2505
f 2044/2412/2412 2138/2506/2506 2137/2505/2505
f 2057/2425/2425 2139/2507/2507 2140/2508/2508
f 2140/2508/2508 2044/2412/2412 2057/2425/2425
f 2042/2410/2410 2141/2509/2509 2142/2510/2510
f 2142/2510/2510 2143/2511/2511 2042/2410/2410
f 2129/2497/2497 2042/2410/2410 2144/2512/2512
f 2129/2497/2497 2145/2513/2513 2146/2514/2514
f 2144/2512/2512 2147/2515/2515 2129/2497/2497
f 2147/2515/2515 2145/2513/2513 2129/2497/2497
f 2038/2406/2406 2148/2516/2516 2149/2517/2517
f 2038/2406/2406 2146/2514/2514 2148/2516/2516
f 2118/2486/2486 2036/2404/2404 2150/2518/2518
f 2036/2404/2404 2151/2519/2519 2150/2518/2518
f 2118/2486/2486 2152/2520/2520 2153/2521/2521
f 2153/2521/2521 2034/2402/2402 2118/2486/2486
f 2112/2480/2480 2035/2403/2403 2154/2522/2522
f 2154/2522/2522 2155/2523/2523 2112/2480/2480
f 2109/2477/2477 2112/2480/2480 2156/2524/2524
f 2109/2477/2477 2157/2525/2525 2158/2526/2526
f 2156/2524/2524 2159/2527/2527 2109/2477/2477
f 2159/2527/2527 2157/2525/2525 2109/2477/2477
f 2040/2408/2408 2160/2528/2528 2161/2529/2529
f 2040/2408/2408 2158/2526/2526 2160/2528/2528
f 2097/2465/2465 2102/2470/2470 2162/2530/2530
f 2102/2470/2470 2041/2409/2409 2162/2530/2530
f 2097/2465/2465 2163/2531/2531 2164/2532/2532
f 2164/2532/2532 2045/2413/2413 2097/2465/2465
f 2047/2415/2415 2046/2414/2414 2165/2533/2533
f 2165/2533/2533 2166/2534/2534 2047/2415/2415
f 2088/2456/2456 2167/2535/2535 2168/2536/2536
f 2088/2456/2456 2169/2537/2537 2167/2535/2535
f 2088/2456/2456 2047/2415/2415 2170/2538/2538
f 2170/2538/2538 2169/2537/2537 2088/2456/2456
f 2051/2419/2419 2171/2539/2539 2172/2540/2540
f 2051/2419/2419 2168/2536/2536 2171/2539/2539
f 2076/2444/2444 2053/2421/2421 2173/2541/2541
f 2053/2421/2421 2052/2420/2420 2173/2541/2541
f 2076/2444/2444 2174/2542/2542 2175/2543/2543
f 2175/2543/2543 2075/2443/2443 2076/2444/2444
f 2055/2423/2423 2054/2422/2422 2176/2544/2544
f 2176/2544/2544 2177/2545/2545 2055/2423/2423
f 2067/2435/2435 2178/2546/2546 2179/2547/2547
f 2067/2435/2435 2180/2548/2548 2178/2546/2546
f 2067/2435/2435 2055/2423/2423 2181/2549/2549
f 2181/2549/2549 2180/2548/2548 2067/2435/2435
f 2064/2432/2432 2182/2550/2550 2183/2551/2551
f 2064/2432/2432 2179/2547/2547 2182/2550/2550
f 2057/2425/2425 2049/2417/2417 2184/2552/2552
f 2049/2417/2417 2048/2416/2416 2184/2552/2552
f 2184/2552/2552 2139/2507/2507 2057/2425/2425
f 2184/2552/2552 2048/2416/2416 2183/2551/2551
f 2183/2551/2551 2048/2416/2416 2064/2432/2432
f 2179/2547/2547 2064/2432/2432 2067/2435/2435
f 2177/2545/2545 2181/2549/2549 2055/2423/2423
f 2176/2544/2544 2054/2422/2422 2175/2543/2543
f 2175/2543/2543 2054/2422/2422 2075/2443/2443
f 2173/2541/2541 2174/2542/2542 2076/2444/2444
f 2173/2541/2541 2052/2420/2420 2172/2540/2540
f 2172/2540/2540 2052/2420/2420 2051/2419/2419
f 2168/2536/2536 2051/2419/2419 2088/2456/2456
f 2166/2534/2534 2170/2538/2538 2047/2415/2415
f 2165/2533/2533 2046/2414/2414 2164/2532/2532
f 2164/2532/2532 2046/2414/2414 2045/2413/2413
f 2162/2530/2530 2163/2531/2531 2097/2465/2465
f 2162/2530/2530 2041/2409/2409 2161/2529/2529
f 2161/2529/2529 2041/2409/2409 2040/2408/2408
f 2158/2526/2526 2040/2408/2408 2109/2477/2477
f 2155/2523/2523 2156/2524/2524 2112/2480/2480
f 2154/2522/2522 2035/2403/2403 2153/2521/2521
f 2153/2521/2521 2035/2403/2403 2034/2402/2402
f 2150/2518/2518 2152/2520/2520 2118/2486/2486
f 2150/2518/2518 2151/2519/2519 2149/2517/2517
f 2149/2517/2517 2151/2519/2519 2038/2406/2406
f 2146/2514/2514 2038/2406/2406 2129/2497/2497
f 2143/2511/2511 2144/2512/2512 2042/2410/2410
f 2142/2510/2510 2141/2509/2509 2140/2508/2508
f 2140/2508/2508 2141/2509/2509 2044/2412/2412
f 2137/2505/2505 2058/2426/2426 2057/2425/2425
f 2136/2504/2504 2138/2506/2506 2044/2412/2412
f 2134/2502/2502 2135/2503/2503 2043/2411/2411
f 2133/2501/2501 2043/2411/2411 2042/2410/2410
f 2131/2499/2499 2132/2500/2500 2129/2497/2497
f 2128/2496/2496 2129/2497/2497 2038/2406/2406
f 2126/2494/2494 2127/2495/2495 2037/2405/2405
f 2123/2491/2491 2125/2493/2493 2037/2405/2405
f 2122/2490/2490 2124/2492/2492 2036/2404/2404
f 2119/2487/2487 2121/2489/2489 2118/2486/2486
f 2117/2485/2485 2120/2488/2488 2034/2402/2402
f 2115/2483/2483 2116/2484/2484 2033/2401/2401
f 2114/2482/2482 2033/2401/2401 2112/2480/2480
f 2111/2479/2479 2113/2481/2481 2109/2477/2477
f 2108/2476/2476 2109/2477/2477 2040/2408/2408
f 2106/2474/2474 2107/2475/2475 2039/2407/2407
f 2103/2471/2471 2105/2473/2473 2039/2407/2407
f 2101/2469/2469 2104/2472/2472 2102/2470/2470
f 2098/2466/2466 2100/2468/2468 2097/2465/2465
f 2096/2464/2464 2099/2467/2467 2045/2413/2413
f 2094/2462/2462 2095/2463/2463 2093/2461/2461
f 2092/2460/2460 2093/2461/2461 2047/2415/2415
f 2090/2458/2458 2091/2459/2459 2088/2456/2456
f 2087/2455/2455 2088/2456/2456 2051/2419/2419
f 2085/2453/2453 2086/2454/2454 2081/2449/2449
f 2082/2450/2450 2084/2452/2452 2081/2449/2449
f 2080/2448/2448 2083/2451/2451 2053/2421/2421
f 2077/2445/2445 2079/2447/2447 2076/2444/2444
f 2074/2442/2442 2078/2446/2446 2075/2443/2443
f 2072/2440/2440 2073/2441/2441 2056/2424/2424
f 2071/2439/2439 2056/2424/2424 2055/2423/2423
f 2069/2437/2437 2070/2438/2438 2067/2435/2435
f 2066/2434/2434 2067/2435/2435 2064/2432/2432
f 2063/2431/2431 2065/2433/2433 2050/2418/2418
f 2060/2428/2428 2062/2430/2430 2050/2418/2418
f 2059/2427/2427 2061/2429/2429 2049/2417/2417
f 2056/2424/2424 2075/2443/2443 2054/2422/2422
f 2053/2421/2421 2081/2449/2449 2051/2419/2419
f 2050/2418/2418 2064/2432/2432 2048/2416/2416
f 2047/2415/2415 2093/2461/2461 2045/2413/2413
f 2044/2412/2412 2141/2509/2509 2042/2410/2410
f 2041/2409/2409 2102/2470/2470 2039/2407/2407
f 2038/2406/2406 2151/2519/2519 2036/2404/2404
f 2035/2403/2403 2112/2480/2480 2033/2401/2401
f 2185/2553/2553 2186/2554/2554 2163/2555/2555
f 2187/2556/2556 2188/2557/2557 2186/2554/2554
f 2189/2558/2558 2190/2559/2559 2188/2557/2557
f 2191/2560/2560 2192/2561/2561 2190/2559/2559
f 2193/2562/2562 2194/2563/2563 2192/2561/2561
f 2195/2564/2564 2185/2553/2553 2162/2565/2565
f 2196/2566/2566 2187/2556/2556 2185/2553/2553
f 2197/2567/2567 2189/2558/2558 2187/2556/2556
f 2198/2568/2568 2191/2560/2560 2189/2558/2558
f 2199/2569/2569 2193/2562/2562 2191/2560/2560
f 2200/2570/2570 2195/2564/2564 2161/2571/2571
f 2201/2572/2572 2196/2566/2566 2195/2564/2564
f 2202/2573/2573 2197/2567/2567 2196/2566/2566
f 2203/2574/2574 2198/2568/2568 2197/2567/2567
f 2204/2575/2575 2199/2569/2569 2198/2568/2568
f 2200/2570/2570 2160/2576/2576 2158/2577/2577
f 2158/2577/2577 2205/2578/2578 2200/2570/2570
f 2206/2579/2579 2201/2572/2572 2200/2570/2570
f 2207/2580/2580 2202/2573/2573 2201/2572/2572
f 2208/2581/2581 2203/2574/2574 2202/2573/2573
f 2203/2574/2574 2208/2581/2581 2209/2582/2582
f 2208/2581/2581 2210/2583/2583 2209/2582/2582
f 2211/2584/2584 2205/2578/2578 2157/2585/2585
f 2212/2586/2586 2206/2579/2579 2205/2578/2578
f 2213/2587/2587 2207/2580/2580 2206/2579/2579
f 2214/2588/2588 2208/2581/2581 2207/2580/2580
f 2215/2589/2589 2210/2583/2583 2208/2581/2581
f 2216/2590/2590 2211/2584/2584 2156/2591/2591
f 2211/2584/2584 2159/2592/2592 2156/2591/2591
f 2217/2593/2593 2212/2586/2586 2211/2584/2584
f 2218/2594/2594 2213/2587/2587 2212/2586/2586
f 2219/2595/2595 2214/2588/2588 2213/2587/2587
f 2219/2595/2595 2220/2596/2596 2221/2597/2597
f 2221/2597/2597 2214/2588/2588 2219/2595/2595
f 2222/2598/2598 2216/2590/2590 2155/2599/2599
f 2223/2600/2600 2217/2593/2593 2216/2590/2590
f 2224/2601/2601 2218/2594/2594 2217/2593/2593
f 2225/2602/2602 2219/2595/2595 2218/2594/2594
f 2226/2603/2603 2220/2596/2596 2219/2595/2595
f 2227/2604/2604 2222/2598/2598 2154/2605/2605
f 2228/2606/2606 2223/2600/2600 2222/2598/2598
f 2229/2607/2607 2224/2601/2601 2223/2600/2600
f 2230/2608/2608 2225/2602/2602 2224/2601/2601
f 2231/2609/2609 2226/2603/2603 2225/2602/2602
f 2232/2610/2610 2227/2604/2604 2153/2611/2611
f 2233/2612/2612 2228/2606/2606 2227/2604/2604
f 2234/2613/2613 2229/2607/2607 2228/2606/2606
f 2235/2614/2614 2230/2608/2608 2229/2607/2607
f 2236/2615/2615 2231/2609/2609 2230/2608/2608
f 2237/2616/2616 2232/2610/2610 2152/2617/2617
f 2238/2618/2618 2233/2612/2612 2232/2610/2610
f 2239/2619/2619 2234/2613/2613 2233/2612/2612
f 2240/2620/2620 2235/2614/2614 2234/2613/2613
f 2241/2621/2621 2236/2615/2615 2235/2614/2614
f 2242/2622/2622 2237/2616/2616 2150/2623/2623
f 2243/2624/2624 2238/2618/2618 2237/2616/2616
f 2244/2625/2625 2239/2619/2619 2238/2618/2618
f 2245/2626/2626 2240/2620/2620 2239/2619/2619
f 2246/2627/2627 2241/2621/2621 2240/2620/2620
f 2247/2628/2628 2242/2622/2622 2149/2629/2629
f 2248/2630/2630 2243/2624/2624 2242/2622/2622
f 2249/2631/2631 2244/2625/2625 2243/2624/2624
f 2250/2632/2632 2245/2626/2626 2244/2625/2625
f 2251/2633/2633 2246/2627/2627 2245/2626/2626
f 2247/2628/2628 2148/2634/2634 2146/2635/2635
f 2146/2635/2635 2252/2636/2636 2247/2628/2628
f 2253/2637/2637 2248/2630/2630 2247/2628/2628
f 2254/2638/2638 2249/2631/2631 2248/2630/2630
f 2255/2639/2639 2250/2632/2632 2249/2631/2631
f 2250/2632/2632 2255/2639/2639 2256/2640/2640
f 2255/2639/2639 2257/2641/2641 2256/2640/2640
f 2258/2642/2642 2252/2636/2636 2145/2643/2643
f 2259/2644/2644 2253/2637/2637 2252/2636/2636
f 2260/2645/2645 2254/2638/2638 2253/2637/2637
f 2261/2646/2646 2255/2639/2639 2254/2638/2638
f 2262/2647/2647 2257/2641/2641 2255/2639/2639
f 2263/2648/2648 2258/2642/2642 2144/2649/2649
f 2258/2642/2642 2147/2650/2650 2144/2649/2649
f 2264/2651/2651 2259/2644/2644 2258/2642/2642
f 2265/2652/2652 2260/2645/2645 2259/2644/2644
f 2266/2653/2653 2261/2646/2646 2260/2645/2645
f 2266/2653/2653 2267/2654/2654 2268/2655/2655
f 2268/2655/2655 2261/2646/2646 2266/2653/2653
f 2269/2656/2656 2263/2648/2648 2143/2657/2657
f 2270/2658/2658 2264/2651/2651 2263/2648/2648
f 2271/2659/2659 2265/2652/2652 2264/2651/2651
f 2272/2660/2660 2266/2653/2653 2265/2652/2652
f 2273/2661/2661 2267/2654/2654 2266/2653/2653
f 2274/2662/2662 2269/2656/2656 2142/2663/2663
f 2275/2664/2664 2270/2658/2658 2269/2656/2656
f 2276/2665/2665 2271/2659/2659 2270/2658/2658
f 2277/2666/2666 2272/2660/2660 2271/2659/2659
f 2278/2667/2667 2273/2661/2661 2272/2660/2660
f 2279/2668/2668 2274/2662/2662 2140/2669/2669
f 2280/2670/2670 2275/2664/2664 2274/2662/2662
f 2281/2671/2671 2276/2665/2665 2275/2664/2664
f 2282/2672/2672 2277/2666/2666 2276/2665/2665
f 2283/2673/2673 2278/2667/2667 2277/2666/2666
f 2284/2674/2674 2279/2668/2668 2139/2675/2675
f 2285/2676/2676 2280/2670/2670 2279/2668/2668
f 2286/2677/2677 2281/2671/2671 2280/2670/2670
f 2287/2678/2678 2282/2672/2672 2281/2671/2671
f 2288/2679/2679 2283/2673/2673 2282/2672/2672
f 2289/2680/2680 2284/2674/2674 2184/2681/2681
f 2290/2682/2682 2285/2676/2676 2284/2674/2674
f 2291/2683/2683 2286/2677/2677 2285/2676/2676
f 2292/2684/2684 2287/2678/2678 2286/2677/2677
f 2293/2685/2685 2288/2679/2679 2287/2678/2678
f 2294/2686/2686 2289/2680/2680 2183/2687/2687
f 2295/2688/2688 2290/2682/2682 2289/2680/2680
f 2296/2689/2689 2291/2683/2683 2290/2682/2682
f 2297/2690/2690 2292/2684/2684 2291/2683/2683
f 2298/2691/2691 2293/2685/2685 2292/2684/2684
f 2294/2686/2686 2182/2692/2692 2179/2693/2693
f 2179/2693/2693 2299/2694/2694 2294/2686/2686
f 2300/2695/2695 2295/2688/2688 2294/2686/2686
f 2301/2696/2696 2296/2689/2689 2295/2688/2688
f 2302/2697/2697 2297/2690/2690 2296/2689/2689
f 2297/2690/2690 2302/2697/2697 2303/2698/2698
f 2302/2697/2697 2304/2699/2699 2303/2698/2698
f 2305/2700/2700 2299/2694/2694 2178/2701/2701
f 2306/2702/2702 2300/2695/2695 2299/2694/2694
f 2307/2703/2703 2301/2696/2696 2300/2695/2695
f 2308/2704/2704 2302/2697/2697 2301/2696/2696
f 2309/2705/2705 2304/2699/2699 2302/2697/2697
f 2310/2706/2706 2305/2700/2700 2181/2707/2707
f 2305/2700/2700 2180/2708/2708 2181/2707/2707
f 2311/2709/2709 2306/2702/2702 2305/2700/2700
f 2312/2710/2710 2307/2703/2703 2306/2702/2702
f 2313/2711/2711 2308/2704/2704 2307/2703/2703
f 2313/2711/2711 2314/2712/2712 2315/2713/2713
f 2315/2713/2713 2308/2704/2704 2313/2711/2711
f 2316/2714/2714 2310/2706/2706 2177/2715/2715
f 2317/2716/2716 2311/2709/2709 2310/2706/2706
f 2318/2717/2717 2312/2710/2710 2311/2709/2709
f 2319/2718/2718 2313/2711/2711 2312/2710/2710
f 2320/2719/2719 2314/2712/2712 2313/2711/2711
f 2321/2720/2720 2316/2714/2714 2176/2721/2721
f 2322/2722/2722 2317/2716/2716 2316/2714/2714
f 2323/2723/2723 2318/2717/2717 2317/2716/2716
f 2324/2724/2724 2319/2718/2718 2318/2717/2717
f 2325/2725/2725 2320/2719/2719 2319/2718/2718
f 2326/2726/2726 2321/2720/2720 2175/2727/2727
f 2327/2728/2728 2322/2722/2722 2321/2720/2720
f 2328/2729/2729 2323/2723/2723 2322/2722/2722
f 2329/2730/2730 2324/2724/2724 2323/2723/2723
f 2330/2731/2731 2325/2725/2725 2324/2724/2724
f 2331/2732/2732 2326/2726/2726 2174/2733/2733
f 2332/2734/2734 2327/2728/2728 2326/2726/2726
f 2333/2735/2735 2328/2729/2729 2327/2728/2728
f 2334/2736/2736 2329/2730/2730 2328/2729/2729
f 2335/2737/2737 2330/2731/2731 2329/2730/2730
f 2336/2738/2738 2331/2732/2732 2173/2739/2739
f 2337/2740/2740 2332/2734/2734 2331/2732/2732
f 2338/2741/2741 2333/2735/2735 2332/2734/2734
f 2339/2742/2742 2334/2736/2736 2333/2735/2735
f 2340/2743/2743 2335/2737/2737 2334/2736/2736
f 2341/2744/2744 2336/2738/2738 2172/2745/2745
f 2342/2746/2746 2337/2740/2740 2336/2738/2738
f 2343/2747/2747 2338/2741/2741 2337/2740/2740
f 2344/2748/2748 2339/2742/2742 2338/2741/2741
f 2345/2749/2749 2340/2743/2743 2339/2742/2742
f 2341/2744/2744 2171/2750/2750 2168/2751/2751
f 2168/2751/2751 2346/2752/2752 2341/2744/2744
f 2347/2753/2753 2342/2746/2746 2341/2744/2744
f 2348/2754/2754 2343/2747/2747 2342/2746/2746
f 2349/2755/2755 2344/2748/2748 2343/2747/2747
f 2344/2748/2748 2349/2755/2755 2350/2756/2756
f 2349/2755/2755 2351/2757/2757 2350/2756/2756
f 2352/2758/2758 2346/2752/2752 2167/2759/2759
f 2353/2760/2760 2347/2753/2753 2346/2752/2752
f 2354/2761/2761 2348/2754/2754 2347/2753/2753
f 2355/2762/2762 2349/2755/2755 2348/2754/2754
f 2356/2763/2763 2351/2757/2757 2349/2755/2755
f 2357/2764/2764 2352/2758/2758 2170/2765/2765
f 2352/2758/2758 2169/2766/2766 2170/2765/2765
f 2358/2767/2767 2353/2760/2760 2352/2758/2758
f 2359/2768/2768 2354/2761/2761 2353/2760/2760
f 2360/2769/2769 2355/2762/2762 2354/2761/2761
f 2360/2769/2769 2361/2770/2770 2362/2771/2771
f 2362/2771/2771 2355/2762/2762 2360/2769/2769
f 2363/2772/2772 2357/2764/2764 2166/2773/2773
f 2364/2774/2774 2358/2767/2767 2357/2764/2764
f 2365/2775/2775 2359/2768/2768 2358/2767/2767
f 2366/2776/2776 2360/2769/2769 2359/2768/2768
f 2367/2777/2777 2361/2770/2770 2360/2769/2769
f 2368/2778/2778 2363/2772/2772 2165/2779/2779
f 2369/2780/2780 2364/2774/2774 2363/2772/2772
f 2370/2781/2781 2365/2775/2775 2364/2774/2774
f 2371/2782/2782 2366/2776/2776 2365/2775/2775
f 2372/2783/2783 2367/2777/2777 2366/2776/2776
f 2186/2554/2554 2368/2778/2778 2164/2784/2784
f 2188/2557/2557 2369/2780/2780 2368/2778/2778
f 2190/2559/2559 2370/2781/2781 2369/2780/2780
f 2192/2561/2561 2371/2782/2782 2370/2781/2781
f 2194/2563/2563 2372/2783/2783 2371/2782/2782
f 2371/2782/2782 2192/2561/2561 2194/2563/2563
f 2370/2781/2781 2190/2559/2559 2192/2561/2561
f 2369/2780/2780 2188/2557/2557 2190/2559/2559
f 2368/2778/2778 2186/2554/2554 2188/2557/2557
f 2164/2784/2784 2163/2555/2555 2186/2554/2554
f 2366/2776/2776 2371/2782/2782 2372/2783/2783
f 2365/2775/2775 2370/2781/2781 2371/2782/2782
f 2364/2774/2774 2369/2780/2780 2370/2781/2781
f 2363/2772/2772 2368/2778/2778 2369/2780/2780
f 2165/2779/2779 2164/2784/2784 2368/2778/2778
f 2360/2769/2769 2366/2776/2776 2367/2777/2777
f 2359/2768/2768 2365/2775/2775 2366/2776/2776
f 2358/2767/2767 2364/2774/2774 2365/2775/2775
f 2357/2764/2764 2363/2772/2772 2364/2774/2774
f 2166/2773/2773 2165/2779/2779 2363/2772/2772
f 2362/2771/2771 2356/2763/2763 2355/2762/2762
f 2354/2761/2761 2359/2768/2768 2360/2769/2769
f 2353/2760/2760 2358/2767/2767 2359/2768/2768
f 2352/2758/2758 2357/2764/2764 2358/2767/2767
f 2170/2765/2765 2166/2773/2773 2357/2764/2764
f 2349/2755/2755 2355/2762/2762 2356/2763/2763
f 2348/2754/2754 2354/2761/2761 2355/2762/2762
f 2347/2753/2753 2353/2760/2760 2354/2761/2761
f 2346/2752/2752 2352/2758/2758 2353/2760/2760
f 2167/2759/2759 2169/2766/2766 2352/2758/2758
f 2350/2756/2756 2345/2749/2749 2344/2748/2748
f 2343/2747/2747 2348/2754/2754 2349/2755/2755
f 2342/2746/2746 2347/2753/2753 2348/2754/2754
f 2341/2744/2744 2346/2752/2752 2347/2753/2753
f 2168/2751/2751 2167/2759/2759 2346/2752/2752
f 2339/2742/2742 2344/2748/2748 2345/2749/2749
f 2338/2741/2741 2343/2747/2747 2344/2748/2748
f 2337/2740/2740 2342/2746/2746 2343/2747/2747
f 2336/2738/2738 2341/2744/2744 2342/2746/2746
f 2172/2745/2745 2171/2750/2750 2341/2744/2744
f 2334/2736/2736 2339/2742/2742 2340/2743/2743
f 2333/2735/2735 2338/2741/2741 2339/2742/2742
f 2332/2734/2734 2337/2740/2740 2338/2741/2741
f 2331/2732/2732 2336/2738/2738 2337/2740/2740
f 2173/2739/2739 2172/2745/2745 2336/2738/2738
f 2329/2730/2730 2334/2736/2736 2335/2737/2737
f 2328/2729/2729 2333/2735/2735 2334/2736/2736
f 2327/2728/2728 2332/2734/2734 2333/2735/2735
f 2326/2726/2726 2331/2732/2732 2332/2734/2734
f 2174/2733/2733 2173/2739/2739 2331/2732/2732
f 2324/2724/2724 2329/2730/2730 2330/2731/2731
f 2323/2723/2723 2328/2729/2729 2329/2730/2730
f 2322/2722/2722 2327/2728/2728 2328/2729/2729
f 2321/2720/2720 2326/2726/2726 2327/2728/2728
f 2175/2727/2727 2174/2733/2733 2326/2726/2726
f 2319/2718/2718 2324/2724/2724 2325/2725/2725
f 2318/2717/2717 2323/2723/2723 2324/2724/2724
f 2317/2716/2716 2322/2722/2722 2323/2723/2723
f 2316/2714/2714 2321/2720/2720 2322/2722/2722
f 2176/2721/2721 2175/2727/2727 2321/2720/2720
f 2313/2711/2711 2319/2718/2718 2320/2719/2719
f 2312/2710/2710 2318/2717/2717 2319/2718/2718
f 2311/2709/2709 2317/2716/2716 2318/2717/2717
f 2310/2706/2706 2316/2714/2714 2317/2716/2716
f 2177/2715/2715 2176/2721/2721 2316/2714/2714
f 2315/2713/2713 2309/2705/2705 2308/2704/2704
f 2307/2703/2703 2312/2710/2710 2313/2711/2711
f 2306/2702/2702 2311/2709/2709 2312/2710/2710
f 2305/2700/2700 2310/2706/2706 2311/2709/2709
f 2181/2707/2707 2177/2715/2715 2310/2706/2706
f 2302/2697/2697 2308/2704/2704 2309/2705/2705
f 2301/2696/2696 2307/2703/2703 2308/2704/2704
f 2300/2695/2695 2306/2702/2702 2307/2703/2703
f 2299/2694/2694 2305/2700/2700 2306/2702/2702
f 2178/2701/2701 2180/2708/2708 2305/2700/2700
f 2303/2698/2698 2298/2691/2691 2297/2690/2690
f 2296/2689/2689 2301/2696/2696 2302/2697/2697
f 2295/2688/2688 2300/2695/2695 2301/2696/2696
f 2294/2686/2686 2299/2694/2694 2300/2695/2695
f 2179/2693/2693 2178/2701/2701 2299/2694/2694
f 2292/2684/2684 2297/2690/2690 2298/2691/2691
f 2291/2683/2683 2296/2689/2689 2297/2690/2690
f 2290/2682/2682 2295/2688/2688 2296/2689/2689
f 2289/2680/2680 2294/2686/2686 2295/2688/2688
f 2183/2687/2687 2182/2692/2692 2294/2686/2686
f 2287/2678/2678 2292/2684/2684 2293/2685/2685
f 2286/2677/2677 2291/2683/2683 2292/2684/2684
f 2285/2676/2676 2290/2682/2682 2291/2683/2683
f 2284/2674/2674 2289/2680/2680 2290/2682/2682
f 2184/2681/2681 2183/2687/2687 2289/2680/2680
f 2282/2672/2672 2287/2678/2678 2288/2679/2679
f 2281/2671/2671 2286/2677/2677 2287/2678/2678
f 2280/2670/2670 2285/2676/2676 2286/2677/2677
f 2279/2668/2668 2284/2674/2674 2285/2676/2676
f 2139/2675/2675 2184/2681/2681 2284/2674/2674
f 2277/2666/2666 2282/2672/2672 2283/2673/2673
f 2276/2665/2665 2281/2671/2671 2282/2672/2672
f 2275/2664/2664 2280/2670/2670 2281/2671/2671
f 2274/2662/2662 2279/2668/2668 2280/2670/2670
f 2140/2669/2669 2139/2675/2675 2279/2668/2668
f 2272/2660/2660 2277/2666/2666 2278/2667/2667
f 2271/2659/2659 2276/2665/2665 2277/2666/2666
f 2270/2658/2658 2275/2664/2664 2276/2665/2665
f 2269/2656/2656 2274/2662/2662 2275/2664/2664
f 2142/2663/2663 2140/2669/2669 2274/2662/2662
f 2266/2653/2653 2272/2660/2660 2273/2661/2661
f 2265/2652/2652 2271/2659/2659 2272/2660/2660
f 2264/2651/2651 2270/2658/2658 2271/2659/2659
f 2263/2648/2648 2269/2656/2656 2270/2658/2658
f 2143/2657/2657 2142/2663/2663 2269/2656/2656
f 2268/2655/2655 2262/2647/2647 2261/2646/2646
f 2260/2645/2645 2265/2652/2652 2266/2653/2653
f 2259/2644/2644 2264/2651/2651 2265/2652/2652
f 2258/2642/2642 2263/2648/2648 2264/2651/2651
f 2144/2649/2649 2143/2657/2657 2263/2648/2648
f 2255/2639/2639 2261/2646/2646 2262/2647/2647
f 2254/2638/2638 2260/2645/2645 2261/2646/2646
f 2253/2637/2637 2259/2644/2644 2260/2645/2645
f 2252/2636/2636 2258/2642/2642 2259/2644/2644
f 2145/2643/2643 2147/2650/2650 2258/2642/2642
f 2256/2640/2640 2251/2633/2633 2250/2632/2632
f 2249/2631/2631 2254/2638/2638 2255/2639/2639
f 2248/2630/2630 2253/2637/2637 2254/2638/2638
f 2247/2628/2628 2252/2636/2636 2253/2637/2637
f 2146/2635/2635 2145/2643/2643 2252/2636/2636
f 2245/2626/2626 2250/2632/2632 2251/2633/2633
f 2244/2625/2625 2249/2631/2631 2250/2632/2632
f 2243/2624/2624 2248/2630/2630 2249/2631/2631
f 2242/2622/2622 2247/2628/2628 2248/2630/2630
f 2149/2629/2629 2148/2634/2634 2247/2628/2628
f 2240/2620/2620 2245/2626/2626 2246/2627/2627
f 2239/2619/2619 2244/2625/2625 2245/2626/2626
f 2238/2618/2618 2243/2624/2624 2244/2625/2625
f 2237/2616/2616 2242/2622/2622 2243/2624/2624
f 2150/2623/2623 2149/2629/2629 2242/2622/2622
f 2235/2614/2614 2240/2620/2620 2241/2621/2621
f 2234/2613/2613 2239/2619/2619 2240/2620/2620
f 2233/2612/2612 2238/2618/2618 2239/2619/2619
f 2232/2610/2610 2237/2616/2616 2238/2618/2618
f 2152/2617/2617 2150/2623/2623 2237/2616/2616
f 2230/2608/2608 2235/2614/2614 2236/2615/2615
f 2229/2607/2607 2234/2613/2613 2235/2614/2614
f 2228/2606/2606 2233/2612/2612 2234/2613/2613
f 2227/2604/2604 2232/2610/2610 2233/2612/2612
f 2153/2611/2611 2152/2617/2617 2232/2610/2610
f 2225/2602/2602 2230/2608/2608 2231/2609/2609
f 2224/2601/2601 2229/2607/2607 2230/2608/2608
f 2223/2600/2600 2228/2606/2606 2229/2607/2607
f 2222/2598/2598 2227/2604/2604 2228/2606/2606
f 2154/2605/2605 2153/2611/2611 2227/2604/2604
f 2219/2595/2595 2225/2602/2602 2226/2603/2603
f 2218/2594/2594 2224/2601/2601 2225/2602/2602
f 2217/2593/2593 2223/2600/2600 2224/2601/2601
f 2216/2590/2590 2222/2598/2598 2223/2600/2600
f 2155/2599/2599 2154/2605/2605 2222/2598/2598
f 2221/2597/2597 2215/2589/2589 2214/2588/2588
f 2213/2587/2587 2218/2594/2594 2219/2595/2595
f 2212/2586/2586 2217/2593/2593 2218/2594/2594
f 2211/2584/2584 2216/2590/2590 2217/2593/2593
f 2156/2591/2591 2155/2599/2599 2216/2590/2590
f 2208/2581/2581 2214/2588/2588 2215/2589/2589
f 2207/2580/2580 2213/2587/2587 2214/2588/2588
f 2206/2579/2579 2212/2586/2586 2213/2587/2587
f 2205/2578/2578 2211/2584/2584 2212/2586/2586
f 2157/2585/2585 2159/2592/2592 2211/2584/2584
f 2209/2582/2582 2204/2575/2575 2203/2574/2574
f 2202/2573/2573 2207/2580/2580 2208/2581/2581
f 2201/2572/2572 2206/2579/2579 2207/2580/2580
f 2200/2570/2570 2205/2578/2578 2206/2579/2579
f 2158/2577/2577 2157/2585/2585 2205/2578/2578
f 2198/2568/2568 2203/2574/2574 2204/2575/2575
f 2197/2567/2567 2202/2573/2573 2203/2574/2574
f 2196/2566/2566 2201/2572/2572 2202/2573/2573
f 2195/2564/2564 2200/2570/2570 2201/2572/2572
f 2161/2571/2571 2160/2576/2576 2200/2570/2570
f 2191/2560/2560 2198/2568/2568 2199/2569/2569
f 2189/2558/2558 2197/2567/2567 2198/2568/2568
f 2187/2556/2556 2196/2566/2566 2197/2567/2567
f 2185/2553/2553 2195/2564/2564 2196/2566/2566
f 2162/2565/2565 2161/2571/2571 2195/2564/2564
f 2192/2561/2561 2191/2560/2560 2193/2562/2562
f 2190/2559/2559 2189/2558/2558 2191/2560/2560
f 2188/2557/2557 2187/2556/2556 2189/2558/2558
f 2186/2554/2554 2185/2553/2553 2187/2556/2556
f 2163/2555/2555 2162/2565/2565 2185/2553/2553
f 2373/2785/2785 2100/2786/2786 2098/2787/2787
f 2374/2788/2788 2373/2785/2785 2375/2789/2789
f 2376/2790/2790 2374/2788/2788 2377/2791/2791
f 2378/2792/2792 2376/2790/2790 2379/2793/2793
f 2380/2794/2794 2378/2792/2792 2381/2795/2795
f 2382/2796/2796 2375/2789/2789 2099/2797/2797
f 2375/2789/2789 2098/2787/2787 2099/2797/2797
f 2377/2791/2791 2375/2789/2789 2382/2796/2796
f 2379/2793/2793 2377/2791/2791 2383/2798/2798
f 2381/2795/2795 2379/2793/2793 2384/2799/2799
f 2385/2800/2800 2386/2801/2801 2387/2802/2802
f 2387/2802/2802 2381/2795/2795 2385/2800/2800
f 2388/2803/2803 2382/2796/2796 2095/2804/2804
f 2382/2796/2796 2096/2805/2805 2095/2804/2804
f 2383/2798/2798 2382/2796/2796 2388/2803/2803
f 2384/2799/2799 2383/2798/2798 2389/2806/2806
f 2385/2800/2800 2384/2799/2799 2390/2807/2807
f 2391/2808/2808 2392/2809/2809 2393/2810/2810
f 2393/2810/2810 2385/2800/2800 2391/2808/2808
f 2388/2803/2803 2094/2811/2811 2092/2812/2812
f 2092/2812/2812 2394/2813/2813 2388/2803/2803
f 2092/2812/2812 2091/2814/2814 2394/2813/2813
f 2389/2806/2806 2388/2803/2803 2394/2813/2813
f 2390/2807/2807 2389/2806/2806 2395/2815/2815
f 2391/2808/2808 2390/2807/2807 2396/2816/2816
f 2391/2808/2808 2397/2817/2817 2398/2818/2818
f 2397/2817/2817 2399/2819/2819 2398/2818/2818
f 2397/2817/2817 2400/2820/2820 2399/2819/2819
f 2394/2813/2813 2090/2821/2821 2089/2822/2822
f 2395/2815/2815 2394/2813/2813 2401/2823/2823
f 2396/2816/2816 2395/2815/2815 2402/2824/2824
f 2397/2817/2817 2396/2816/2816 2403/2825/2825
f 2400/2820/2820 2397/2817/2817 2404/2826/2826
f 2405/2827/2827 2401/2823/2823 2086/2828/2828
f 2401/2823/2823 2089/2822/2822 2087/2829/2829
f 2087/2829/2829 2086/2828/2828 2401/2823/2823
f 2402/2824/2824 2401/2823/2823 2405/2827/2827
f 2403/2825/2825 2402/2824/2824 2406/2830/2830
f 2404/2826/2826 2403/2825/2825 2407/2831/2831
f 2404/2826/2826 2408/2832/2832 2409/2833/2833
f 2410/2834/2834 2411/2835/2835 2408/2832/2832
f 2408/2832/2832 2404/2826/2826 2410/2834/2834
f 2405/2827/2827 2085/2836/2836 2084/2837/2837
f 2084/2837/2837 2412/2838/2838 2405/2827/2827
f 2406/2830/2830 2405/2827/2827 2412/2838/2838
f 2407/2831/2831 2406/2830/2830 2413/2839/2839
f 2410/2834/2834 2407/2831/2831 2414/2840/2840
f 2410/2834/2834 2415/2841/2841 2416/2842/2842
f 2415/2841/2841 2417/2843/2843 2416/2842/2842
f 2412/2838/2838 2082/2844/2844 2083/2845/2845
f 2083/2845/2845 2418/2846/2846 2412/2838/2838
f 2413/2839/2839 2412/2838/2838 2418/2846/2846
f 2414/2840/2840 2413/2839/2839 2419/2847/2847
f 2415/2841/2841 2414/2840/2840 2420/2848/2848
f 2415/2841/2841 2421/2849/2849 2422/2850/2850
f 2421/2849/2849 2423/2851/2851 2422/2850/2850
f 2418/2846/2846 2080/2852/2852 2079/2853/2853
f 2419/2847/2847 2418/2846/2846 2424/2854/2854
f 2420/2848/2848 2419/2847/2847 2425/2855/2855
f 2421/2849/2849 2420/2848/2848 2426/2856/2856
f 2423/2851/2851 2421/2849/2849 2427/2857/2857
f 2424/2854/2854 2079/2853/2853 2077/2858/2858
f 2425/2855/2855 2424/2854/2854 2428/2859/2859
f 2426/2856/2856 2425/2855/2855 2429/2860/2860
f 2427/2857/2857 2426/2856/2856 2430/2861/2861
f 2431/2862/2862 2427/2857/2857 2432/2863/2863
f 2433/2864/2864 2428/2859/2859 2078/2865/2865
f 2428/2859/2859 2077/2858/2858 2078/2865/2865
f 2429/2860/2860 2428/2859/2859 2433/2864/2864
f 2430/2861/2861 2429/2860/2860 2434/2866/2866
f 2432/2863/2863 2430/2861/2861 2435/2867/2867
f 2436/2868/2868 2437/2869/2869 2438/2870/2870
f 2438/2870/2870 2432/2863/2863 2436/2868/2868
f 2439/2871/2871 2433/2864/2864 2073/2872/2872
f 2433/2864/2864 2074/2873/2873 2073/2872/2872
f 2434/2866/2866 2433/2864/2864 2439/2871/2871
f 2435/2867/2867 2434/2866/2866 2440/2874/2874
f 2436/2868/2868 2435/2867/2867 2441/2875/2875
f 2442/2876/2876 2443/2877/2877 2444/2878/2878
f 2444/2878/2878 2436/2868/2868 2442/2876/2876
f 2439/2871/2871 2072/2879/2879 2071/2880/2880
f 2071/2880/2880 2445/2881/2881 2439/2871/2871
f 2071/2880/2880 2070/2882/2882 2445/2881/2881
f 2440/2874/2874 2439/2871/2871 2445/2881/2881
f 2441/2875/2875 2440/2874/2874 2446/2883/2883
f 2442/2876/2876 2441/2875/2875 2447/2884/2884
f 2442/2876/2876 2448/2885/2885 2449/2886/2886
f 2448/2885/2885 2450/2887/2887 2449/2886/2886
f 2448/2885/2885 2451/2888/2888 2450/2887/2887
f 2445/2881/2881 2069/2889/2889 2068/2890/2890
f 2446/2883/2883 2445/2881/2881 2452/2891/2891
f 2447/2884/2884 2446/2883/2883 2453/2892/2892
f 2448/2885/2885 2447/2884/2884 2454/2893/2893
f 2451/2888/2888 2448/2885/2885 2455/2894/2894
f 2456/2895/2895 2452/2891/2891 2065/2896/2896
f 2452/2891/2891 2068/2890/2890 2066/2897/2897
f 2066/2897/2897 2065/2896/2896 2452/2891/2891
f 2453/2892/2892 2452/2891/2891 2456/2895/2895
f 2454/2893/2893 2453/2892/2892 2457/2898/2898
f 2455/2894/2894 2454/2893/2893 2458/2899/2899
f 2455/2894/2894 2459/2900/2900 2460/2901/2901
f 2461/2902/2902 2462/2903/2903 2459/2900/2900
f 2459/2900/2900 2455/2894/2894 2461/2902/2902
f 2456/2895/2895 2063/2904/2904 2062/2905/2905
f 2062/2905/2905 2463/2906/2906 2456/2895/2895
f 2457/2898/2898 2456/2895/2895 2463/2906/2906
f 2458/2899/2899 2457/2898/2898 2464/2907/2907
f 2461/2902/2902 2458/2899/2899 2465/2908/2908
f 2461/2902/2902 2466/2909/2909 2467/2910/2910
f 2466/2909/2909 2468/2911/2911 2467/2910/2910
f 2463/2906/2906 2060/2912/2912 2061/2913/2913
f 2061/2913/2913 2469/2914/2914 2463/2906/2906
f 2464/2907/2907 2463/2906/2906 2469/2914/2914
f 2465/2908/2908 2464/2907/2907 2470/2915/2915
f 2466/2909/2909 2465/2908/2908 2471/2916/2916
f 2466/2909/2909 2472/2917/2917 2473/2918/2918
f 2472/2917/2917 2474/2919/2919 2473/2918/2918
f 2469/2914/2914 2059/2920/2920 2058/2921/2921
f 2470/2915/2915 2469/2914/2914 2475/2922/2922
f 2471/2916/2916 2470/2915/2915 2476/2923/2923
f 2472/2917/2917 2471/2916/2916 2477/2924/2924
f 2474/2919/2919 2472/2917/2917 2478/2925/2925
f 2475/2922/2922 2058/2921/2921 2137/2926/2926
f 2476/2923/2923 2475/2922/2922 2479/2927/2927
f 2477/2924/2924 2476/2923/2923 2480/2928/2928
f 2478/2925/2925 2477/2924/2924 2481/2929/2929
f 2482/2930/2930 2478/2925/2925 2483/2931/2931
f 2484/2932/2932 2479/2927/2927 2138/2933/2933
f 2479/2927/2927 2137/2926/2926 2138/2933/2933
f 2480/2928/2928 2479/2927/2927 2484/2932/2932
f 2481/2929/2929 2480/2928/2928 2485/2934/2934
f 2483/2931/2931 2481/2929/2929 2486/2935/2935
f 2487/2936/2936 2488/2937/2937 2489/2938/2938
f 2489/2938/2938 2483/2931/2931 2487/2936/2936
f 2490/2939/2939 2484/2932/2932 2135/2940/2940
f 2484/2932/2932 2136/2941/2941 2135/2940/2940
f 2485/2934/2934 2484/2932/2932 2490/2939/2939
f 2486/2935/2935 2485/2934/2934 2491/2942/2942
f 2487/2936/2936 2486/2935/2935 2492/2943/2943
f 2493/2944/2944 2494/2945/2945 2495/2946/2946
f 2495/2946/2946 2487/2936/2936 2493/2944/2944
f 2496/2947/2947 2133/2948/2948 2132/2949/2949
f 2490/2939/2939 2134/2950/2950 2133/2948/2948
f 2133/2948/2948 2496/2947/2947 2490/2939/2939
f 2491/2942/2942 2490/2939/2939 2496/2947/2947
f 2492/2943/2943 2491/2942/2942 2497/2951/2951
f 2493/2944/2944 2492/2943/2943 2498/2952/2952
f 2493/2944/2944 2499/2953/2953 2500/2954/2954
f 2499/2953/2953 2501/2955/2955 2500/2954/2954
f 2499/2953/2953 2502/2956/2956 2501/2955/2955
f 2496/2947/2947 2131/2957/2957 2130/2958/2958
f 2497/2951/2951 2496/2947/2947 2503/2959/2959
f 2498/2952/2952 2497/2951/2951 2504/2960/2960
f 2499/2953/2953 2498/2952/2952 2505/2961/2961
f 2502/2956/2956 2499/2953/2953 2506/2962/2962
f 2507/2963/2963 2503/2959/2959 2127/2964/2964
f 2503/2959/2959 2128/2965/2965 2127/2964/2964
f 2503/2959/2959 2130/2958/2958 2128/2965/2965
f 2504/2960/2960 2503/2959/2959 2507/2963/2963
f 2505/2961/2961 2504/2960/2960 2508/2966/2966
f 2506/2962/2962 2505/2961/2961 2509/2967/2967
f 2506/2962/2962 2510/2968/2968 2511/2969/2969
f 2512/2970/2970 2513/2971/2971 2510/2968/2968
f 2510/2968/2968 2506/2962/2962 2512/2970/2970
f 2507/2963/2963 2126/2972/2972 2125/2973/2973
f 2125/2973/2973 2514/2974/2974 2507/2963/2963
f 2508/2966/2966 2507/2963/2963 2514/2974/2974
f 2509/2967/2967 2508/2966/2966 2515/2975/2975
f 2512/2970/2970 2509/2967/2967 2516/2976/2976
f 2512/2970/2970 2517/2977/2977 2518/2978/2978
f 2517/2977/2977 2519/2979/2979 2518/2978/2978
f 2514/2974/2974 2123/2980/2980 2124/2981/2981
f 2124/2981/2981 2520/2982/2982 2514/2974/2974
f 2515/2975/2975 2514/2974/2974 2520/2982/2982
f 2516/2976/2976 2515/2975/2975 2521/2983/2983
f 2517/2977/2977 2516/2976/2976 2522/2984/2984
f 2517/2977/2977 2523/2985/2985 2524/2986/2986
f 2523/2985/2985 2525/2987/2987 2524/2986/2986
f 2520/2982/2982 2122/2988/2988 2121/2989/2989
f 2521/2983/2983 2520/2982/2982 2526/2990/2990
f 2522/2984/2984 2521/2983/2983 2527/2991/2991
f 2523/2985/2985 2522/2984/2984 2528/2992/2992
f 2525/2987/2987 2523/2985/2985 2529/2993/2993
f 2526/2990/2990 2121/2989/2989 2119/2994/2994
f 2527/2991/2991 2526/2990/2990 2530/2995/2995
f 2528/2992/2992 2527/2991/2991 2531/2996/2996
f 2529/2993/2993 2528/2992/2992 2532/2997/2997
f 2533/2998/2998 2529/2993/2993 2534/2999/2999
f 2535/3000/3000 2530/2995/2995 2120/3001/3001
f 2530/2995/2995 2119/2994/2994 2120/3001/3001
f 2531/2996/2996 2530/2995/2995 2535/3000/3000
f 2532/2997/2997 2531/2996/2996 2536/3002/3002
f 2534/2999/2999 2532/2997/2997 2537/3003/3003
f 2538/3004/3004 2539/3005/3005 2540/3006/3006
f 2540/3006/3006 2534/2999/2999 2538/3004/3004
f 2541/3007/3007 2535/3000/3000 2116/3008/3008
f 2535/3000/3000 2117/3009/3009 2116/3008/3008
f 2536/3002/3002 2535/3000/3000 2541/3007/3007
f 2537/3003/3003 2536/3002/3002 2542/3010/3010
f 2538/3004/3004 2537/3003/3003 2543/3011/3011
f 2544/3012/3012 2545/3013/3013 2546/3014/3014
f 2546/3014/3014 2538/3004/3004 2544/3012/3012
f 2547/3015/3015 2114/3016/3016 2113/3017/3017
f 2541/3007/3007 2115/3018/3018 2114/3016/3016
f 2114/3016/3016 2547/3015/3015 2541/3007/3007
f 2542/3010/3010 2541/3007/3007 2547/3015/3015
f 2543/3011/3011 2542/3010/3010 2548/3019/3019
f 2544/3012/3012 2543/3011/3011 2549/3020/3020
f 2544/3012/3012 2550/3021/3021 2551/3022/3022
f 2550/3021/3021 2552/3023/3023 2551/3022/3022
f 2550/3021/3021 2553/3024/3024 2552/3023/3023
f 2547/3015/3015 2111/3025/3025 2110/3026/3026
f 2548/3019/3019 2547/3015/3015 2554/3027/3027
f 2549/3020/3020 2548/3019/3019 2555/3028/3028
f 2550/3021/3021 2549/3020/3020 2556/3029/3029
f 2553/3024/3024 2550/3021/3021 2557/3030/3030
f 2558/3031/3031 2554/3027/3027 2107/3032/3032
f 2554/3027/3027 2110/3026/3026 2108/3033/3033
f 2108/3033/3033 2107/3032/3032 2554/3027/3027
f 2555/3028/3028 2554/3027/3027 2558/3031/3031
f 2556/3029/3029 2555/3028/3028 2559/3034/3034
f 2557/3030/3030 2556/3029/3029 2560/3035/3035
f 2557/3030/3030 2561/3036/3036 2562/3037/3037
f 2563/3038/3038 2564/3039/3039 2561/3036/3036
f 2561/3036/3036 2557/3030/3030 2563/3038/3038
f 2558/3031/3031 2106/3040/3040 2105/3041/3041
f 2105/3041/3041 2565/3042/3042 2558/3031/3031
f 2559/3034/3034 2558/3031/3031 2565/3042/3042
f 2560/3035/3035 2559/3034/3034 2566/3043/3043
f 2563/3038/3038 2560/3035/3035 2567/3044/3044
f 2563/3038/3038 2568/3045/3045 2569/3046/3046
f 2568/3045/3045 2570/3047/3047 2569/3046/3046
f 2565/3042/3042 2103/3048/3048 2104/3049/3049
f 2104/3049/3049 2571/3050/3050 2565/3042/3042
f 2566/3043/3043 2565/3042/3042 2571/3050/3050
f 2567/3044/3044 2566/3043/3043 2572/3051/3051
f 2568/3045/3045 2567/3044/3044 2573/3052/3052
f 2568/3045/3045 2574/3053/3053 2575/3054/3054
f 2574/3053/3053 2576/3055/3055 2575/3054/3054
f 2571/3050/3050 2101/3056/3056 2100/2786/2786
f 2572/3051/3051 2571/3050/3050 2373/2785/2785
f 2573/3052/3052 2572/3051/3051 2374/2788/2788
f 2574/3053/3053 2573/3052/3052 2376/2790/2790
f 2576/3055/3055 2574/3053/3053 2378/2792/2792
f 2378/2792/2792 2380/2794/2794 2576/3055/3055
f 2376/2790/2790 2378/2792/2792 2574/3053/3053
f 2374/2788/2788 2376/2790/2790 2573/3052/3052
f 2373/2785/2785 2374/2788/2788 2572/3051/3051
f 2100/2786/2786 2373/2785/2785 2571/3050/3050
f 2575/3054/3054 2570/3047/3047 2568/3045/3045
f 2573/3052/3052 2574/3053/3053 2568/3045/3045
f 2572/3051/3051 2573/3052/3052 2567/3044/3044
f 2571/3050/3050 2572/3051/3051 2566/3043/3043
f 2104/3049/3049 2101/3056/3056 2571/3050/3050
f 2569/3046/3046 2564/3039/3039 2563/3038/3038
f 2567/3044/3044 2568/3045/3045 2563/3038/3038
f 2566/3043/3043 2567/3044/3044 2560/3035/3035
f 2565/3042/3042 2566/3043/3043 2559/3034/3034
f 2105/3041/3041 2103/3048/3048 2565/3042/3042
f 2562/3037/3037 2577/3057/3057 2557/3030/3030
f 2560/3035/3035 2563/3038/3038 2557/3030/3030
f 2559/3034/3034 2560/3035/3035 2556/3029/3029
f 2558/3031/3031 2559/3034/3034 2555/3028/3028
f 2107/3032/3032 2106/3040/3040 2558/3031/3031
f 2557/3030/3030 2577/3057/3057 2553/3024/3024
f 2556/3029/3029 2557/3030/3030 2550/3021/3021
f 2555/3028/3028 2556/3029/3029 2549/3020/3020
f 2554/3027/3027 2555/3028/3028 2548/3019/3019
f 2110/3026/3026 2554/3027/3027 2547/3015/3015
f 2551/3022/3022 2545/3013/3013 2544/3012/3012
f 2549/3020/3020 2550/3021/3021 2544/3012/3012
f 2548/3019/3019 2549/3020/3020 2543/3011/3011
f 2547/3015/3015 2548/3019/3019 2542/3010/3010
f 2113/3017/3017 2111/3025/3025 2547/3015/3015
f 2546/3014/3014 2539/3005/3005 2538/3004/3004
f 2543/3011/3011 2544/3012/3012 2538/3004/3004
f 2542/3010/3010 2543/3011/3011 2537/3003/3003
f 2541/3007/3007 2542/3010/3010 2536/3002/3002
f 2116/3008/3008 2115/3018/3018 2541/3007/3007
f 2540/3006/3006 2578/3058/3058 2534/2999/2999
f 2537/3003/3003 2538/3004/3004 2534/2999/2999
f 2536/3002/3002 2537/3003/3003 2532/2997/2997
f 2535/3000/3000 2536/3002/3002 2531/2996/2996
f 2120/3001/3001 2117/3009/3009 2535/3000/3000
f 2534/2999/2999 2578/3058/3058 2533/2998/2998
f 2532/2997/2997 2534/2999/2999 2529/2993/2993
f 2531/2996/2996 2532/2997/2997 2528/2992/2992
f 2530/2995/2995 2531/2996/2996 2527/2991/2991
f 2119/2994/2994 2530/2995/2995 2526/2990/2990
f 2529/2993/2993 2533/2998/2998 2525/2987/2987
f 2528/2992/2992 2529/2993/2993 2523/2985/2985
f 2527/2991/2991 2528/2992/2992 2522/2984/2984
f 2526/2990/2990 2527/2991/2991 2521/2983/2983
f 2121/2989/2989 2526/2990/2990 2520/2982/2982
f 2524/2986/2986 2519/2979/2979 2517/2977/2977
f 2522/2984/2984 2523/2985/2985 2517/2977/2977
f 2521/2983/2983 2522/2984/2984 2516/2976/2976
f 2520/2982/2982 2521/2983/2983 2515/2975/2975
f 2124/2981/2981 2122/2988/2988 2520/2982/2982
f 2518/2978/2978 2513/2971/2971 2512/2970/2970
f 2516/2976/2976 2517/2977/2977 2512/2970/2970
f 2515/2975/2975 2516/2976/2976 2509/2967/2967
f 2514/2974/2974 2515/2975/2975 2508/2966/2966
f 2125/2973/2973 2123/2980/2980 2514/2974/2974
f 2511/2969/2969 2579/3059/3059 2506/2962/2962
f 2509/2967/2967 2512/2970/2970 2506/2962/2962
f 2508/2966/2966 2509/2967/2967 2505/2961/2961
f 2507/2963/2963 2508/2966/2966 2504/2960/2960
f 2127/2964/2964 2126/2972/2972 2507/2963/2963
f 2506/2962/2962 2579/3059/3059 2502/2956/2956
f 2505/2961/2961 2506/2962/2962 2499/2953/2953
f 2504/2960/2960 2505/2961/2961 2498/2952/2952
f 2503/2959/2959 2504/2960/2960 2497/2951/2951
f 2130/2958/2958 2503/2959/2959 2496/2947/2947
f 2500/2954/2954 2494/2945/2945 2493/2944/2944
f 2498/2952/2952 2499/2953/2953 2493/2944/2944
f 2497/2951/2951 2498/2952/2952 2492/2943/2943
f 2496/2947/2947 2497/2951/2951 2491/2942/2942
f 2132/2949/2949 2131/2957/2957 2496/2947/2947
f 2495/2946/2946 2488/2937/2937 2487/2936/2936
f 2492/2943/2943 2493/2944/2944 2487/2936/2936
f 2491/2942/2942 2492/2943/2943 2486/2935/2935
f 2490/2939/2939 2491/2942/2942 2485/2934/2934
f 2135/2940/2940 2134/2950/2950 2490/2939/2939
f 2489/2938/2938 2580/3060/3060 2483/2931/2931
f 2486/2935/2935 2487/2936/2936 2483/2931/2931
f 2485/2934/2934 2486/2935/2935 2481/2929/2929
f 2484/2932/2932 2485/2934/2934 2480/2928/2928
f 2138/2933/2933 2136/2941/2941 2484/2932/2932
f 2483/2931/2931 2580/3060/3060 2482/2930/2930
f 2481/2929/2929 2483/2931/2931 2478/2925/2925
f 2480/2928/2928 2481/2929/2929 2477/2924/2924
f 2479/2927/2927 2480/2928/2928 2476/2923/2923
f 2137/2926/2926 2479/2927/2927 2475/2922/2922
f 2478/2925/2925 2482/2930/2930 2474/2919/2919
f 2477/2924/2924 2478/2925/2925 2472/2917/2917
f 2476/2923/2923 2477/2924/2924 2471/2916/2916
f 2475/2922/2922 2476/2923/2923 2470/2915/2915
f 2058/2921/2921 2475/2922/2922 2469/2914/2914
f 2473/2918/2918 2468/2911/2911 2466/2909/2909
f 2471/2916/2916 2472/2917/2917 2466/2909/2909
f 2470/2915/2915 2471/2916/2916 2465/2908/2908
f 2469/2914/2914 2470/2915/2915 2464/2907/2907
f 2061/2913/2913 2059/2920/2920 2469/2914/2914
f 2467/2910/2910 2462/2903/2903 2461/2902/2902
f 2465/2908/2908 2466/2909/2909 2461/2902/2902
f 2464/2907/2907 2465/2908/2908 2458/2899/2899
f 2463/2906/2906 2464/2907/2907 2457/2898/2898
f 2062/2905/2905 2060/2912/2912 2463/2906/2906
f 2460/2901/2901 2581/3061/3061 2455/2894/2894
f 2458/2899/2899 2461/2902/2902 2455/2894/2894
f 2457/2898/2898 2458/2899/2899 2454/2893/2893
f 2456/2895/2895 2457/2898/2898 2453/2892/2892
f 2065/2896/2896 2063/2904/2904 2456/2895/2895
f 2455/2894/2894 2581/3061/3061 2451/2888/2888
f 2454/2893/2893 2455/2894/2894 2448/2885/2885
f 2453/2892/2892 2454/2893/2893 2447/2884/2884
f 2452/2891/2891 2453/2892/2892 2446/2883/2883
f 2068/2890/2890 2452/2891/2891 2445/2881/2881
f 2449/2886/2886 2443/2877/2877 2442/2876/2876
f 2447/2884/2884 2448/2885/2885 2442/2876/2876
f 2446/2883/2883 2447/2884/2884 2441/2875/2875
f 2445/2881/2881 2446/2883/2883 2440/2874/2874
f 2070/2882/2882 2069/2889/2889 2445/2881/2881
f 2444/2878/2878 2437/2869/2869 2436/2868/2868
f 2441/2875/2875 2442/2876/2876 2436/2868/2868
f 2440/2874/2874 2441/2875/2875 2435/2867/2867
f 2439/2871/2871 2440/2874/2874 2434/2866/2866
f 2073/2872/2872 2072/2879/2879 2439/2871/2871
f 2438/2870/2870 2582/3062/3062 2432/2863/2863
f 2435/2867/2867 2436/2868/2868 2432/2863/2863
f 2434/2866/2866 2435/2867/2867 2430/2861/2861
f 2433/2864/2864 2434/2866/2866 2429/2860/2860
f 2078/2865/2865 2074/2873/2873 2433/2864/2864
f 2432/2863/2863 2582/3062/3062 2431/2862/2862
f 2430/2861/2861 2432/2863/2863 2427/2857/2857
f 2429/2860/2860 2430/2861/2861 2426/2856/2856
f 2428/2859/2859 2429/2860/2860 2425/2855/2855
f 2077/2858/2858 2428/2859/2859 2424/2854/2854
f 2427/2857/2857 2431/2862/2862 2423/2851/2851
f 2426/2856/2856 2427/2857/2857 2421/2849/2849
f 2425/2855/2855 2426/2856/2856 2420/2848/2848
f 2424/2854/2854 2425/2855/2855 2419/2847/2847
f 2079/2853/2853 2424/2854/2854 2418/2846/2846
f 2422/2850/2850 2417/2843/2843 2415/2841/2841
f 2420/2848/2848 2421/2849/2849 2415/2841/2841
f 2419/2847/2847 2420/2848/2848 2414/2840/2840
f 2418/2846/2846 2419/2847/2847 2413/2839/2839
f 2083/2845/2845 2080/2852/2852 2418/2846/2846
f 2416/2842/2842 2411/2835/2835 2410/2834/2834
f 2414/2840/2840 2415/2841/2841 2410/2834/2834
f 2413/2839/2839 2414/2840/2840 2407/2831/2831
f 2412/2838/2838 2413/2839/2839 2406/2830/2830
f 2084/2837/2837 2082/2844/2844 2412/2838/2838
f 2409/2833/2833 2583/3063/3063 2404/2826/2826
f 2407/2831/2831 2410/2834/2834 2404/2826/2826
f 2406/2830/2830 2407/2831/2831 2403/2825/2825
f 2405/2827/2827 2406/2830/2830 2402/2824/2824
f 2086/2828/2828 2085/2836/2836 2405/2827/2827
f 2404/2826/2826 2583/3063/3063 2400/2820/2820
f 2403/2825/2825 2404/2826/2826 2397/2817/2817
f 2402/2824/2824 2403/2825/2825 2396/2816/2816
f 2401/2823/2823 2402/2824/2824 2395/2815/2815
f 2089/2822/2822 2401/2823/2823 2394/2813/2813
f 2398/2818/2818 2392/2809/2809 2391/2808/2808
f 2396/2816/2816 2397/2817/2817 2391/2808/2808
f 2395/2815/2815 2396/2816/2816 2390/2807/2807
f 2394/2813/2813 2395/2815/2815 2389/2806/2806
f 2091/2814/2814 2090/2821/2821 2394/2813/2813
f 2393/2810/2810 2386/2801/2801 2385/2800/2800
f 2390/2807/2807 2391/2808/2808 2385/2800/2800
f 2389/2806/2806 2390/2807/2807 2384/2799/2799
f 2388/2803/2803 2389/2806/2806 2383/2798/2798
f 2095/2804/2804 2094/2811/2811 2388/2803/2803
f 2387/2802/2802 2584/3064/3064 2381/2795/2795
f 2384/2799/2799 2385/2800/2800 2381/2795/2795
f 2383/2798/2798 2384/2799/2799 2379/2793/2793
f 2382/2796/2796 2383/2798/2798 2377/2791/2791
f 2099/2797/2797 2096/2805/2805 2382/2796/2796
f 2381/2795/2795 2584/3064/3064 2380/2794/2794
f 2379/2793/2793 2381/2795/2795 2378/2792/2792
f 2377/2791/2791 2379/2793/2793 2376/2790/2790
f 2375/2789/2789 2377/2791/2791 2374/2788/2788
f 2098/2787/2787 2375/2789/2789 2373/2785/2785
f 2585/3065/3065 2586/3066/3066 2587/3067/3067
f 2588/3068/3068 2589/3069/3069 2590/3070/3070
f 2591/3071/3071 2592/3072/3072 2593/3073/3073
f 2594/3074/3074 2595/3075/3075 2596/3076/3076
f 2597/3077/3077 2598/3078/3078 2599/3079/3079
f 2600/3080/3080 2601/3081/3081 2602/3082/3082
f 2603/3083/3083 2604/3084/3084 2605/3085/3085
f 2606/3086/3086 2607/3087/3087 2608/3088/3088
f 2609/3089/3089 2482/3090/3090 2580/3091/3091
f 2580/3091/3091 2610/3092/3092 2609/3089/3089
f 2591/3071/3071 2610/3092/3092 2488/3093/3093
f 2610/3092/3092 2489/3094/3094 2488/3093/3093
f 2591/3071/3071 2495/3095/3095 2494/3096/3096
f 2592/3072/3072 2500/3097/3097 2501/3098/3098
f 2592/3072/3072 2591/3071/3071 2500/3097/3097
f 2611/3099/3099 2502/3100/3100 2579/3101/3101
f 2611/3099/3099 2501/3098/3098 2502/3100/3100
f 2612/3102/3102 2611/3099/3099 2511/3103/3103
f 2511/3103/3103 2510/3104/3104 2612/3102/3102
f 2585/3065/3065 2510/3104/3104 2513/3105/3105
f 2585/3065/3065 2518/3106/3106 2519/3107/3107
f 2519/3107/3107 2586/3066/3066 2585/3065/3065
f 2613/3108/3108 2586/3066/3066 2525/3109/3109
f 2586/3066/3066 2524/3110/3110 2525/3109/3109
f 2613/3108/3108 2533/3111/3111 2578/3112/3112
f 2578/3112/3112 2588/3068/3068 2613/3108/3108
f 2589/3069/3069 2588/3068/3068 2539/3113/3113
f 2588/3068/3068 2540/3114/3114 2539/3113/3113
f 2589/3069/3069 2546/3115/3115 2545/3116/3116
f 2590/3070/3070 2551/3117/3117 2552/3118/3118
f 2590/3070/3070 2589/3069/3069 2551/3117/3117
f 2614/3119/3119 2553/3120/3120 2577/3121/3121
f 2614/3119/3119 2552/3118/3118 2553/3120/3120
f 2594/3074/3074 2614/3119/3119 2562/3122/3122
f 2562/3122/3122 2561/3123/3123 2594/3074/3074
f 2595/3075/3075 2561/3123/3123 2564/3124/3124
f 2595/3075/3075 2569/3125/3125 2570/3126/3126
f 2570/3126/3126 2596/3076/3076 2595/3075/3075
f 2615/3127/3127 2596/3076/3076 2576/3128/3128
f 2596/3076/3076 2575/3129/3129 2576/3128/3128
f 2615/3127/3127 2380/3130/3130 2584/3131/3131
f 2584/3131/3131 2601/3081/3081 2615/3127/3127
f 2602/3082/3082 2601/3081/3081 2386/3132/3132
f 2601/3081/3081 2387/3133/3133 2386/3132/3132
f 2602/3082/3082 2393/3134/3134 2392/3135/3135
f 2616/3136/3136 2398/3137/3137 2399/3138/3138
f 2616/3136/3136 2602/3082/3082 2398/3137/3137
f 2617/3139/3139 2399/3138/3138 2400/3140/3140
f 2400/3140/3140 2583/3141/3141 2617/3139/3139
f 2607/3087/3087 2617/3139/3139 2409/3142/3142
f 2409/3142/3142 2408/3143/3143 2607/3087/3087
f 2608/3088/3088 2408/3143/3143 2411/3144/3144
f 2608/3088/3088 2416/3145/3145 2417/3146/3146
f 2417/3146/3146 2618/3147/3147 2608/3088/3088
f 2619/3148/3148 2618/3147/3147 2423/3149/3149
f 2618/3147/3147 2422/3150/3150 2423/3149/3149
f 2619/3148/3148 2431/3151/3151 2582/3152/3152
f 2582/3152/3152 2605/3085/3085 2619/3148/3148
f 2620/3153/3153 2605/3085/3085 2437/3154/3154
f 2605/3085/3085 2438/3155/3155 2437/3154/3154
f 2620/3153/3153 2444/3156/3156 2443/3157/3157
f 2603/3083/3083 2449/3158/3158 2450/3159/3159
f 2603/3083/3083 2620/3153/3153 2449/3158/3158
f 2621/3160/3160 2450/3159/3159 2451/3161/3161
f 2451/3161/3161 2581/3162/3162 2621/3160/3160
f 2599/3079/3079 2621/3160/3160 2460/3163/3163
f 2460/3163/3163 2459/3164/3164 2599/3079/3079
f 2622/3165/3165 2459/3164/3164 2462/3166/3166
f 2622/3165/3165 2467/3167/3167 2468/3168/3168
f 2468/3168/3168 2597/3077/3077 2622/3165/3165
f 2609/3089/3089 2597/3077/3077 2474/3169/3169
f 2597/3077/3077 2473/3170/3170 2474/3169/3169
f 2609/3089/3089 2283/3171/3171 2288/3172/3172
f 2288/3172/3172 2597/3077/3077 2609/3089/3089
f 2599/3079/3079 2598/3078/3078 2293/3173/3173
f 2293/3173/3173 2298/3174/3174 2599/3079/3079
f 2621/3160/3160 2599/3079/3079 2303/3175/3175
f 2621/3160/3160 2309/3176/3176 2315/3177/3177
f 2303/3175/3175 2304/3178/3178 2621/3160/3160
f 2304/3178/3178 2309/3176/3176 2621/3160/3160
f 2603/3083/3083 2314/3179/3179 2320/3180/3180
f 2603/3083/3083 2315/3177/3177 2314/3179/3179
f 2619/3148/3148 2605/3085/3085 2325/3181/3181
f 2605/3085/3085 2604/3084/3084 2325/3181/3181
f 2619/3148/3148 2330/3182/3182 2335/3183/3183
f 2335/3183/3183 2618/3147/3147 2619/3148/3148
f 2607/3087/3087 2606/3086/3086 2340/3184/3184
f 2340/3184/3184 2345/3185/3185 2607/3087/3087
f 2617/3139/3139 2607/3087/3087 2350/3186/3186
f 2617/3139/3139 2356/3187/3187 2362/3188/3188
f 2350/3186/3186 2351/3189/3189 2617/3139/3139
f 2351/3189/3189 2356/3187/3187 2617/3139/3139
f 2616/3136/3136 2361/3190/3190 2367/3191/3191
f 2616/3136/3136 2362/3188/3188 2361/3190/3190
f 2615/3127/3127 2601/3081/3081 2372/3192/3192
f 2601/3081/3081 2600/3080/3080 2372/3192/3192
f 2615/3127/3127 2194/3193/3193 2193/3194/3194
f 2193/3194/3194 2596/3076/3076 2615/3127/3127
f 2594/3074/3074 2623/3195/3195 2199/3196/3196
f 2199/3196/3196 2204/3197/3197 2594/3074/3074
f 2614/3119/3119 2215/3198/3198 2221/3199/3199
f 2614/3119/3119 2210/3200/3200 2215/3198/3198
f 2614/3119/3119 2594/3074/3074 2209/3201/3201
f 2209/3201/3201 2210/3200/3200 2614/3119/3119
f 2590/3070/3070 2220/3202/3202 2226/3203/3203
f 2590/3070/3070 2221/3199/3199 2220/3202/3202
f 2613/3108/3108 2588/3068/3068 2231/3204/3204
f 2588/3068/3068 2624/3205/3205 2231/3204/3204
f 2613/3108/3108 2236/3206/3206 2241/3207/3207
f 2241/3207/3207 2586/3066/3066 2613/3108/3108
f 2612/3102/3102 2587/3067/3067 2246/3208/3208
f 2246/3208/3208 2251/3209/3209 2612/3102/3102
f 2611/3099/3099 2612/3102/3102 2256/3210/3210
f 2611/3099/3099 2262/3211/3211 2268/3212/3212
f 2256/3210/3210 2257/3213/3213 2611/3099/3099
f 2257/3213/3213 2262/3211/3211 2611/3099/3099
f 2592/3072/3072 2267/3214/3214 2273/3215/3215
f 2592/3072/3072 2268/3212/3212 2267/3214/3214
f 2609/3089/3089 2610/3092/3092 2278/3216/3216
f 2610/3092/3092 2593/3073/3073 2278/3216/3216
f 2278/3216/3216 2283/3171/3171 2609/3089/3089
f 2278/3216/3216 2593/3073/3073 2273/3215/3215
f 2273/3215/3215 2593/3073/3073 2592/3072/3072
f 2268/3212/3212 2592/3072/3072 2611/3099/3099
f 2251/3209/3209 2256/3210/3210 2612/3102/3102
f 2246/3208/3208 2587/3067/3067 2241/3207/3207
f 2241/3207/3207 2587/3067/3067 2586/3066/3066
f 2231/3204/3204 2236/3206/3206 2613/3108/3108
f 2231/3204/3204 2624/3205/3205 2226/3203/3203
f 2226/3203/3203 2624/3205/3205 2590/3070/3070
f 2221/3199/3199 2590/3070/3070 2614/3119/3119
f 2204/3197/3197 2209/3201/3201 2594/3074/3074
f 2199/3196/3196 2623/3195/3195 2193/3194/3194
f 2193/3194/3194 2623/3195/3195 2596/3076/3076
f 2372/3192/3192 2194/3193/3193 2615/3127/3127
f 2372/3192/3192 2600/3080/3080 2367/3191/3191
f 2367/3191/3191 2600/3080/3080 2616/3136/3136
f 2362/3188/3188 2616/3136/3136 2617/3139/3139
f 2345/3185/3185 2350/3186/3186 2607/3087/3087
f 2340/3184/3184 2606/3086/3086 2335/3183/3183
f 2335/3183/3183 2606/3086/3086 2618/3147/3147
f 2325/3181/3181 2330/3182/3182 2619/3148/3148
f 2325/3181/3181 2604/3084/3084 2320/3180/3180
f 2320/3180/3180 2604/3084/3084 2603/3083/3083
f 2315/3177/3177 2603/3083/3083 2621/3160/3160
f 2298/3174/3174 2303/3175/3175 2599/3079/3079
f 2293/3173/3173 2598/3078/3078 2288/3172/3172
f 2288/3172/3172 2598/3078/3078 2597/3077/3077
f 2474/3169/3169 2482/3090/3090 2609/3089/3089
f 2468/3168/3168 2473/3170/3170 2597/3077/3077
f 2462/3166/3166 2467/3167/3167 2622/3165/3165
f 2459/3164/3164 2622/3165/3165 2599/3079/3079
f 2581/3162/3162 2460/3163/3163 2621/3160/3160
f 2450/3159/3159 2621/3160/3160 2603/3083/3083
f 2443/3157/3157 2449/3158/3158 2620/3153/3153
f 2437/3154/3154 2444/3156/3156 2620/3153/3153
f 2582/3152/3152 2438/3155/3155 2605/3085/3085
f 2423/3149/3149 2431/3151/3151 2619/3148/3148
f 2417/3146/3146 2422/3150/3150 2618/3147/3147
f 2411/3144/3144 2416/3145/3145 2608/3088/3088
f 2408/3143/3143 2608/3088/3088 2607/3087/3087
f 2583/3141/3141 2409/3142/3142 2617/3139/3139
f 2399/3138/3138 2617/3139/3139 2616/3136/3136
f 2392/3135/3135 2398/3137/3137 2602/3082/3082
f 2386/3132/3132 2393/3134/3134 2602/3082/3082
f 2584/3131/3131 2387/3133/3133 2601/3081/3081
f 2576/3128/3128 2380/3130/3130 2615/3127/3127
f 2570/3126/3126 2575/3129/3129 2596/3076/3076
f 2564/3124/3124 2569/3125/3125 2595/3075/3075
f 2561/3123/3123 2595/3075/3075 2594/3074/3074
f 2577/3121/3121 2562/3122/3122 2614/3119/3119
f 2552/3118/3118 2614/3119/3119 2590/3070/3070
f 2545/3116/3116 2551/3117/3117 2589/3069/3069
f 2539/3113/3113 2546/3115/3115 2589/3069/3069
f 2578/3112/3112 2540/3114/3114 2588/3068/3068
f 2525/3109/3109 2533/3111/3111 2613/3108/3108
f 2519/3107/3107 2524/3110/3110 2586/3066/3066
f 2513/3105/3105 2518/3106/3106 2585/3065/3065
f 2510/3104/3104 2585/3065/3065 2612/3102/3102
f 2579/3101/3101 2511/3103/3103 2611/3099/3099
f 2501/3098/3098 2611/3099/3099 2592/3072/3072
f 2494/3096/3096 2500/3097/3097 2591/3071/3071
f 2488/3093/3093 2495/3095/3095 2591/3071/3071
f 2580/3091/3091 2489/3094/3094 2610/3092/3092
f 2608/3088/3088 2618/3147/3147 2606/3086/3086
f 2605/3085/3085 2620/3153/3153 2603/3083/3083
f 2602/3082/3082 2616/3136/3136 2600/3080/3080
f 2599/3079/3079 2622/3165/3165 2597/3077/3077
f 2596/3076/3076 2623/3195/3195 2594/3074/3074
f 2593/3073/3073 2610/3092/3092 2591/3071/3071
f 2590/3070/3070 2624/3205/3205 2588/3068/3068
f 2587/3067/3067 2612/3102/3102 2585/3065/3065
